city,hotel_name,price,currency,num_adults,num_children,num_nights,rating,reviews_count,location,distance_from_center,star_rating,property_type,room_type,free_cancellation,meal_plan,amenities,hotel_url,scraped_date
Cairo,Regant pyramids hotel,715,EGP,2,0,1,10,1,"Giza, Cairo",11.3 km from downtown,4,Hotel,Double Room,Yes,Breakfast included,"Hot tub/Jacuzzi, Spa, Bar",https://www.booking.com/hotel/eg/regant-pyramids.html?aid=304142&label=gen173nr-10CAQoggI46wdIMVgEaEOIAQGYATO4ARfIAQzYAQPoAQH4AQGIAgGoAgG4Aoy6_c8GwAIB0gIkZWYyZGFjNmEtZjE5MC00NzBhLThjOGQtY2QzMGM4ZjZmZjg52AIB4AIB&ucfs=1&arphpl=1&checkin=2026-06-01&checkout=2026-06-02&group_adults=2&req_adults=2&no_rooms=1&group_children=0&req_children=0&hpos=1&hapos=1&sr_order=popularity&srpvid=5a6c7206a05101b2&srepoch=1778343197&all_sr_blocks=1632825001_433769000_2_1_0&highlighted_blocks=1632825001_433769000_2_1_0&matching_block_id=1632825001_433769000_2_1_0&sr_pri_blocks=1632825001_433769000_2_1_0__1357&from=searchresults,5/9/2026
Cairo,Sky-lounge,3606,EGP,2,0,1,,,"Maadi, Cairo",10.2 km from downtown,,Apartment,Three-Bedroom Apartment,No,,Free parking,https://www.booking.com/hotel/eg/sky-lounge.html?aid=304142&label=gen173nr-10CAQoggI46wdIMVgEaEOIAQGYATO4ARfIAQzYAQPoAQH4AQGIAgGoAgG4Aoy6_c8GwAIB0gIkZWYyZGFjNmEtZjE5MC00NzBhLThjOGQtY2QzMGM4ZjZmZjg52AIB4AIB&ucfs=1&arphpl=1&checkin=2026-06-01&checkout=2026-06-02&group_adults=2&req_adults=2&no_rooms=1&group_children=0&req_children=0&hpos=2&hapos=2&sr_order=popularity&srpvid=5a6c7206a05101b2&srepoch=1778343197&all_sr_blocks=1422320301_413852787_2_0_0&highlighted_blocks=1422320301_413852787_2_0_0&matching_block_id=1422320301_413852787_2_0_0&sr_pri_blocks=1422320301_413852787_2_0_0__6840&from=searchresults,5/9/2026
Cairo,Hilton Cairo Grand Nile,5377,EGP,2,0,1,8,12311,Cairo,1.4 km from downtown,5,Hotel,Twin Guest room with Nile View,Yes,,"Hot tub/Jacuzzi, Spa",https://www.booking.com/hotel/eg/grand-nile-tower.html?aid=304142&label=gen173nr-10CAQoggI46wdIMVgEaEOIAQGYATO4ARfIAQzYAQPoAQH4AQGIAgGoAgG4Aoy6_c8GwAIB0gIkZWYyZGFjNmEtZjE5MC00NzBhLThjOGQtY2QzMGM4ZjZmZjg52AIB4AIB&ucfs=1&arphpl=1&checkin=2026-06-01&checkout=2026-06-02&group_adults=2&req_adults=2&no_rooms=1&group_children=0&req_children=0&hpos=3&hapos=3&sr_order=popularity&srpvid=5a6c7206a05101b2&srepoch=1778343197&all_sr_blocks=34835850_404461051_2_2_0&highlighted_blocks=34835850_404461051_2_2_0&matching_block_id=34835850_404461051_2_2_0&sr_pri_blocks=34835850_404461051_2_2_0__10200&from_sustainable_property_sr=1&from=searchresults,5/9/2026
Cairo,Agor-Cairo Hotel Downtown,7908,EGP,2,0,1,10,7,Cairo,0.8 km from downtown,4,Hotel,Deluxe Double or Twin Room with City View,Yes,Breakfast included,"Hot tub/Jacuzzi, Spa, Bar",https://www.booking.com/hotel/eg/agor-cairo-downtown.html?aid=304142&label=gen173nr-10CAQoggI46wdIMVgEaEOIAQGYATO4ARfIAQzYAQPoAQH4AQGIAgGoAgG4Aoy6_c8GwAIB0gIkZWYyZGFjNmEtZjE5MC00NzBhLThjOGQtY2QzMGM4ZjZmZjg52AIB4AIB&ucfs=1&arphpl=1&checkin=2026-06-01&checkout=2026-06-02&group_adults=2&req_adults=2&no_rooms=1&group_children=0&req_children=0&hpos=4&hapos=4&sr_order=popularity&srpvid=5a6c7206a05101b2&srepoch=1778343197&all_sr_blocks=1627777801_433411901_2_1_0&highlighted_blocks=1627777801_433411901_2_1_0&matching_block_id=1627777801_433411901_2_1_0&sr_pri_blocks=1627777801_433411901_2_1_0__15000&from=searchresults,5/9/2026
Cairo,gold cairo downtown,5272,EGP,2,0,1,,,Cairo,100 m from downtown,4,Hotel,Double Room,Yes,Breakfast included,"Hot tub/Jacuzzi, Spa, Bar",https://www.booking.com/hotel/eg/gold-cairo-downtown-bdyn.html?aid=304142&label=gen173nr-10CAQoggI46wdIMVgEaEOIAQGYATO4ARfIAQzYAQPoAQH4AQGIAgGoAgG4Aoy6_c8GwAIB0gIkZWYyZGFjNmEtZjE5MC00NzBhLThjOGQtY2QzMGM4ZjZmZjg52AIB4AIB&ucfs=1&arphpl=1&checkin=2026-06-01&checkout=2026-06-02&group_adults=2&req_adults=2&no_rooms=1&group_children=0&req_children=0&hpos=5&hapos=5&sr_order=popularity&srpvid=5a6c7206a05101b2&srepoch=1778343197&all_sr_blocks=1627836801_433416429_2_1_0&highlighted_blocks=1627836801_433416429_2_1_0&matching_block_id=1627836801_433416429_2_1_0&sr_pri_blocks=1627836801_433416429_2_1_0__10000&from=searchresults,5/9/2026
Cairo,cairoooo houb,2900,EGP,2,0,1,,,Cairo,200 m from downtown,4,Hotel,Deluxe Twin Room,Yes,Breakfast included,"Hot tub/Jacuzzi, Free parking, Spa",https://www.booking.com/hotel/eg/cairoooo-houb.html?aid=304142&label=gen173nr-10CAQoggI46wdIMVgEaEOIAQGYATO4ARfIAQzYAQPoAQH4AQGIAgGoAgG4Aoy6_c8GwAIB0gIkZWYyZGFjNmEtZjE5MC00NzBhLThjOGQtY2QzMGM4ZjZmZjg52AIB4AIB&ucfs=1&arphpl=1&checkin=2026-06-01&checkout=2026-06-02&group_adults=2&req_adults=2&no_rooms=1&group_children=0&req_children=0&hpos=6&hapos=6&sr_order=popularity&srpvid=5a6c7206a05101b2&srepoch=1778343197&all_sr_blocks=1624720301_433196695_2_1_0&highlighted_blocks=1624720301_433196695_2_1_0&matching_block_id=1624720301_433196695_2_1_0&sr_pri_blocks=1624720301_433196695_2_1_0__5500&from=searchresults,5/9/2026
Cairo,Ramses Hilton Hotel & Casino,5333,EGP,2,0,1,8.5,5243,Cairo,0.7 km from downtown,5,Hotel,King Room with City View,Yes,,"Heated pool, Bar",https://www.booking.com/hotel/eg/ramses-hilton.html?aid=304142&label=gen173nr-10CAQoggI46wdIMVgEaEOIAQGYATO4ARfIAQzYAQPoAQH4AQGIAgGoAgG4Aoy6_c8GwAIB0gIkZWYyZGFjNmEtZjE5MC00NzBhLThjOGQtY2QzMGM4ZjZmZjg52AIB4AIB&ucfs=1&arphpl=1&checkin=2026-06-01&checkout=2026-06-02&group_adults=2&req_adults=2&no_rooms=1&group_children=0&req_children=0&hpos=7&hapos=7&sr_order=popularity&srpvid=5a6c7206a05101b2&srepoch=1778343197&all_sr_blocks=4786409_274559468_2_42_0&highlighted_blocks=4786409_274559468_2_42_0&matching_block_id=4786409_274559468_2_42_0&sr_pri_blocks=4786409_274559468_2_42_0__10115&from_sustainable_property_sr=1&from=searchresults,5/9/2026
Cairo,Novotel Cairo Airport,4059,EGP,2,0,1,7.6,3572,"Heliopolis, Cairo",18.2 km from downtown,4,Hotel,Superior Twin Room,No,,"Hot tub/Jacuzzi, Airport shuttle (free)",https://www.booking.com/hotel/eg/novotel-cairo-airport.html?aid=304142&label=gen173nr-10CAQoggI46wdIMVgEaEOIAQGYATO4ARfIAQzYAQPoAQH4AQGIAgGoAgG4Aoy6_c8GwAIB0gIkZWYyZGFjNmEtZjE5MC00NzBhLThjOGQtY2QzMGM4ZjZmZjg52AIB4AIB&ucfs=1&arphpl=1&checkin=2026-06-01&checkout=2026-06-02&group_adults=2&req_adults=2&no_rooms=1&group_children=0&req_children=0&hpos=8&hapos=8&sr_order=popularity&srpvid=5a6c7206a05101b2&srepoch=1778343197&all_sr_blocks=1609509_95140744_2_42_0&highlighted_blocks=1609509_95140744_2_42_0&matching_block_id=1609509_95140744_2_42_0&sr_pri_blocks=1609509_95140744_2_42_0__7700&from_sustainable_property_sr=1&from=searchresults,5/9/2026
Cairo,Le Passage Cairo Hotel & Casino,4705,EGP,2,0,1,8.5,3755,"Heliopolis, Cairo",18.1 km from downtown,5,Hotel,Standard Double or Twin Room with Garden View,Yes,,"Airport shuttle (free), Bar, Restaurant",https://www.booking.com/hotel/eg/le-passage-cairo-hotel.html?aid=304142&label=gen173nr-10CAQoggI46wdIMVgEaEOIAQGYATO4ARfIAQzYAQPoAQH4AQGIAgGoAgG4Aoy6_c8GwAIB0gIkZWYyZGFjNmEtZjE5MC00NzBhLThjOGQtY2QzMGM4ZjZmZjg52AIB4AIB&ucfs=1&arphpl=1&checkin=2026-06-01&checkout=2026-06-02&group_adults=2&req_adults=2&no_rooms=1&group_children=0&req_children=0&hpos=9&hapos=9&sr_order=popularity&srpvid=5a6c7206a05101b2&srepoch=1778343229&all_sr_blocks=17143701_398602674_2_42_0&highlighted_blocks=17143701_398602674_2_42_0&matching_block_id=17143701_398602674_2_42_0&sr_pri_blocks=17143701_398602674_2_42_0__8925&from=searchresults,5/9/2026
Cairo,Holiday Inn Citystars by IHG,4705,EGP,2,0,1,7.6,1757,"Nasr City, Cairo",10.9 km from downtown,5,Inn,Standard Twin Room - Smoking,Yes,,"Restaurant, 24-hour front desk",https://www.booking.com/hotel/eg/holiday-inn.html?aid=304142&label=gen173nr-10CAQoggI46wdIMVgEaEOIAQGYATO4ARfIAQzYAQPoAQH4AQGIAgGoAgG4Aoy6_c8GwAIB0gIkZWYyZGFjNmEtZjE5MC00NzBhLThjOGQtY2QzMGM4ZjZmZjg52AIB4AIB&ucfs=1&arphpl=1&checkin=2026-06-01&checkout=2026-06-02&group_adults=2&req_adults=2&no_rooms=1&group_children=0&req_children=0&hpos=10&hapos=10&sr_order=popularity&srpvid=5a6c7206a05101b2&srepoch=1778343229&all_sr_blocks=2971015_277285106_2_2_0&highlighted_blocks=2971015_277285106_2_2_0&matching_block_id=2971015_277285106_2_2_0&sr_pri_blocks=2971015_277285106_2_2_0__8925&from=searchresults,5/9/2026
Cairo,Skyline luxury hotel apartments 5 mins from Cairo Airport,1318,EGP,2,0,1,7.7,570,"Heliopolis, Cairo",15.8 km from downtown,3,Apartment,Standard Twin Room with Shared Bathroom,Yes,,Free Wifi,https://www.booking.com/hotel/eg/heliopolis-rock-luxury-suite.html?aid=304142&label=gen173nr-10CAQoggI46wdIMVgEaEOIAQGYATO4ARfIAQzYAQPoAQH4AQGIAgGoAgG4Aoy6_c8GwAIB0gIkZWYyZGFjNmEtZjE5MC00NzBhLThjOGQtY2QzMGM4ZjZmZjg52AIB4AIB&ucfs=1&arphpl=1&checkin=2026-06-01&checkout=2026-06-02&group_adults=2&req_adults=2&no_rooms=1&group_children=0&req_children=0&hpos=11&hapos=11&sr_order=popularity&srpvid=5a6c7206a05101b2&srepoch=1778343229&all_sr_blocks=1286051509_401547226_2_0_0_657050&highlighted_blocks=1286051509_401547226_2_0_0_657050&matching_block_id=1286051509_401547226_2_0_0_657050&sr_pri_blocks=1286051509_401547226_2_0_0_657050_2500&from=searchresults,5/9/2026
Cairo,Azor pyramids hotel,577,EGP,2,0,1,10,7,"Giza, Cairo",11.6 km from downtown,5,Hotel,Double Room,Yes,Breakfast included,"Free parking, Airport shuttle (free), Bar",https://www.booking.com/hotel/eg/azor-pyramids.html?aid=304142&label=gen173nr-10CAQoggI46wdIMVgEaEOIAQGYATO4ARfIAQzYAQPoAQH4AQGIAgGoAgG4Aoy6_c8GwAIB0gIkZWYyZGFjNmEtZjE5MC00NzBhLThjOGQtY2QzMGM4ZjZmZjg52AIB4AIB&ucfs=1&arphpl=1&checkin=2026-06-01&checkout=2026-06-02&group_adults=2&req_adults=2&no_rooms=1&group_children=0&req_children=0&hpos=12&hapos=12&sr_order=popularity&srpvid=5a6c7206a05101b2&srepoch=1778343229&all_sr_blocks=1629984903_433562863_2_41_0&highlighted_blocks=1629984903_433562863_2_41_0&matching_block_id=1629984903_433562863_2_41_0&sr_pri_blocks=1629984903_433562863_2_41_0__1094&from=searchresults,5/9/2026
Cairo,"Radisson Blu Hotel, Cairo Heliopolis",4983,EGP,2,0,1,8,6318,"Heliopolis, Cairo",15.1 km from downtown,4,Hotel,Superior Room,No,,"Hot tub/Jacuzzi, Spa, Bar",https://www.booking.com/hotel/eg/radisson-blu-cairo-heliopolis.html?aid=304142&label=gen173nr-10CAQoggI46wdIMVgEaEOIAQGYATO4ARfIAQzYAQPoAQH4AQGIAgGoAgG4Aoy6_c8GwAIB0gIkZWYyZGFjNmEtZjE5MC00NzBhLThjOGQtY2QzMGM4ZjZmZjg52AIB4AIB&ucfs=1&arphpl=1&checkin=2026-06-01&checkout=2026-06-02&group_adults=2&req_adults=2&no_rooms=1&group_children=0&req_children=0&hpos=13&hapos=13&sr_order=popularity&srpvid=5a6c7206a05101b2&srepoch=1778343229&all_sr_blocks=17387302_97776922_2_42_0&highlighted_blocks=17387302_97776922_2_42_0&matching_block_id=17387302_97776922_2_42_0&sr_pri_blocks=17387302_97776922_2_42_0__9452&from=searchresults,5/9/2026
Cairo,Horus Cairo Hotel Downtown,5272,EGP,2,0,1,10,1,Cairo,300 m from downtown,3,Hotel,Deluxe Double or Twin Room with Balcony,Yes,Breakfast included,"Free Wifi, 24-hour front desk",https://www.booking.com/hotel/eg/horus-cairo-downtown.html?aid=304142&label=gen173nr-10CAQoggI46wdIMVgEaEOIAQGYATO4ARfIAQzYAQPoAQH4AQGIAgGoAgG4Aoy6_c8GwAIB0gIkZWYyZGFjNmEtZjE5MC00NzBhLThjOGQtY2QzMGM4ZjZmZjg52AIB4AIB&ucfs=1&arphpl=1&checkin=2026-06-01&checkout=2026-06-02&group_adults=2&req_adults=2&no_rooms=1&group_children=0&req_children=0&hpos=14&hapos=14&sr_order=popularity&srpvid=5a6c7206a05101b2&srepoch=1778343229&all_sr_blocks=1616889601_432549484_2_1_0&highlighted_blocks=1616889601_432549484_2_1_0&matching_block_id=1616889601_432549484_2_1_0&sr_pri_blocks=1616889601_432549484_2_1_0__10000&from=searchresults,5/9/2026
Cairo,Baron Hotel Cairo,5186,EGP,2,0,1,8.5,3115,"Heliopolis, Cairo",10.3 km from downtown,4,Hotel,Superior Double or Twin Room,Yes,,"Spa, Bar",https://www.booking.com/hotel/eg/baron-heliopolis.html?aid=304142&label=gen173nr-10CAQoggI46wdIMVgEaEOIAQGYATO4ARfIAQzYAQPoAQH4AQGIAgGoAgG4Aoy6_c8GwAIB0gIkZWYyZGFjNmEtZjE5MC00NzBhLThjOGQtY2QzMGM4ZjZmZjg52AIB4AIB&ucfs=1&arphpl=1&checkin=2026-06-01&checkout=2026-06-02&group_adults=2&req_adults=2&no_rooms=1&group_children=0&req_children=0&hpos=15&hapos=15&sr_order=popularity&srpvid=5a6c7206a05101b2&srepoch=1778343229&all_sr_blocks=25756711_402303181_2_42_0&highlighted_blocks=25756711_402303181_2_42_0&matching_block_id=25756711_402303181_2_42_0&sr_pri_blocks=25756711_402303181_2_42_0__9836&from_sustainable_property_sr=1&from=searchresults,5/9/2026
Cairo,City Stars Hotel,1459,EGP,2,0,1,6.9,944,"Downtown Cairo, Cairo",100 m from downtown,3,Hotel,Budget Double Room,Yes,Breakfast included,"Restaurant, Free Wifi, 24-hour front desk",https://www.booking.com/hotel/eg/city-stars-cairo.html?aid=304142&label=gen173nr-10CAQoggI46wdIMVgEaEOIAQGYATO4ARfIAQzYAQPoAQH4AQGIAgGoAgG4Aoy6_c8GwAIB0gIkZWYyZGFjNmEtZjE5MC00NzBhLThjOGQtY2QzMGM4ZjZmZjg52AIB4AIB&ucfs=1&arphpl=1&checkin=2026-06-01&checkout=2026-06-02&group_adults=2&req_adults=2&no_rooms=1&group_children=0&req_children=0&hpos=16&hapos=16&sr_order=popularity&srpvid=5a6c7206a05101b2&srepoch=1778343229&all_sr_blocks=1219032305_413281741_2_1_0_822354&highlighted_blocks=1219032305_413281741_2_1_0_822354&matching_block_id=1219032305_413281741_2_1_0_822354&sr_pri_blocks=1219032305_413281741_2_1_0_822354_2768&from=searchresults,5/9/2026
Cairo,"Golden Park Hotel Cairo, Heliopolis",2278,EGP,2,0,1,7.1,1404,"Heliopolis, Cairo",13.7 km from downtown,3,Hotel,Standard Double or Twin Room,Yes,,"Adults only, Bar, Restaurant",https://www.booking.com/hotel/eg/golden-park.html?aid=304142&label=gen173nr-10CAQoggI46wdIMVgEaEOIAQGYATO4ARfIAQzYAQPoAQH4AQGIAgGoAgG4Aoy6_c8GwAIB0gIkZWYyZGFjNmEtZjE5MC00NzBhLThjOGQtY2QzMGM4ZjZmZjg52AIB4AIB&ucfs=1&arphpl=1&checkin=2026-06-01&checkout=2026-06-02&group_adults=2&req_adults=2&no_rooms=1&group_children=0&req_children=0&hpos=17&hapos=17&sr_order=popularity&srpvid=5a6c7206a05101b2&srepoch=1778343229&all_sr_blocks=73852702_431340150_2_10_0_1204109&highlighted_blocks=73852702_431340150_2_10_0_1204109&matching_block_id=73852702_431340150_2_10_0_1204109&sr_pri_blocks=73852702_431340150_2_10_0_1204109_4320&from=searchresults,5/9/2026
Cairo,Novotel Cairo El Borg,5799,EGP,2,0,1,8.6,2386,"Gezira, Cairo (Gezira)",0.8 km from downtown,4,Hotel,Superior Twin Room - City Side,No,Breakfast included,"Hot tub/Jacuzzi, Heated pool",https://www.booking.com/hotel/eg/novotel-cairo-el-borg.html?aid=304142&label=gen173nr-10CAQoggI46wdIMVgEaEOIAQGYATO4ARfIAQzYAQPoAQH4AQGIAgGoAgG4Aoy6_c8GwAIB0gIkZWYyZGFjNmEtZjE5MC00NzBhLThjOGQtY2QzMGM4ZjZmZjg52AIB4AIB&ucfs=1&arphpl=1&checkin=2026-06-01&checkout=2026-06-02&group_adults=2&req_adults=2&no_rooms=1&group_children=0&req_children=0&hpos=18&hapos=18&sr_order=popularity&srpvid=5a6c7206a05101b2&srepoch=1778343229&all_sr_blocks=4862201_117034950_2_41_0&highlighted_blocks=4862201_117034950_2_41_0&matching_block_id=4862201_117034950_2_41_0&sr_pri_blocks=4862201_117034950_2_41_0__11000&from_sustainable_property_sr=1&from=searchresults,5/9/2026
Cairo,Pyramisa Suites Hotel Cairo,4569,EGP,2,0,1,8.5,13240,Cairo,1.8 km from downtown,5,Hotel,Deluxe Twin Room,Yes,,"Bar, Restaurant, Free Wifi",https://www.booking.com/hotel/eg/pyramisa-suites-casino-cairo.html?aid=304142&label=gen173nr-10CAQoggI46wdIMVgEaEOIAQGYATO4ARfIAQzYAQPoAQH4AQGIAgGoAgG4Aoy6_c8GwAIB0gIkZWYyZGFjNmEtZjE5MC00NzBhLThjOGQtY2QzMGM4ZjZmZjg52AIB4AIB&ucfs=1&arphpl=1&checkin=2026-06-01&checkout=2026-06-02&group_adults=2&req_adults=2&no_rooms=1&group_children=0&req_children=0&hpos=19&hapos=19&sr_order=popularity&srpvid=5a6c7206a05101b2&srepoch=1778343229&all_sr_blocks=1603140_244505030_2_42_0&highlighted_blocks=1603140_244505030_2_42_0&matching_block_id=1603140_244505030_2_42_0&sr_pri_blocks=1603140_244505030_2_42_0__8666&from=searchresults,5/9/2026
Cairo,City Hotel,1063,EGP,2,0,1,8,936,Cairo,150 m from downtown,,Hotel,Deluxe Double Room,Yes,,"Free Wifi, 24-hour front desk",https://www.booking.com/hotel/eg/city.html?aid=304142&label=gen173nr-10CAQoggI46wdIMVgEaEOIAQGYATO4ARfIAQzYAQPoAQH4AQGIAgGoAgG4Aoy6_c8GwAIB0gIkZWYyZGFjNmEtZjE5MC00NzBhLThjOGQtY2QzMGM4ZjZmZjg52AIB4AIB&ucfs=1&arphpl=1&checkin=2026-06-01&checkout=2026-06-02&group_adults=2&req_adults=2&no_rooms=1&group_children=0&req_children=0&hpos=20&hapos=20&sr_order=popularity&srpvid=5a6c7206a05101b2&srepoch=1778343229&all_sr_blocks=218266202_179863131_2_2_0&highlighted_blocks=218266202_179863131_2_2_0&matching_block_id=218266202_179863131_2_2_0&sr_pri_blocks=218266202_179863131_2_2_0__2016&from=searchresults,5/9/2026
Cairo,New tutt pyramids view,685,EGP,2,0,1,10,10,"Giza, Cairo",12.1 km from downtown,3,Hotel,Budget Double Room,Yes,,"Hot tub/Jacuzzi, Free parking, Spa",https://www.booking.com/hotel/eg/new-anobis-pyramids-view.html?aid=304142&label=gen173nr-10CAQoggI46wdIMVgEaEOIAQGYATO4ARfIAQzYAQPoAQH4AQGIAgGoAgG4Aoy6_c8GwAIB0gIkZWYyZGFjNmEtZjE5MC00NzBhLThjOGQtY2QzMGM4ZjZmZjg52AIB4AIB&ucfs=1&arphpl=1&checkin=2026-06-01&checkout=2026-06-02&group_adults=2&req_adults=2&no_rooms=1&group_children=0&req_children=0&hpos=21&hapos=21&sr_order=popularity&srpvid=5a6c7206a05101b2&srepoch=1778343229&all_sr_blocks=1614418235_432320741_2_0_0&highlighted_blocks=1614418235_432320741_2_0_0&matching_block_id=1614418235_432320741_2_0_0&sr_pri_blocks=1614418235_432320741_2_0_0__1300&from=searchresults,5/9/2026
Cairo,Le Meridien Cairo Airport,7170,EGP,2,0,1,8.9,5537,"Heliopolis, Cairo",17.2 km from downtown,5,Hotel,"Deluxe, Guest room, 1 King, Airport view",No,,"Heated pool, Bar, Restaurant",https://www.booking.com/hotel/eg/le-meridien-cairo-airport.html?aid=304142&label=gen173nr-10CAQoggI46wdIMVgEaEOIAQGYATO4ARfIAQzYAQPoAQH4AQGIAgGoAgG4Aoy6_c8GwAIB0gIkZWYyZGFjNmEtZjE5MC00NzBhLThjOGQtY2QzMGM4ZjZmZjg52AIB4AIB&ucfs=1&arphpl=1&checkin=2026-06-01&checkout=2026-06-02&group_adults=2&req_adults=2&no_rooms=1&group_children=0&req_children=0&hpos=22&hapos=22&sr_order=popularity&srpvid=5a6c7206a05101b2&srepoch=1778343229&all_sr_blocks=67662908_94500331_2_42_0_1121292&highlighted_blocks=67662908_94500331_2_42_0_1121292&matching_block_id=67662908_94500331_2_42_0_1121292&sr_pri_blocks=67662908_94500331_2_42_0_1121292_13600&from=searchresults,5/9/2026
Cairo,The President Hotel Cairo,3884,EGP,2,0,1,8.5,1732,"Zamalek, Cairo (Gezira)",3 km from downtown,3,Hotel,Deluxe Double or Twin Room,No,,"Spa, Bar, Restaurant",https://www.booking.com/hotel/eg/president.html?aid=304142&label=gen173nr-10CAQoggI46wdIMVgEaEOIAQGYATO4ARfIAQzYAQPoAQH4AQGIAgGoAgG4Aoy6_c8GwAIB0gIkZWYyZGFjNmEtZjE5MC00NzBhLThjOGQtY2QzMGM4ZjZmZjg52AIB4AIB&ucfs=1&arphpl=1&checkin=2026-06-01&checkout=2026-06-02&group_adults=2&req_adults=2&no_rooms=1&group_children=0&req_children=0&hpos=23&hapos=23&sr_order=popularity&srpvid=5a6c7206a05101b2&srepoch=1778343229&all_sr_blocks=41602710_107300132_2_34_0_431859&highlighted_blocks=41602710_107300132_2_34_0_431859&matching_block_id=41602710_107300132_2_34_0_431859&sr_pri_blocks=41602710_107300132_2_34_0_431859_7368&from=searchresults,5/9/2026
Cairo,Hyatt Regency Cairo West,7275,EGP,2,0,1,9.1,1625,Cairo,15.9 km from downtown,5,Hotel,King Room,No,,"Hot tub/Jacuzzi, Heated pool, Spa",https://www.booking.com/hotel/eg/hyatt-regency-cairo-west.html?aid=304142&label=gen173nr-10CAQoggI46wdIMVgEaEOIAQGYATO4ARfIAQzYAQPoAQH4AQGIAgGoAgG4Aoy6_c8GwAIB0gIkZWYyZGFjNmEtZjE5MC00NzBhLThjOGQtY2QzMGM4ZjZmZjg52AIB4AIB&ucfs=1&arphpl=1&checkin=2026-06-01&checkout=2026-06-02&group_adults=2&req_adults=2&no_rooms=1&group_children=0&req_children=0&hpos=24&hapos=24&sr_order=popularity&srpvid=5a6c7206a05101b2&srepoch=1778343229&all_sr_blocks=670212702_335445746_2_42_0&highlighted_blocks=670212702_335445746_2_42_0&matching_block_id=670212702_335445746_2_42_0&sr_pri_blocks=670212702_335445746_2_42_0__13800&from=searchresults,5/9/2026
Cairo,Town View Hotel,968,EGP,2,0,1,6.8,1454,"Downtown Cairo, Cairo",350 m from downtown,,Hotel,Deluxe Double Room,Yes,Breakfast included,"Airport shuttle (free), Restaurant, Free Wifi",https://www.booking.com/hotel/eg/town-view-cairo1.html?aid=304142&label=gen173nr-10CAQoggI46wdIMVgEaEOIAQGYATO4ARfIAQzYAQPoAQH4AQGIAgGoAgG4Aoy6_c8GwAIB0gIkZWYyZGFjNmEtZjE5MC00NzBhLThjOGQtY2QzMGM4ZjZmZjg52AIB4AIB&ucfs=1&arphpl=1&checkin=2026-06-01&checkout=2026-06-02&group_adults=2&req_adults=2&no_rooms=1&group_children=0&req_children=0&hpos=25&hapos=25&sr_order=popularity&srpvid=5a6c7206a05101b2&srepoch=1778343229&all_sr_blocks=841090802_414575040_0_1_0&highlighted_blocks=841090802_414575040_0_1_0&matching_block_id=841090802_414575040_0_1_0&sr_pri_blocks=841090802_414575040_0_1_0__1836&from=searchresults,5/9/2026
Cairo,MIRA Holiday Home,2214,EGP,2,0,1,9.4,95,"Nasr City, Cairo",10.5 km from downtown,,Hotel,Studio with Balcony,Yes,,"Adults only, Free Wifi, 24-hour front desk",https://www.booking.com/hotel/eg/mira-residence.html?aid=304142&label=gen173nr-10CAQoggI46wdIMVgEaEOIAQGYATO4ARfIAQzYAQPoAQH4AQGIAgGoAgG4Aoy6_c8GwAIB0gIkZWYyZGFjNmEtZjE5MC00NzBhLThjOGQtY2QzMGM4ZjZmZjg52AIB4AIB&ucfs=1&arphpl=1&checkin=2026-06-01&checkout=2026-06-02&group_adults=2&req_adults=2&no_rooms=1&group_children=0&req_children=0&hpos=1&hapos=26&sr_order=popularity&srpvid=5a6c7206a05101b2&srepoch=1778343193&all_sr_blocks=1365519003_408843819_0_2_0&highlighted_blocks=1365519003_408843819_0_2_0&matching_block_id=1365519003_408843819_0_2_0&sr_pri_blocks=1365519003_408843819_0_2_0__4200&from=searchresults,5/9/2026
Cairo,Concorde El Salam Cairo Hotel & Casino,5238,EGP,2,0,1,8.7,2804,"Heliopolis, Cairo",13.9 km from downtown,5,Hotel,Special Offer - Standard Room - Egyptians Only,No,,"Hot tub/Jacuzzi, Heated pool, Airport shuttle (free)",https://www.booking.com/hotel/eg/concorde-el-salam-hotel-cairo.html?aid=304142&label=gen173nr-10CAQoggI46wdIMVgEaEOIAQGYATO4ARfIAQzYAQPoAQH4AQGIAgGoAgG4Aoy6_c8GwAIB0gIkZWYyZGFjNmEtZjE5MC00NzBhLThjOGQtY2QzMGM4ZjZmZjg52AIB4AIB&ucfs=1&arphpl=1&checkin=2026-06-01&checkout=2026-06-02&group_adults=2&req_adults=2&no_rooms=1&group_children=0&req_children=0&hpos=2&hapos=27&sr_order=popularity&srpvid=5a6c7206a05101b2&srepoch=1778343193&all_sr_blocks=1601426_95140680_2_42_0_706665&highlighted_blocks=1601426_95140680_2_42_0_706665&matching_block_id=1601426_95140680_2_42_0_706665&sr_pri_blocks=1601426_95140680_2_42_0_706665_9936&from=searchresults,5/9/2026
Cairo,La Boutique Hôtel - Vue Des Pyramides,2067,EGP,2,0,1,8.4,454,"Giza, Cairo",11.7 km from downtown,,Hotel,Double Room with City View,No,Breakfast included,"Bar, Restaurant, Free Wifi",https://www.booking.com/hotel/eg/la-boutique-vue-des-pyramides-giza-city.html?aid=304142&label=gen173nr-10CAQoggI46wdIMVgEaEOIAQGYATO4ARfIAQzYAQPoAQH4AQGIAgGoAgG4Aoy6_c8GwAIB0gIkZWYyZGFjNmEtZjE5MC00NzBhLThjOGQtY2QzMGM4ZjZmZjg52AIB4AIB&ucfs=1&arphpl=1&checkin=2026-06-01&checkout=2026-06-02&group_adults=2&req_adults=2&no_rooms=1&group_children=0&req_children=0&hpos=3&hapos=28&sr_order=popularity&srpvid=5a6c7206a05101b2&srepoch=1778343193&all_sr_blocks=1281739601_401092616_2_1_0&highlighted_blocks=1281739601_401092616_2_1_0&matching_block_id=1281739601_401092616_2_1_0&sr_pri_blocks=1281739601_401092616_2_1_0__3920&from=searchresults,5/9/2026
Cairo,Hilton Cairo Heliopolis Hotel,7842,EGP,2,0,1,8.1,1975,"Heliopolis, Cairo",14 km from downtown,5,Hotel,King Guest Room,Yes,,"Hot tub/Jacuzzi, Heated pool",https://www.booking.com/hotel/eg/hilton-cairo-heliopolis-hotel.html?aid=304142&label=gen173nr-10CAQoggI46wdIMVgEaEOIAQGYATO4ARfIAQzYAQPoAQH4AQGIAgGoAgG4Aoy6_c8GwAIB0gIkZWYyZGFjNmEtZjE5MC00NzBhLThjOGQtY2QzMGM4ZjZmZjg52AIB4AIB&ucfs=1&arphpl=1&checkin=2026-06-01&checkout=2026-06-02&group_adults=2&req_adults=2&no_rooms=1&group_children=0&req_children=0&hpos=4&hapos=29&sr_order=popularity&srpvid=5a6c7206a05101b2&srepoch=1778343193&all_sr_blocks=4469128_274559316_2_2_0&highlighted_blocks=4469128_274559316_2_2_0&matching_block_id=4469128_274559316_2_2_0&sr_pri_blocks=4469128_274559316_2_2_0__14875&from_sustainable_property_sr=1&from=searchresults,5/9/2026
Cairo,Pyramids Park Resort Cairo,4850,EGP,2,0,1,8.4,694,"Giza, Cairo",12.5 km from downtown,4,Resort,Standard Twin Room,Yes,,"Hot tub/Jacuzzi, Spa, Bar",https://www.booking.com/hotel/eg/pyramids-park-resort-cairo.html?aid=304142&label=gen173nr-10CAQoggI46wdIMVgEaEOIAQGYATO4ARfIAQzYAQPoAQH4AQGIAgGoAgG4Aoy6_c8GwAIB0gIkZWYyZGFjNmEtZjE5MC00NzBhLThjOGQtY2QzMGM4ZjZmZjg52AIB4AIB&ucfs=1&arphpl=1&checkin=2026-06-01&checkout=2026-06-02&group_adults=2&req_adults=2&no_rooms=1&group_children=0&req_children=0&hpos=5&hapos=30&sr_order=popularity&srpvid=5a6c7206a05101b2&srepoch=1778343193&all_sr_blocks=25624418_352790100_2_42_0_862370&highlighted_blocks=25624418_352790100_2_42_0_862370&matching_block_id=25624418_352790100_2_42_0_862370&sr_pri_blocks=25624418_352790100_2_42_0_862370_9200&from=searchresults,5/9/2026
Cairo,"The Nile Ritz-Carlton, Cairo",10017,EGP,2,0,1,8.8,1406,"Downtown Cairo, Cairo",350 m from downtown,5,Hotel,"Deluxe room, 1 King",Yes,,"Heated pool, Spa, Bar",https://www.booking.com/hotel/eg/the-nile-ritz-carlton-cairo.html?aid=304142&label=gen173nr-10CAQoggI46wdIMVgEaEOIAQGYATO4ARfIAQzYAQPoAQH4AQGIAgGoAgG4Aoy6_c8GwAIB0gIkZWYyZGFjNmEtZjE5MC00NzBhLThjOGQtY2QzMGM4ZjZmZjg52AIB4AIB&ucfs=1&arphpl=1&checkin=2026-06-01&checkout=2026-06-02&group_adults=2&req_adults=2&no_rooms=1&group_children=0&req_children=0&hpos=6&hapos=31&sr_order=popularity&srpvid=5a6c7206a05101b2&srepoch=1778343193&all_sr_blocks=146845405_246433301_2_34_0&highlighted_blocks=146845405_246433301_2_34_0&matching_block_id=146845405_246433301_2_34_0&sr_pri_blocks=146845405_246433301_2_34_0__19000&from=searchresults,5/9/2026
Cairo,Waldorf Astoria Cairo Heliopolis,10307,EGP,2,0,1,9.2,783,"Heliopolis, Cairo",14.3 km from downtown,5,Hotel,Deluxe King Room,Yes,,"Heated pool, Spa",https://www.booking.com/hotel/eg/fairmont-towers.html?aid=304142&label=gen173nr-10CAQoggI46wdIMVgEaEOIAQGYATO4ARfIAQzYAQPoAQH4AQGIAgGoAgG4Aoy6_c8GwAIB0gIkZWYyZGFjNmEtZjE5MC00NzBhLThjOGQtY2QzMGM4ZjZmZjg52AIB4AIB&ucfs=1&arphpl=1&checkin=2026-06-01&checkout=2026-06-02&group_adults=2&req_adults=2&no_rooms=1&group_children=0&req_children=0&hpos=7&hapos=32&sr_order=popularity&srpvid=5a6c7206a05101b2&srepoch=1778343193&all_sr_blocks=2794533_266269444_2_2_0&highlighted_blocks=2794533_266269444_2_2_0&matching_block_id=2794533_266269444_2_2_0&sr_pri_blocks=2794533_266269444_2_2_0__19550&from_sustainable_property_sr=1&from=searchresults,5/9/2026
Cairo,Tolip El Narges,5294,EGP,2,0,1,7.9,790,"New Cairo City, Cairo",22.3 km from downtown,5,Hotel,Standard Room (Pool View),No,,"Heated pool, Free parking, Bar",https://www.booking.com/hotel/eg/tolip-el-narges.html?aid=304142&label=gen173nr-10CAQoggI46wdIMVgEaEOIAQGYATO4ARfIAQzYAQPoAQH4AQGIAgGoAgG4Aoy6_c8GwAIB0gIkZWYyZGFjNmEtZjE5MC00NzBhLThjOGQtY2QzMGM4ZjZmZjg52AIB4AIB&ucfs=1&arphpl=1&checkin=2026-06-01&checkout=2026-06-02&group_adults=2&req_adults=2&no_rooms=1&group_children=0&req_children=0&hpos=8&hapos=33&sr_order=popularity&srpvid=5a6c7206a05101b2&srepoch=1778343193&all_sr_blocks=179504502_91237871_2_2_0&highlighted_blocks=179504502_91237871_2_2_0&matching_block_id=179504502_91237871_2_2_0&sr_pri_blocks=179504502_91237871_2_2_0__10041&from=searchresults,5/9/2026
Cairo,SunSet pyramids view Inn,453,EGP,2,0,1,9,25,"Giza, Cairo",10.5 km from downtown,2,Inn,Double Room with Terrace,Yes,Breakfast included,"Free parking, Free Wifi, 24-hour front desk",https://www.booking.com/hotel/eg/sunset-pyramids-view-inn-lhrm.html?aid=304142&label=gen173nr-10CAQoggI46wdIMVgEaEOIAQGYATO4ARfIAQzYAQPoAQH4AQGIAgGoAgG4Aoy6_c8GwAIB0gIkZWYyZGFjNmEtZjE5MC00NzBhLThjOGQtY2QzMGM4ZjZmZjg52AIB4AIB&ucfs=1&arphpl=1&checkin=2026-06-01&checkout=2026-06-02&group_adults=2&req_adults=2&no_rooms=1&group_children=0&req_children=0&hpos=9&hapos=34&sr_order=popularity&srpvid=5a6c7206a05101b2&srepoch=1778343193&all_sr_blocks=1431541902_414773310_2_1_0_1110781&highlighted_blocks=1431541902_414773310_2_1_0_1110781&matching_block_id=1431541902_414773310_2_1_0_1110781&sr_pri_blocks=1431541902_414773310_2_1_0_1110781_860&from=searchresults,5/9/2026
Cairo,Triumph Luxury Hotel,8435,EGP,2,0,1,9,1542,"New Cairo City, Cairo",16.7 km from downtown,5,Hotel,Egyptians and Residents Only - Deluxe City Room,Yes,Breakfast included,"Hot tub/Jacuzzi, Heated pool, Spa",https://www.booking.com/hotel/eg/triumph-luxury.html?aid=304142&label=gen173nr-10CAQoggI46wdIMVgEaEOIAQGYATO4ARfIAQzYAQPoAQH4AQGIAgGoAgG4Aoy6_c8GwAIB0gIkZWYyZGFjNmEtZjE5MC00NzBhLThjOGQtY2QzMGM4ZjZmZjg52AIB4AIB&ucfs=1&arphpl=1&checkin=2026-06-01&checkout=2026-06-02&group_adults=2&req_adults=2&no_rooms=1&group_children=0&req_children=0&hpos=10&hapos=35&sr_order=popularity&srpvid=5a6c7206a05101b2&srepoch=1778343193&all_sr_blocks=405088745_339789753_2_33_0_1085119&highlighted_blocks=405088745_339789753_2_33_0_1085119&matching_block_id=405088745_339789753_2_33_0_1085119&sr_pri_blocks=405088745_339789753_2_33_0_1085119_16000&from=searchresults,5/9/2026
Cairo,Kove Hotel by The Pyramids,3756,EGP,2,0,1,8.7,552,"Giza, Cairo",11.7 km from downtown,4,Hotel,Standard Double Room,No,Breakfast included,"Hot tub/Jacuzzi, Restaurant, Free Wifi",https://www.booking.com/hotel/eg/kove-by-the-pyramids.html?aid=304142&label=gen173nr-10CAQoggI46wdIMVgEaEOIAQGYATO4ARfIAQzYAQPoAQH4AQGIAgGoAgG4Aoy6_c8GwAIB0gIkZWYyZGFjNmEtZjE5MC00NzBhLThjOGQtY2QzMGM4ZjZmZjg52AIB4AIB&ucfs=1&arphpl=1&checkin=2026-06-01&checkout=2026-06-02&group_adults=2&req_adults=2&no_rooms=1&group_children=0&req_children=0&hpos=11&hapos=36&sr_order=popularity&srpvid=5a6c7206a05101b2&srepoch=1778343193&all_sr_blocks=1258569602_412047759_2_1_0&highlighted_blocks=1258569602_412047759_2_1_0&matching_block_id=1258569602_412047759_2_1_0&sr_pri_blocks=1258569602_412047759_2_1_0__7125&from=searchresults,5/9/2026
Cairo,fox pyramids roof top,1329,EGP,2,0,1,10,6,"Giza, Cairo",10.7 km from downtown,3,Hotel,Budget Double Room,Yes,Breakfast included,"Free parking, Bar, Restaurant",https://www.booking.com/hotel/eg/fox-pyramids-view-lhrm.html?aid=304142&label=gen173nr-10CAQoggI46wdIMVgEaEOIAQGYATO4ARfIAQzYAQPoAQH4AQGIAgGoAgG4Aoy6_c8GwAIB0gIkZWYyZGFjNmEtZjE5MC00NzBhLThjOGQtY2QzMGM4ZjZmZjg52AIB4AIB&ucfs=1&arphpl=1&checkin=2026-06-01&checkout=2026-06-02&group_adults=2&req_adults=2&no_rooms=1&group_children=0&req_children=0&hpos=12&hapos=37&sr_order=popularity&srpvid=5a6c7206a05101b2&srepoch=1778343193&all_sr_blocks=1582598401_429754694_2_1_0&highlighted_blocks=1582598401_429754694_2_1_0&matching_block_id=1582598401_429754694_2_1_0&sr_pri_blocks=1582598401_429754694_2_1_0__2520&from=searchresults,5/9/2026
Cairo,Golden Carven Hotel,1699,EGP,2,0,1,7.2,1042,"Heliopolis, Cairo",11 km from downtown,3,Hotel,Standard Double Room,No,,"Bar, Restaurant, Free Wifi",https://www.booking.com/hotel/eg/the-karvin.html?aid=304142&label=gen173nr-10CAQoggI46wdIMVgEaEOIAQGYATO4ARfIAQzYAQPoAQH4AQGIAgGoAgG4Aoy6_c8GwAIB0gIkZWYyZGFjNmEtZjE5MC00NzBhLThjOGQtY2QzMGM4ZjZmZjg52AIB4AIB&ucfs=1&arphpl=1&checkin=2026-06-01&checkout=2026-06-02&group_adults=2&req_adults=2&no_rooms=1&group_children=0&req_children=0&hpos=13&hapos=38&sr_order=popularity&srpvid=5a6c7206a05101b2&srepoch=1778343193&all_sr_blocks=1606302_422260507_2_2_0&highlighted_blocks=1606302_422260507_2_2_0&matching_block_id=1606302_422260507_2_2_0&sr_pri_blocks=1606302_422260507_2_2_0__3222&from=searchresults,5/9/2026
Cairo,Hilton Cairo Nile Maadi,6498,EGP,2,0,1,8.7,665,"Old Cairo, Cairo",6.7 km from downtown,5,Hotel,King Guest Room with Balcony,Yes,,"Hot tub/Jacuzzi, Heated pool, Spa",https://www.booking.com/hotel/eg/hilton-cairo-nile-maadi.html?aid=304142&label=gen173nr-10CAQoggI46wdIMVgEaEOIAQGYATO4ARfIAQzYAQPoAQH4AQGIAgGoAgG4Aoy6_c8GwAIB0gIkZWYyZGFjNmEtZjE5MC00NzBhLThjOGQtY2QzMGM4ZjZmZjg52AIB4AIB&ucfs=1&arphpl=1&checkin=2026-06-01&checkout=2026-06-02&group_adults=2&req_adults=2&no_rooms=1&group_children=0&req_children=0&hpos=14&hapos=39&sr_order=popularity&srpvid=5a6c7206a05101b2&srepoch=1778343193&all_sr_blocks=1305666308_404976841_2_10_0&highlighted_blocks=1305666308_404976841_2_10_0&matching_block_id=1305666308_404976841_2_10_0&sr_pri_blocks=1305666308_404976841_2_10_0__12325&from=searchresults,5/9/2026
Cairo,Cleopatra Hotel,3832,EGP,2,0,1,8.1,2618,"Downtown Cairo, Cairo",200 m from downtown,3,Hotel,Double Room,No,Breakfast included,"Restaurant, Free Wifi, 24-hour front desk",https://www.booking.com/hotel/eg/cleopatra-cairo.html?aid=304142&label=gen173nr-10CAQoggI46wdIMVgEaEOIAQGYATO4ARfIAQzYAQPoAQH4AQGIAgGoAgG4Aoy6_c8GwAIB0gIkZWYyZGFjNmEtZjE5MC00NzBhLThjOGQtY2QzMGM4ZjZmZjg52AIB4AIB&ucfs=1&arphpl=1&checkin=2026-06-01&checkout=2026-06-02&group_adults=2&req_adults=2&no_rooms=1&group_children=0&req_children=0&hpos=15&hapos=40&sr_order=popularity&srpvid=5a6c7206a05101b2&srepoch=1778343193&all_sr_blocks=288327101_275131210_0_1_0&highlighted_blocks=288327101_275131210_0_1_0&matching_block_id=288327101_275131210_0_1_0&sr_pri_blocks=288327101_275131210_0_1_0__7268&from=searchresults,5/9/2026
Cairo,Jewel Sport City and Aqua Park,3416,EGP,2,0,1,8.2,2508,"Nasr City, Cairo",16.2 km from downtown,5,Hotel,Deluxe Double or Twin Room with City View,No,,"Hot tub/Jacuzzi, Free parking, Spa",https://www.booking.com/hotel/eg/tolip-sports-city-amp-spa.html?aid=304142&label=gen173nr-10CAQoggI46wdIMVgEaEOIAQGYATO4ARfIAQzYAQPoAQH4AQGIAgGoAgG4Aoy6_c8GwAIB0gIkZWYyZGFjNmEtZjE5MC00NzBhLThjOGQtY2QzMGM4ZjZmZjg52AIB4AIB&ucfs=1&arphpl=1&checkin=2026-06-01&checkout=2026-06-02&group_adults=2&req_adults=2&no_rooms=1&group_children=0&req_children=0&hpos=16&hapos=41&sr_order=popularity&srpvid=5a6c7206a05101b2&srepoch=1778343193&all_sr_blocks=109420114_127947849_0_2_0&highlighted_blocks=109420114_127947849_0_2_0&matching_block_id=109420114_127947849_0_2_0&sr_pri_blocks=109420114_127947849_0_2_0__6480&from=searchresults,5/9/2026
Cairo,Steigenberger Hotel El Tahrir Cairo,5799,EGP,2,0,1,9.2,12032,"Downtown Cairo, Cairo",250 m from downtown,4,Hotel,Superior City View Room,No,,"Heated pool, Bar, Restaurant",https://www.booking.com/hotel/eg/steigenberger-el-tahrir.html?aid=304142&label=gen173nr-10CAQoggI46wdIMVgEaEOIAQGYATO4ARfIAQzYAQPoAQH4AQGIAgGoAgG4Aoy6_c8GwAIB0gIkZWYyZGFjNmEtZjE5MC00NzBhLThjOGQtY2QzMGM4ZjZmZjg52AIB4AIB&ucfs=1&arphpl=1&checkin=2026-06-01&checkout=2026-06-02&group_adults=2&req_adults=2&no_rooms=1&group_children=0&req_children=0&hpos=17&hapos=42&sr_order=popularity&srpvid=5a6c7206a05101b2&srepoch=1778343193&all_sr_blocks=179123201_91190527_2_2_0&highlighted_blocks=179123201_91190527_2_2_0&matching_block_id=179123201_91190527_2_2_0&sr_pri_blocks=179123201_91190527_2_2_0__10999&from=searchresults,5/9/2026
Cairo,Palacio Pyramids Hotel,3796,EGP,2,0,1,8.3,197,"Giza, Cairo",11.2 km from downtown,4,Hotel,Standard Suite with Balcony City and Partial Pyramid View,Yes,Breakfast included,"Hot tub/Jacuzzi, Free parking, Airport shuttle (free)",https://www.booking.com/hotel/eg/palacio-pyramids.html?aid=304142&label=gen173nr-10CAQoggI46wdIMVgEaEOIAQGYATO4ARfIAQzYAQPoAQH4AQGIAgGoAgG4Aoy6_c8GwAIB0gIkZWYyZGFjNmEtZjE5MC00NzBhLThjOGQtY2QzMGM4ZjZmZjg52AIB4AIB&ucfs=1&arphpl=1&checkin=2026-06-01&checkout=2026-06-02&group_adults=2&req_adults=2&no_rooms=1&group_children=0&req_children=0&hpos=18&hapos=43&sr_order=popularity&srpvid=5a6c7206a05101b2&srepoch=1778343193&all_sr_blocks=1499145405_421982308_2_1_0&highlighted_blocks=1499145405_421982308_2_1_0&matching_block_id=1499145405_421982308_2_1_0&sr_pri_blocks=1499145405_421982308_2_1_0__7200&from=searchresults,5/9/2026
Cairo,"Kempinski Nile Hotel, Cairo",8962,EGP,2,0,1,8.7,3127,"Garden City, Cairo",0.8 km from downtown,5,Hotel,Madina Deluxe Room King,Yes,,"Hot tub/Jacuzzi, Heated pool",https://www.booking.com/hotel/eg/kempinski-nile-cairo.html?aid=304142&label=gen173nr-10CAQoggI46wdIMVgEaEOIAQGYATO4ARfIAQzYAQPoAQH4AQGIAgGoAgG4Aoy6_c8GwAIB0gIkZWYyZGFjNmEtZjE5MC00NzBhLThjOGQtY2QzMGM4ZjZmZjg52AIB4AIB&ucfs=1&arphpl=1&checkin=2026-06-01&checkout=2026-06-02&group_adults=2&req_adults=2&no_rooms=1&group_children=0&req_children=0&hpos=19&hapos=44&sr_order=popularity&srpvid=5a6c7206a05101b2&srepoch=1778343193&all_sr_blocks=24764001_431852635_2_42_0_43835&highlighted_blocks=24764001_431852635_2_42_0_43835&matching_block_id=24764001_431852635_2_42_0_43835&sr_pri_blocks=24764001_431852635_2_42_0_43835_17000&from_sustainable_property_sr=1&from=searchresults,5/9/2026
Cairo,Parkside Boutique Serviced Apartments,3796,EGP,2,0,1,8.6,1620,"Heliopolis, Cairo",10.6 km from downtown,4,Apartment,Executive Studio,Yes,,"Free parking, Free Wifi, 24-hour front desk",https://www.booking.com/hotel/eg/parkside-boutique-furnished-apartments.html?aid=304142&label=gen173nr-10CAQoggI46wdIMVgEaEOIAQGYATO4ARfIAQzYAQPoAQH4AQGIAgGoAgG4Aoy6_c8GwAIB0gIkZWYyZGFjNmEtZjE5MC00NzBhLThjOGQtY2QzMGM4ZjZmZjg52AIB4AIB&ucfs=1&arphpl=1&checkin=2026-06-01&checkout=2026-06-02&group_adults=2&req_adults=2&no_rooms=1&group_children=0&req_children=0&hpos=20&hapos=45&sr_order=popularity&srpvid=5a6c7206a05101b2&srepoch=1778343193&all_sr_blocks=950001602_392797078_2_0_0&highlighted_blocks=950001602_392797078_2_0_0&matching_block_id=950001602_392797078_2_0_0&sr_pri_blocks=950001602_392797078_2_0_0__7200&from=searchresults,5/9/2026
Cairo,Up Town Hotel,2017,EGP,2,0,1,7.9,3574,"Downtown Cairo, Cairo",50 m from downtown,,Hotel,Deluxe King Room,No,Breakfast included,"Airport shuttle (free), Bar, Restaurant",https://www.booking.com/hotel/eg/town-gate.html?aid=304142&label=gen173nr-10CAQoggI46wdIMVgEaEOIAQGYATO4ARfIAQzYAQPoAQH4AQGIAgGoAgG4Aoy6_c8GwAIB0gIkZWYyZGFjNmEtZjE5MC00NzBhLThjOGQtY2QzMGM4ZjZmZjg52AIB4AIB&ucfs=1&arphpl=1&checkin=2026-06-01&checkout=2026-06-02&group_adults=2&req_adults=2&no_rooms=1&group_children=0&req_children=0&hpos=21&hapos=46&sr_order=popularity&srpvid=5a6c7206a05101b2&srepoch=1778343193&all_sr_blocks=911939703_362538894_2_41_0&highlighted_blocks=911939703_362538894_2_41_0&matching_block_id=911939703_362538894_2_41_0&sr_pri_blocks=911939703_362538894_2_41_0__3825&from=searchresults,5/9/2026
Cairo,Holiday Inn Cairo Maadi by IHG,5860,EGP,2,0,1,8,475,"Maadi, Cairo",9.4 km from downtown,5,Inn,standard Twin Room with City View - Non-Smoking,Yes,,"Heated pool, Bar, Restaurant",https://www.booking.com/hotel/eg/holiday-inn-cairo-maadi-towers-casino.html?aid=304142&label=gen173nr-10CAQoggI46wdIMVgEaEOIAQGYATO4ARfIAQzYAQPoAQH4AQGIAgGoAgG4Aoy6_c8GwAIB0gIkZWYyZGFjNmEtZjE5MC00NzBhLThjOGQtY2QzMGM4ZjZmZjg52AIB4AIB&ucfs=1&arphpl=1&checkin=2026-06-01&checkout=2026-06-02&group_adults=2&req_adults=2&no_rooms=1&group_children=0&req_children=0&hpos=22&hapos=47&sr_order=popularity&srpvid=5a6c7206a05101b2&srepoch=1778343193&all_sr_blocks=1608724_277288845_2_42_0&highlighted_blocks=1608724_277288845_2_42_0&matching_block_id=1608724_277288845_2_42_0&sr_pri_blocks=1608724_277288845_2_42_0__11115&from=searchresults,5/9/2026
Cairo,Aida Pyramids INN,1318,EGP,2,0,1,9.6,49,"Giza, Cairo",12.1 km from downtown,4,Inn,Deluxe Double Room,Yes,Breakfast included,"Free parking, Bar, Restaurant",https://www.booking.com/hotel/eg/aida-pyramids-inn.html?aid=304142&label=gen173nr-10CAQoggI46wdIMVgEaEOIAQGYATO4ARfIAQzYAQPoAQH4AQGIAgGoAgG4Aoy6_c8GwAIB0gIkZWYyZGFjNmEtZjE5MC00NzBhLThjOGQtY2QzMGM4ZjZmZjg52AIB4AIB&ucfs=1&arphpl=1&checkin=2026-06-01&checkout=2026-06-02&group_adults=2&req_adults=2&no_rooms=1&group_children=0&req_children=0&hpos=23&hapos=48&sr_order=popularity&srpvid=5a6c7206a05101b2&srepoch=1778343193&all_sr_blocks=1613038602_432204058_2_41_0&highlighted_blocks=1613038602_432204058_2_41_0&matching_block_id=1613038602_432204058_2_41_0&sr_pri_blocks=1613038602_432204058_2_41_0__2500&from=searchresults,5/9/2026
Cairo,Giza Pyramids View Inn,3226,EGP,2,0,1,8,1133,"Giza, Cairo",12 km from downtown,4,Inn,Deluxe Double or Twin Room,No,Breakfast included,"Hot tub/Jacuzzi, Free parking, Bar",https://www.booking.com/hotel/eg/giza-pyramids-view-inn.html?aid=304142&label=gen173nr-10CAQoggI46wdIMVgEaEOIAQGYATO4ARfIAQzYAQPoAQH4AQGIAgGoAgG4Aoy6_c8GwAIB0gIkZWYyZGFjNmEtZjE5MC00NzBhLThjOGQtY2QzMGM4ZjZmZjg52AIB4AIB&ucfs=1&arphpl=1&checkin=2026-06-01&checkout=2026-06-02&group_adults=2&req_adults=2&no_rooms=1&group_children=0&req_children=0&hpos=24&hapos=49&sr_order=popularity&srpvid=5a6c7206a05101b2&srepoch=1778343193&all_sr_blocks=480872120_198151551_2_41_0&highlighted_blocks=480872120_198151551_2_41_0&matching_block_id=480872120_198151551_2_41_0&sr_pri_blocks=480872120_198151551_2_41_0__6120&from=searchresults,5/9/2026
Cairo,Cosmopolitan hotel,3084,EGP,2,0,1,8.5,1212,Cairo,0.6 km from downtown,3,Hotel,Deluxe Room (2 Adults + 1 Child),No,Breakfast included,"Free parking, Bar, Restaurant",https://www.booking.com/hotel/eg/cosmopolitan.html?aid=304142&label=gen173nr-10CAQoggI46wdIMVgEaEOIAQGYATO4ARfIAQzYAQPoAQH4AQGIAgGoAgG4Aoy6_c8GwAIB0gIkZWYyZGFjNmEtZjE5MC00NzBhLThjOGQtY2QzMGM4ZjZmZjg52AIB4AIB&ucfs=1&arphpl=1&checkin=2026-06-01&checkout=2026-06-02&group_adults=2&req_adults=2&no_rooms=1&group_children=0&req_children=0&hpos=25&hapos=50&sr_order=popularity&srpvid=5a6c7206a05101b2&srepoch=1778343193&all_sr_blocks=901271401_414581091_2_41_0&highlighted_blocks=901271401_414581091_2_41_0&matching_block_id=901271401_414581091_2_41_0&sr_pri_blocks=901271401_414581091_2_41_0__5850&from=searchresults,5/9/2026
Cairo,Turquoise Pyramids & Grand Egyptian museum view Hotel,1974,EGP,2,0,1,8.9,1937,"Giza, Cairo",11.7 km from downtown,4,Hotel,Economy Double Room,Yes,,"Hot tub/Jacuzzi, Free parking, Restaurant",https://www.booking.com/hotel/eg/turquoise-pyramids.html?aid=304142&label=gen173nr-10CAQoggI46wdIMVgEaEOIAQGYATO4ARfIAQzYAQPoAQH4AQGIAgGoAgG4Aoy6_c8GwAIB0gIkZWYyZGFjNmEtZjE5MC00NzBhLThjOGQtY2QzMGM4ZjZmZjg52AIB4AIB&ucfs=1&arphpl=1&checkin=2026-06-01&checkout=2026-06-02&group_adults=2&req_adults=2&no_rooms=1&group_children=0&req_children=0&hpos=1&hapos=51&sr_order=popularity&srpvid=5a6c7206a05101b2&srepoch=1778343196&all_sr_blocks=870819807_386118537_0_42_0&highlighted_blocks=870819807_386118537_0_42_0&matching_block_id=870819807_386118537_0_42_0&sr_pri_blocks=870819807_386118537_0_42_0__3744&from=searchresults,5/9/2026
Cairo,Egyescape Nile View Apartments,2741,EGP,2,0,1,10,4,"Giza, Cairo",6.5 km from downtown,2,Apartment,Superior Studio,Yes,,Free Wifi,https://www.booking.com/hotel/eg/tower.html?aid=304142&label=gen173nr-10CAQoggI46wdIMVgEaEOIAQGYATO4ARfIAQzYAQPoAQH4AQGIAgGoAgG4Aoy6_c8GwAIB0gIkZWYyZGFjNmEtZjE5MC00NzBhLThjOGQtY2QzMGM4ZjZmZjg52AIB4AIB&ucfs=1&arphpl=1&checkin=2026-06-01&checkout=2026-06-02&group_adults=2&req_adults=2&no_rooms=1&group_children=0&req_children=0&hpos=2&hapos=52&sr_order=popularity&srpvid=5a6c7206a05101b2&srepoch=1778343196&all_sr_blocks=1614327704_432314661_6_0_0&highlighted_blocks=1614327704_432314661_6_0_0&matching_block_id=1614327704_432314661_6_0_0&sr_pri_blocks=1614327704_432314661_6_0_0__5200&from=searchresults,5/9/2026
Cairo,New Boutique Apartment Egypt,1794,EGP,2,0,1,7,3,"Heliopolis, Cairo",8.6 km from downtown,3,Apartment,Queen Room with Shared Bathroom,No,,"Hot tub/Jacuzzi, Free Wifi, 24-hour front desk",https://www.booking.com/hotel/eg/amr-homestay.html?aid=304142&label=gen173nr-10CAQoggI46wdIMVgEaEOIAQGYATO4ARfIAQzYAQPoAQH4AQGIAgGoAgG4Aoy6_c8GwAIB0gIkZWYyZGFjNmEtZjE5MC00NzBhLThjOGQtY2QzMGM4ZjZmZjg52AIB4AIB&ucfs=1&arphpl=1&checkin=2026-06-01&checkout=2026-06-02&group_adults=2&req_adults=2&no_rooms=1&group_children=0&req_children=0&hpos=3&hapos=53&sr_order=popularity&srpvid=5a6c7206a05101b2&srepoch=1778343196&all_sr_blocks=943631101_366528308_2_2_0&highlighted_blocks=943631101_366528308_2_2_0&matching_block_id=943631101_366528308_2_2_0&sr_pri_blocks=943631101_366528308_2_2_0__3402&from=searchresults,5/9/2026
Cairo,Madina Hostel,1740,EGP,2,0,1,9.1,1312,"Downtown Cairo, Cairo",300 m from downtown,,Hostel,Twin Room with Shared Bathroom,Yes,Breakfast included,"Free Wifi, 24-hour front desk",https://www.booking.com/hotel/eg/madina-hostel.html?aid=304142&label=gen173nr-10CAQoggI46wdIMVgEaEOIAQGYATO4ARfIAQzYAQPoAQH4AQGIAgGoAgG4Aoy6_c8GwAIB0gIkZWYyZGFjNmEtZjE5MC00NzBhLThjOGQtY2QzMGM4ZjZmZjg52AIB4AIB&ucfs=1&arphpl=1&checkin=2026-06-01&checkout=2026-06-02&group_adults=2&req_adults=2&no_rooms=1&group_children=0&req_children=0&hpos=4&hapos=54&sr_order=popularity&srpvid=5a6c7206a05101b2&srepoch=1778343196&all_sr_blocks=578715939_429924563_2_1_0&highlighted_blocks=578715939_429924563_2_1_0&matching_block_id=578715939_429924563_2_1_0&sr_pri_blocks=578715939_429924563_2_1_0__3300&from=searchresults,5/9/2026
Cairo,Fairmont Nile City,7971,EGP,2,0,1,,,Cairo,3.1 km from downtown,5,Hotel,Fairmont Room with City View,No,,"Hot tub/Jacuzzi, Heated pool",https://www.booking.com/hotel/eg/fairmont-nile-city.html?aid=304142&label=gen173nr-10CAQoggI46wdIMVgEaEOIAQGYATO4ARfIAQzYAQPoAQH4AQGIAgGoAgG4Aoy6_c8GwAIB0gIkZWYyZGFjNmEtZjE5MC00NzBhLThjOGQtY2QzMGM4ZjZmZjg52AIB4AIB&ucfs=1&arphpl=1&checkin=2026-06-01&checkout=2026-06-02&group_adults=2&req_adults=2&no_rooms=1&group_children=0&req_children=0&hpos=5&hapos=55&sr_order=popularity&srpvid=5a6c7206a05101b2&srepoch=1778343196&all_sr_blocks=23526201_91468154_2_2_0&highlighted_blocks=23526201_91468154_2_2_0&matching_block_id=23526201_91468154_2_2_0&sr_pri_blocks=23526201_91468154_2_2_0__15120&from_sustainable_property_sr=1&from=searchresults,5/9/2026
Cairo,Cairo Marriott Hotel,6677,EGP,2,0,1,8.5,4535,"Zamalek, Cairo (Gezira)",1.8 km from downtown,5,Hotel,"Deluxe Room, 2 Double, Balcony",No,,"Spa, Bar, Restaurant",https://www.booking.com/hotel/eg/cairo-marriott-omar-khayyam-casino.html?aid=304142&label=gen173nr-10CAQoggI46wdIMVgEaEOIAQGYATO4ARfIAQzYAQPoAQH4AQGIAgGoAgG4Aoy6_c8GwAIB0gIkZWYyZGFjNmEtZjE5MC00NzBhLThjOGQtY2QzMGM4ZjZmZjg52AIB4AIB&ucfs=1&arphpl=1&checkin=2026-06-01&checkout=2026-06-02&group_adults=2&req_adults=2&no_rooms=1&group_children=0&req_children=0&hpos=6&hapos=56&sr_order=popularity&srpvid=5a6c7206a05101b2&srepoch=1778343196&all_sr_blocks=1617435_95140786_0_2_0&highlighted_blocks=1617435_95140786_0_2_0&matching_block_id=1617435_95140786_0_2_0&sr_pri_blocks=1617435_95140786_0_2_0__12665&from=searchresults,5/9/2026
Cairo,Tolip Family Park Hotel,5008,EGP,2,0,1,7.3,690,"New Cairo City, Cairo",26 km from downtown,5,Hotel,Twin Room with Pool View,No,,"Bar, Restaurant, Free Wifi",https://www.booking.com/hotel/eg/tolip-family-park.html?aid=304142&label=gen173nr-10CAQoggI46wdIMVgEaEOIAQGYATO4ARfIAQzYAQPoAQH4AQGIAgGoAgG4Aoy6_c8GwAIB0gIkZWYyZGFjNmEtZjE5MC00NzBhLThjOGQtY2QzMGM4ZjZmZjg52AIB4AIB&ucfs=1&arphpl=1&checkin=2026-06-01&checkout=2026-06-02&group_adults=2&req_adults=2&no_rooms=1&group_children=0&req_children=0&hpos=7&hapos=57&sr_order=popularity&srpvid=5a6c7206a05101b2&srepoch=1778343196&all_sr_blocks=147411314_122059095_0_2_0&highlighted_blocks=147411314_122059095_0_2_0&matching_block_id=147411314_122059095_0_2_0&sr_pri_blocks=147411314_122059095_0_2_0__9500&from=searchresults,5/9/2026
Cairo,Safir Hotel Cairo,4562,EGP,2,0,1,8.4,6302,Cairo,2.4 km from downtown,5,Hotel,Standard Room,Yes,,"Hot tub/Jacuzzi, Heated pool, Spa",https://www.booking.com/hotel/eg/safircairo.html?aid=304142&label=gen173nr-10CAQoggI46wdIMVgEaEOIAQGYATO4ARfIAQzYAQPoAQH4AQGIAgGoAgG4Aoy6_c8GwAIB0gIkZWYyZGFjNmEtZjE5MC00NzBhLThjOGQtY2QzMGM4ZjZmZjg52AIB4AIB&ucfs=1&arphpl=1&checkin=2026-06-01&checkout=2026-06-02&group_adults=2&req_adults=2&no_rooms=1&group_children=0&req_children=0&hpos=8&hapos=58&sr_order=popularity&srpvid=5a6c7206a05101b2&srepoch=1778343196&all_sr_blocks=1600303_338664313_2_42_0&highlighted_blocks=1600303_338664313_2_42_0&matching_block_id=1600303_338664313_2_42_0&sr_pri_blocks=1600303_338664313_2_42_0__8654&from=searchresults,5/9/2026
Cairo,Kempinski Palace Cairo,10333,EGP,2,0,1,8.2,907,"New Cairo City, Cairo",17.8 km from downtown,5,Hotel,Deluxe City Room,Yes,,"Hot tub/Jacuzzi, Heated pool",https://www.booking.com/hotel/eg/royal-maxim-palace-kempinski-cairo.html?aid=304142&label=gen173nr-10CAQoggI46wdIMVgEaEOIAQGYATO4ARfIAQzYAQPoAQH4AQGIAgGoAgG4Aoy6_c8GwAIB0gIkZWYyZGFjNmEtZjE5MC00NzBhLThjOGQtY2QzMGM4ZjZmZjg52AIB4AIB&ucfs=1&arphpl=1&checkin=2026-06-01&checkout=2026-06-02&group_adults=2&req_adults=2&no_rooms=1&group_children=0&req_children=0&hpos=9&hapos=59&sr_order=popularity&srpvid=5a6c7206a05101b2&srepoch=1778343197&all_sr_blocks=145988833_431485469_2_34_0_581813&highlighted_blocks=145988833_431485469_2_34_0_581813&matching_block_id=145988833_431485469_2_34_0_581813&sr_pri_blocks=145988833_431485469_2_34_0_581813_19600&from_sustainable_property_sr=1&from=searchresults,5/9/2026
Cairo,Renaissance Cairo Mirage City Hotel,8633,EGP,2,0,1,8.1,807,"New Cairo City, Cairo",19.9 km from downtown,5,Hotel,"Deluxe Guest Room, 2 Twin Beds",No,,"Hot tub/Jacuzzi, Airport shuttle (free)",https://www.booking.com/hotel/eg/renaissance-cairo-mirage-city.html?aid=304142&label=gen173nr-10CAQoggI46wdIMVgEaEOIAQGYATO4ARfIAQzYAQPoAQH4AQGIAgGoAgG4Aoy6_c8GwAIB0gIkZWYyZGFjNmEtZjE5MC00NzBhLThjOGQtY2QzMGM4ZjZmZjg52AIB4AIB&ucfs=1&arphpl=1&checkin=2026-06-01&checkout=2026-06-02&group_adults=2&req_adults=2&no_rooms=1&group_children=0&req_children=0&hpos=10&hapos=60&sr_order=popularity&srpvid=5a6c7206a05101b2&srepoch=1778343197&all_sr_blocks=55472213_94491347_2_2_0_546487&highlighted_blocks=55472213_94491347_2_2_0_546487&matching_block_id=55472213_94491347_2_2_0_546487&sr_pri_blocks=55472213_94491347_2_2_0_546487_16376&from_sustainable_property_sr=1&from=searchresults,5/9/2026
Cairo,Middle east pyramids veiw &spa,759,EGP,2,0,1,8.8,28,"Giza, Cairo",11.8 km from downtown,4,Hotel,Double Room with Mountain View,Yes,Breakfast included,"Hot tub/Jacuzzi, Free parking, Spa",https://www.booking.com/hotel/eg/king-blue-view-inn.html?aid=304142&label=gen173nr-10CAQoggI46wdIMVgEaEOIAQGYATO4ARfIAQzYAQPoAQH4AQGIAgGoAgG4Aoy6_c8GwAIB0gIkZWYyZGFjNmEtZjE5MC00NzBhLThjOGQtY2QzMGM4ZjZmZjg52AIB4AIB&ucfs=1&arphpl=1&checkin=2026-06-01&checkout=2026-06-02&group_adults=2&req_adults=2&no_rooms=1&group_children=0&req_children=0&hpos=11&hapos=61&sr_order=popularity&srpvid=5a6c7206a05101b2&srepoch=1778343197&all_sr_blocks=1385510012_410579381_2_1_0&highlighted_blocks=1385510012_410579381_2_1_0&matching_block_id=1385510012_410579381_2_1_0&sr_pri_blocks=1385510012_410579381_2_1_0__1440&from=searchresults,5/9/2026
Cairo,New President Hotel Cairo,5295,EGP,2,0,1,8.7,981,"Zamalek, Cairo (Gezira)",3 km from downtown,3,Hotel,Superior King Room with Sofa,Yes,,"Bar, Restaurant",https://www.booking.com/hotel/eg/new-president.html?aid=304142&label=gen173nr-10CAQoggI46wdIMVgEaEOIAQGYATO4ARfIAQzYAQPoAQH4AQGIAgGoAgG4Aoy6_c8GwAIB0gIkZWYyZGFjNmEtZjE5MC00NzBhLThjOGQtY2QzMGM4ZjZmZjg52AIB4AIB&ucfs=1&arphpl=1&checkin=2026-06-01&checkout=2026-06-02&group_adults=2&req_adults=2&no_rooms=1&group_children=0&req_children=0&hpos=12&hapos=62&sr_order=popularity&srpvid=5a6c7206a05101b2&srepoch=1778343197&all_sr_blocks=27887709_401687878_2_2_0_426806&highlighted_blocks=27887709_401687878_2_2_0_426806&matching_block_id=27887709_401687878_2_2_0_426806&sr_pri_blocks=27887709_401687878_2_2_0_426806_10044&from_sustainable_property_sr=1&from=searchresults,5/9/2026
Cairo,Sonesta Hotel Tower & Casino Cairo,5061,EGP,2,0,1,8.4,4333,"Nasr City, Cairo",8.8 km from downtown,5,Hotel,Deluxe Double or Twin Room,Yes,,"Hot tub/Jacuzzi, Spa, Bar",https://www.booking.com/hotel/eg/sonesta-cairo-casino.html?aid=304142&label=gen173nr-10CAQoggI46wdIMVgEaEOIAQGYATO4ARfIAQzYAQPoAQH4AQGIAgGoAgG4Aoy6_c8GwAIB0gIkZWYyZGFjNmEtZjE5MC00NzBhLThjOGQtY2QzMGM4ZjZmZjg52AIB4AIB&ucfs=1&arphpl=1&checkin=2026-06-01&checkout=2026-06-02&group_adults=2&req_adults=2&no_rooms=1&group_children=0&req_children=0&hpos=13&hapos=63&sr_order=popularity&srpvid=5a6c7206a05101b2&srepoch=1778343197&all_sr_blocks=1607512_432621062_2_2_0_587911&highlighted_blocks=1607512_432621062_2_2_0_587911&matching_block_id=1607512_432621062_2_2_0_587911&sr_pri_blocks=1607512_432621062_2_2_0_587911_9600&from=searchresults,5/9/2026
Cairo,Intercontinental Cairo Citystars by IHG,10262,EGP,2,0,1,8.9,2215,"Nasr City, Cairo",11.2 km from downtown,5,Hotel,Classic Room,Yes,,"Hot tub/Jacuzzi, Spa",https://www.booking.com/hotel/eg/intercontinental-citystars-com.html?aid=304142&label=gen173nr-10CAQoggI46wdIMVgEaEOIAQGYATO4ARfIAQzYAQPoAQH4AQGIAgGoAgG4Aoy6_c8GwAIB0gIkZWYyZGFjNmEtZjE5MC00NzBhLThjOGQtY2QzMGM4ZjZmZjg52AIB4AIB&ucfs=1&arphpl=1&checkin=2026-06-01&checkout=2026-06-02&group_adults=2&req_adults=2&no_rooms=1&group_children=0&req_children=0&hpos=14&hapos=64&sr_order=popularity&srpvid=5a6c7206a05101b2&srepoch=1778343197&all_sr_blocks=1606702_277285212_3_34_0&highlighted_blocks=1606702_277285212_3_34_0&matching_block_id=1606702_277285212_3_34_0&sr_pri_blocks=1606702_277285212_3_34_0__19465&from_sustainable_property_sr=1&from=searchresults,5/9/2026
Cairo,Horus Horizon INN Pyramids View,696,EGP,2,0,1,8.9,62,"Giza, Cairo",11.1 km from downtown,3,Inn,Deluxe Double Room,Yes,Breakfast included,"Free parking, Restaurant, Free Wifi",https://www.booking.com/hotel/eg/horus-horizon-pyramids-view-inn.html?aid=304142&label=gen173nr-10CAQoggI46wdIMVgEaEOIAQGYATO4ARfIAQzYAQPoAQH4AQGIAgGoAgG4Aoy6_c8GwAIB0gIkZWYyZGFjNmEtZjE5MC00NzBhLThjOGQtY2QzMGM4ZjZmZjg52AIB4AIB&ucfs=1&arphpl=1&checkin=2026-06-01&checkout=2026-06-02&group_adults=2&req_adults=2&no_rooms=1&group_children=0&req_children=0&hpos=15&hapos=65&sr_order=popularity&srpvid=5a6c7206a05101b2&srepoch=1778343197&all_sr_blocks=1587041403_429864054_2_41_0&highlighted_blocks=1587041403_429864054_2_41_0&matching_block_id=1587041403_429864054_2_41_0&sr_pri_blocks=1587041403_429864054_2_41_0__1320&from=searchresults,5/9/2026
Cairo,Sofitel Cairo Nile El Gezirah,8277,EGP,2,0,1,8.6,3490,"Gezira, Cairo (Gezira)",1.2 km from downtown,5,Hotel,Premium Twin room with Partial Nile View,No,,"Hot tub/Jacuzzi, Heated pool",https://www.booking.com/hotel/eg/el-gezirah-cairo.html?aid=304142&label=gen173nr-10CAQoggI46wdIMVgEaEOIAQGYATO4ARfIAQzYAQPoAQH4AQGIAgGoAgG4Aoy6_c8GwAIB0gIkZWYyZGFjNmEtZjE5MC00NzBhLThjOGQtY2QzMGM4ZjZmZjg52AIB4AIB&ucfs=1&arphpl=1&checkin=2026-06-01&checkout=2026-06-02&group_adults=2&req_adults=2&no_rooms=1&group_children=0&req_children=0&hpos=16&hapos=66&sr_order=popularity&srpvid=5a6c7206a05101b2&srepoch=1778343197&all_sr_blocks=1608952_105802317_2_42_0&highlighted_blocks=1608952_105802317_2_42_0&matching_block_id=1608952_105802317_2_42_0&sr_pri_blocks=1608952_105802317_2_42_0__15700&from_sustainable_property_sr=1&from=searchresults,5/9/2026
Cairo,Pyramids Tower INN,696,EGP,2,0,1,10,47,"Giza, Cairo",11.1 km from downtown,3,Inn,Deluxe Double Room,Yes,Breakfast included,"Free parking, Restaurant, Free Wifi",https://www.booking.com/hotel/eg/pyramids-tower-inn-al-haram.html?aid=304142&label=gen173nr-10CAQoggI46wdIMVgEaEOIAQGYATO4ARfIAQzYAQPoAQH4AQGIAgGoAgG4Aoy6_c8GwAIB0gIkZWYyZGFjNmEtZjE5MC00NzBhLThjOGQtY2QzMGM4ZjZmZjg52AIB4AIB&ucfs=1&arphpl=1&checkin=2026-06-01&checkout=2026-06-02&group_adults=2&req_adults=2&no_rooms=1&group_children=0&req_children=0&hpos=17&hapos=67&sr_order=popularity&srpvid=5a6c7206a05101b2&srepoch=1778343197&all_sr_blocks=1606585005_432557992_2_41_0&highlighted_blocks=1606585005_432557992_2_41_0&matching_block_id=1606585005_432557992_2_41_0&sr_pri_blocks=1606585005_432557992_2_41_0__1320&from=searchresults,5/9/2026
Cairo,Royal Inn Residence,1645,EGP,2,0,1,8.9,1022,"Nasr City, Cairo",10.5 km from downtown,3,Inn,Economy Double or Twin Room,Yes,,"Adults only, Restaurant, Free Wifi",https://www.booking.com/hotel/eg/royal-inn.html?aid=304142&label=gen173nr-10CAQoggI46wdIMVgEaEOIAQGYATO4ARfIAQzYAQPoAQH4AQGIAgGoAgG4Aoy6_c8GwAIB0gIkZWYyZGFjNmEtZjE5MC00NzBhLThjOGQtY2QzMGM4ZjZmZjg52AIB4AIB&ucfs=1&arphpl=1&checkin=2026-06-01&checkout=2026-06-02&group_adults=2&req_adults=2&no_rooms=1&group_children=0&req_children=0&hpos=18&hapos=68&sr_order=popularity&srpvid=5a6c7206a05101b2&srepoch=1778343197&all_sr_blocks=739347801_330647248_2_2_0&highlighted_blocks=739347801_330647248_2_2_0&matching_block_id=739347801_330647248_2_2_0&sr_pri_blocks=739347801_330647248_2_2_0__3120&from=searchresults,5/9/2026
Cairo,Hyatt Centric Cairo West,7012,EGP,2,0,1,9.3,683,Cairo,16 km from downtown,5,Hotel,Twin Room,No,,"Heated pool, Spa, Bar",https://www.booking.com/hotel/eg/hyatt-centric-cairo-west.html?aid=304142&label=gen173nr-10CAQoggI46wdIMVgEaEOIAQGYATO4ARfIAQzYAQPoAQH4AQGIAgGoAgG4Aoy6_c8GwAIB0gIkZWYyZGFjNmEtZjE5MC00NzBhLThjOGQtY2QzMGM4ZjZmZjg52AIB4AIB&ucfs=1&arphpl=1&checkin=2026-06-01&checkout=2026-06-02&group_adults=2&req_adults=2&no_rooms=1&group_children=0&req_children=0&hpos=19&hapos=69&sr_order=popularity&srpvid=5a6c7206a05101b2&srepoch=1778343197&all_sr_blocks=1238283707_395698362_2_2_0&highlighted_blocks=1238283707_395698362_2_2_0&matching_block_id=1238283707_395698362_2_2_0&sr_pri_blocks=1238283707_395698362_2_2_0__13300&from=searchresults,5/9/2026
Cairo,Hotel Flamenco Cairo,4228,EGP,2,0,1,8,2712,"Zamalek, Cairo (Gezira)",3 km from downtown,4,Hotel,Standard City View Room,No,,"Bar, Restaurant",https://www.booking.com/hotel/eg/golden-tulip-flamenco-cairo.html?aid=304142&label=gen173nr-10CAQoggI46wdIMVgEaEOIAQGYATO4ARfIAQzYAQPoAQH4AQGIAgGoAgG4Aoy6_c8GwAIB0gIkZWYyZGFjNmEtZjE5MC00NzBhLThjOGQtY2QzMGM4ZjZmZjg52AIB4AIB&ucfs=1&arphpl=1&checkin=2026-06-01&checkout=2026-06-02&group_adults=2&req_adults=2&no_rooms=1&group_children=0&req_children=0&hpos=20&hapos=70&sr_order=popularity&srpvid=5a6c7206a05101b2&srepoch=1778343197&all_sr_blocks=1604214_104615206_2_42_0&highlighted_blocks=1604214_104615206_2_42_0&matching_block_id=1604214_104615206_2_42_0&sr_pri_blocks=1604214_104615206_2_42_0__8020&from_sustainable_property_sr=1&from=searchresults,5/9/2026
Cairo,The Gate Hotel Front Pyramids & Sphinx View,2467,EGP,2,0,1,8.3,1168,"Giza, Cairo",11.9 km from downtown,,Hotel,Standard Double Room,No,Breakfast included,"Hot tub/Jacuzzi, Free parking, Spa",https://www.booking.com/hotel/eg/the-gate-al-haram.html?aid=304142&label=gen173nr-10CAQoggI46wdIMVgEaEOIAQGYATO4ARfIAQzYAQPoAQH4AQGIAgGoAgG4Aoy6_c8GwAIB0gIkZWYyZGFjNmEtZjE5MC00NzBhLThjOGQtY2QzMGM4ZjZmZjg52AIB4AIB&ucfs=1&arphpl=1&checkin=2026-06-01&checkout=2026-06-02&group_adults=2&req_adults=2&no_rooms=1&group_children=0&req_children=0&hpos=21&hapos=71&sr_order=popularity&srpvid=5a6c7206a05101b2&srepoch=1778343197&all_sr_blocks=1002121103_373004781_2_41_0&highlighted_blocks=1002121103_373004781_2_41_0&matching_block_id=1002121103_373004781_2_41_0&sr_pri_blocks=1002121103_373004781_2_41_0__4680&from=searchresults,5/9/2026
Cairo,Dusit Thani LakeView Cairo,12336,EGP,2,0,1,8.7,2494,"New Cairo City, Cairo",21.3 km from downtown,5,Hotel,Deluxe Room,No,,"Hot tub/Jacuzzi, Heated pool, Airport shuttle (free)",https://www.booking.com/hotel/eg/dusit-thani-lakeview-cairo.html?aid=304142&label=gen173nr-10CAQoggI46wdIMVgEaEOIAQGYATO4ARfIAQzYAQPoAQH4AQGIAgGoAgG4Aoy6_c8GwAIB0gIkZWYyZGFjNmEtZjE5MC00NzBhLThjOGQtY2QzMGM4ZjZmZjg52AIB4AIB&ucfs=1&arphpl=1&checkin=2026-06-01&checkout=2026-06-02&group_adults=2&req_adults=2&no_rooms=1&group_children=0&req_children=0&hpos=22&hapos=72&sr_order=popularity&srpvid=5a6c7206a05101b2&srepoch=1778343197&all_sr_blocks=1647801_95141166_2_2_0_459298&highlighted_blocks=1647801_95141166_2_2_0_459298&matching_block_id=1647801_95141166_2_2_0_459298&sr_pri_blocks=1647801_95141166_2_2_0_459298_23400&from=searchresults,5/9/2026
Cairo,Golden Tahrir Hotel Downtown,2420,EGP,2,0,1,10,4,"Downtown Cairo, Cairo",100 m from downtown,4,Hotel,Superior Double or Twin Room with City View,Yes,Breakfast included,"Restaurant, Free Wifi, 24-hour front desk",https://www.booking.com/hotel/eg/tahrir-inn-downtown.html?aid=304142&label=gen173nr-10CAQoggI46wdIMVgEaEOIAQGYATO4ARfIAQzYAQPoAQH4AQGIAgGoAgG4Aoy6_c8GwAIB0gIkZWYyZGFjNmEtZjE5MC00NzBhLThjOGQtY2QzMGM4ZjZmZjg52AIB4AIB&ucfs=1&arphpl=1&checkin=2026-06-01&checkout=2026-06-02&group_adults=2&req_adults=2&no_rooms=1&group_children=0&req_children=0&hpos=23&hapos=73&sr_order=popularity&srpvid=5a6c7206a05101b2&srepoch=1778343197&all_sr_blocks=1628237808_433694080_0_1_0&highlighted_blocks=1628237808_433694080_0_1_0&matching_block_id=1628237808_433694080_0_1_0&sr_pri_blocks=1628237808_433694080_0_1_0__4590&from=searchresults,5/9/2026
Cairo,The St. Regis Cairo,12336,EGP,2,0,1,9.5,1689,Cairo,2.2 km from downtown,5,Hotel,"Superior, City View, Guest room, 1 King",No,,"Hot tub/Jacuzzi, Heated pool, Spa",https://www.booking.com/hotel/eg/the-st-regis-cairo.html?aid=304142&label=gen173nr-10CAQoggI46wdIMVgEaEOIAQGYATO4ARfIAQzYAQPoAQH4AQGIAgGoAgG4Aoy6_c8GwAIB0gIkZWYyZGFjNmEtZjE5MC00NzBhLThjOGQtY2QzMGM4ZjZmZjg52AIB4AIB&ucfs=1&arphpl=1&checkin=2026-06-01&checkout=2026-06-02&group_adults=2&req_adults=2&no_rooms=1&group_children=0&req_children=0&hpos=24&hapos=74&sr_order=popularity&srpvid=5a6c7206a05101b2&srepoch=1778343197&all_sr_blocks=441110002_131927266_2_2_0&highlighted_blocks=441110002_131927266_2_2_0&matching_block_id=441110002_131927266_2_2_0&sr_pri_blocks=441110002_131927266_2_2_0__23400&from=searchresults,5/9/2026
Cairo,Cairo Hub,1582,EGP,2,0,1,8.8,510,"Downtown Cairo, Cairo",100 m from downtown,,Hotel,Suite with Balcony,Yes,Breakfast included,Free Wifi,https://www.booking.com/hotel/eg/cairo-hub-qasr-el-nil.html?aid=304142&label=gen173nr-10CAQoggI46wdIMVgEaEOIAQGYATO4ARfIAQzYAQPoAQH4AQGIAgGoAgG4Aoy6_c8GwAIB0gIkZWYyZGFjNmEtZjE5MC00NzBhLThjOGQtY2QzMGM4ZjZmZjg52AIB4AIB&ucfs=1&arphpl=1&checkin=2026-06-01&checkout=2026-06-02&group_adults=2&req_adults=2&no_rooms=1&group_children=0&req_children=0&hpos=25&hapos=75&sr_order=popularity&srpvid=5a6c7206a05101b2&srepoch=1778343197&all_sr_blocks=1139302908_386814582_2_1_0&highlighted_blocks=1139302908_386814582_2_1_0&matching_block_id=1139302908_386814582_2_1_0&sr_pri_blocks=1139302908_386814582_2_1_0__3000&from=searchresults,5/9/2026
Alexandria,Alexandria Ap,1487,EGP,2,0,1,6.3,18,Alexandria,5.8 km from downtown,,Apartment,Two-Bedroom Apartment,Yes,,"Free Wifi, 24-hour front desk",https://www.booking.com/hotel/eg/alexandria-ap.html?aid=304142&label=gen173nr-10CAQoggI46wdIMVgEaEOIAQGYATO4ARfIAQzYAQPoAQH4AQGIAgGoAgG4Aoy7_c8GwAIB0gIkYWUzODUxY2YtOTlhYS00ZjA2LTllZmYtNmU3MTExMzllZjI42AIB4AIB&ucfs=1&arphpl=1&checkin=2026-06-01&checkout=2026-06-02&group_adults=2&req_adults=2&no_rooms=1&group_children=0&req_children=0&hpos=1&hapos=1&sr_order=popularity&srpvid=39ef7246304900a7&srepoch=1778343330&all_sr_blocks=1210460401_430636097_2_0_0&highlighted_blocks=1210460401_430636097_2_0_0&matching_block_id=1210460401_430636097_2_0_0&sr_pri_blocks=1210460401_430636097_2_0_0__2821&from=searchresults,5/9/2026
Alexandria,Hayah Waterfalls Hotels,1518,EGP,2,0,1,7.6,389,Alexandria,2.3 km from downtown,,Hotel,Deluxe Double Room with Side Sea View,Yes,,24-hour front desk,https://www.booking.com/hotel/eg/hayah-waterfalls-hotels.html?aid=304142&label=gen173nr-10CAQoggI46wdIMVgEaEOIAQGYATO4ARfIAQzYAQPoAQH4AQGIAgGoAgG4Aoy7_c8GwAIB0gIkYWUzODUxY2YtOTlhYS00ZjA2LTllZmYtNmU3MTExMzllZjI42AIB4AIB&ucfs=1&arphpl=1&checkin=2026-06-01&checkout=2026-06-02&group_adults=2&req_adults=2&no_rooms=1&group_children=0&req_children=0&hpos=2&hapos=2&sr_order=popularity&srpvid=39ef7246304900a7&srepoch=1778343330&all_sr_blocks=1460881305_417385519_2_0_0&highlighted_blocks=1460881305_417385519_2_0_0&matching_block_id=1460881305_417385519_2_0_0&sr_pri_blocks=1460881305_417385519_2_0_0__2880&from=searchresults,5/9/2026
Alexandria,grey l studio apartments Corniche Alexandria,1769,EGP,2,0,1,8.6,557,Alexandria,1.6 km from downtown,3,Apartment,Studio Economy,Yes,,24-hour front desk,https://www.booking.com/hotel/eg/grey-l-studio-apartments-corniche-alexandria.html?aid=304142&label=gen173nr-10CAQoggI46wdIMVgEaEOIAQGYATO4ARfIAQzYAQPoAQH4AQGIAgGoAgG4Aoy7_c8GwAIB0gIkYWUzODUxY2YtOTlhYS00ZjA2LTllZmYtNmU3MTExMzllZjI42AIB4AIB&ucfs=1&arphpl=1&checkin=2026-06-01&checkout=2026-06-02&group_adults=2&req_adults=2&no_rooms=1&group_children=0&req_children=0&hpos=3&hapos=3&sr_order=popularity&srpvid=39ef7246304900a7&srepoch=1778343330&all_sr_blocks=0_0_2_0_0&highlighted_blocks=0_0_2_0_0&matching_block_id=0_0_2_0_0&sr_pri_blocks=0_0_2_0_0__3356&from=searchresults,5/9/2026
Alexandria,Rixos Montaza Alexandria,7354,EGP,2,0,1,9.1,1124,Alexandria,13.5 km from downtown,5,Hotel,Bungalow,No,Breakfast included,"Hot tub/Jacuzzi, Spa, Bar",https://www.booking.com/hotel/eg/rixos-montaza-alexandria.html?aid=304142&label=gen173nr-10CAQoggI46wdIMVgEaEOIAQGYATO4ARfIAQzYAQPoAQH4AQGIAgGoAgG4Aoy7_c8GwAIB0gIkYWUzODUxY2YtOTlhYS00ZjA2LTllZmYtNmU3MTExMzllZjI42AIB4AIB&ucfs=1&arphpl=1&checkin=2026-06-01&checkout=2026-06-02&group_adults=2&req_adults=2&no_rooms=1&group_children=0&req_children=0&hpos=4&hapos=4&sr_order=popularity&srpvid=39ef7246304900a7&srepoch=1778343330&all_sr_blocks=1323631801_405027592_2_1_0&highlighted_blocks=1323631801_405027592_2_1_0&matching_block_id=1323631801_405027592_2_1_0&sr_pri_blocks=1323631801_405027592_2_1_0__13950&from=searchresults,5/9/2026
Alexandria,Crowne Plaza Alexandria Mirage by IHG,4028,EGP,2,0,1,8.6,1646,Alexandria,3.1 km from downtown,5,Hotel,1 King and 1 Single Standard,Yes,,"Hot tub/Jacuzzi, Heated pool, Spa",https://www.booking.com/hotel/eg/mirage-alexandria.html?aid=304142&label=gen173nr-10CAQoggI46wdIMVgEaEOIAQGYATO4ARfIAQzYAQPoAQH4AQGIAgGoAgG4Aoy7_c8GwAIB0gIkYWUzODUxY2YtOTlhYS00ZjA2LTllZmYtNmU3MTExMzllZjI42AIB4AIB&ucfs=1&arphpl=1&checkin=2026-06-01&checkout=2026-06-02&group_adults=2&req_adults=2&no_rooms=1&group_children=0&req_children=0&hpos=5&hapos=5&sr_order=popularity&srpvid=39ef7246304900a7&srepoch=1778343348&all_sr_blocks=1008858416_418479115_2_34_0&highlighted_blocks=1008858416_418479115_2_34_0&matching_block_id=1008858416_418479115_2_34_0&sr_pri_blocks=1008858416_418479115_2_34_0__7640&from=searchresults,5/9/2026
Alexandria,Ramsis Hotel,2752,EGP,2,0,1,8.4,40,Alexandria,1.4 km from downtown,3,Hotel,Double Room,No,Breakfast included,"Bar, Restaurant, 24-hour front desk",https://www.booking.com/hotel/eg/fndq-rmsys.html?aid=304142&label=gen173nr-10CAQoggI46wdIMVgEaEOIAQGYATO4ARfIAQzYAQPoAQH4AQGIAgGoAgG4Aoy7_c8GwAIB0gIkYWUzODUxY2YtOTlhYS00ZjA2LTllZmYtNmU3MTExMzllZjI42AIB4AIB&ucfs=1&arphpl=1&checkin=2026-06-01&checkout=2026-06-02&group_adults=2&req_adults=2&no_rooms=1&group_children=0&req_children=0&hpos=6&hapos=6&sr_order=popularity&srpvid=39ef7246304900a7&srepoch=1778343348&all_sr_blocks=1557865901_426897525_2_1_0&highlighted_blocks=1557865901_426897525_2_1_0&matching_block_id=1557865901_426897525_2_1_0&sr_pri_blocks=1557865901_426897525_2_1_0__5220&from=searchresults,5/9/2026
Alexandria,Hilton Alexandria Green Plaza,3809,EGP,2,0,1,8.5,1998,Alexandria,4.5 km from downtown,5,Hotel,Twin Room,Yes,,"Hot tub/Jacuzzi, Heated pool",https://www.booking.com/hotel/eg/hilton-alexandria-green-plaza.html?aid=304142&label=gen173nr-10CAQoggI46wdIMVgEaEOIAQGYATO4ARfIAQzYAQPoAQH4AQGIAgGoAgG4Aoy7_c8GwAIB0gIkYWUzODUxY2YtOTlhYS00ZjA2LTllZmYtNmU3MTExMzllZjI42AIB4AIB&ucfs=1&arphpl=1&checkin=2026-06-01&checkout=2026-06-02&group_adults=2&req_adults=2&no_rooms=1&group_children=0&req_children=0&hpos=7&hapos=7&sr_order=popularity&srpvid=39ef7246304900a7&srepoch=1778343348&all_sr_blocks=4759401_344473198_2_34_0&highlighted_blocks=4759401_344473198_2_34_0&matching_block_id=4759401_344473198_2_34_0&sr_pri_blocks=4759401_344473198_2_34_0__7225&from_sustainable_property_sr=1&from=searchresults,5/9/2026
Alexandria,Hilton Alexandria Corniche Hotel,5019,EGP,2,0,1,7.9,2552,Alexandria,9.2 km from downtown,5,Hotel,King Room with Partial Sea View,Yes,,"Hot tub/Jacuzzi, Spa",https://www.booking.com/hotel/eg/hilton-alexandria-corniche.html?aid=304142&label=gen173nr-10CAQoggI46wdIMVgEaEOIAQGYATO4ARfIAQzYAQPoAQH4AQGIAgGoAgG4Aoy7_c8GwAIB0gIkYWUzODUxY2YtOTlhYS00ZjA2LTllZmYtNmU3MTExMzllZjI42AIB4AIB&ucfs=1&arphpl=1&checkin=2026-06-01&checkout=2026-06-02&group_adults=2&req_adults=2&no_rooms=1&group_children=0&req_children=0&hpos=8&hapos=8&sr_order=popularity&srpvid=39ef7246304900a7&srepoch=1778343348&all_sr_blocks=50573423_266273126_2_42_0&highlighted_blocks=50573423_266273126_2_42_0&matching_block_id=50573423_266273126_2_42_0&sr_pri_blocks=50573423_266273126_2_42_0__9520&from_sustainable_property_sr=1&from=searchresults,5/9/2026
Alexandria,AL ASAFRA DAHAB - families only,1160,EGP,2,0,1,8.1,864,Alexandria,11.2 km from downtown,3,Hotel,Studio,Yes,,Free Wifi,https://www.booking.com/hotel/eg/l-sfrh-dhb.html?aid=304142&label=gen173nr-10CAQoggI46wdIMVgEaEOIAQGYATO4ARfIAQzYAQPoAQH4AQGIAgGoAgG4Aoy7_c8GwAIB0gIkYWUzODUxY2YtOTlhYS00ZjA2LTllZmYtNmU3MTExMzllZjI42AIB4AIB&ucfs=1&arphpl=1&checkin=2026-06-01&checkout=2026-06-02&group_adults=2&req_adults=2&no_rooms=1&group_children=0&req_children=0&hpos=9&hapos=9&sr_order=popularity&srpvid=39ef7246304900a7&srepoch=1778343348&all_sr_blocks=603384308_265566650_2_0_0&highlighted_blocks=603384308_265566650_2_0_0&matching_block_id=603384308_265566650_2_0_0&sr_pri_blocks=603384308_265566650_2_0_0__2200&from=searchresults,5/9/2026
Alexandria,Kaoud Sporting Hotel,949,EGP,2,0,1,5,738,Alexandria,2.7 km from downtown,3,Hotel,Budget Double Room with Back View,Yes,,"Free Wifi, 24-hour front desk",https://www.booking.com/hotel/eg/kaoud-sporting-lskndry.html?aid=304142&label=gen173nr-10CAQoggI46wdIMVgEaEOIAQGYATO4ARfIAQzYAQPoAQH4AQGIAgGoAgG4Aoy7_c8GwAIB0gIkYWUzODUxY2YtOTlhYS00ZjA2LTllZmYtNmU3MTExMzllZjI42AIB4AIB&ucfs=1&arphpl=1&checkin=2026-06-01&checkout=2026-06-02&group_adults=2&req_adults=2&no_rooms=1&group_children=0&req_children=0&hpos=10&hapos=10&sr_order=popularity&srpvid=39ef7246304900a7&srepoch=1778343348&all_sr_blocks=325182804_402073003_0_0_0&highlighted_blocks=325182804_402073003_0_0_0&matching_block_id=325182804_402073003_0_0_0&sr_pri_blocks=325182804_402073003_0_0_0__1800&from=searchresults,5/9/2026
Alexandria,Santorini Seafront Stay,2636,EGP,2,0,1,8.6,56,Alexandria,1.7 km from downtown,3,Apartment,Apartment with Sea View,Yes,,,https://www.booking.com/hotel/eg/santorini-seaside-stay.html?aid=304142&label=gen173nr-10CAQoggI46wdIMVgEaEOIAQGYATO4ARfIAQzYAQPoAQH4AQGIAgGoAgG4Aoy7_c8GwAIB0gIkYWUzODUxY2YtOTlhYS00ZjA2LTllZmYtNmU3MTExMzllZjI42AIB4AIB&ucfs=1&arphpl=1&checkin=2026-06-01&checkout=2026-06-02&group_adults=2&req_adults=2&no_rooms=1&group_children=0&req_children=0&hpos=11&hapos=11&sr_order=popularity&srpvid=39ef7246304900a7&srepoch=1778343348&all_sr_blocks=303397601_172795772_2_0_0&highlighted_blocks=303397601_172795772_2_0_0&matching_block_id=303397601_172795772_2_0_0&sr_pri_blocks=303397601_172795772_2_0_0__5000&from=searchresults,5/9/2026
Alexandria,Hilton Alexandria King's Ranch Hotel,5512,EGP,2,0,1,8.5,954,Alexandria,32.4 km from downtown,5,Hotel,Twin Room,Yes,,"Hot tub/Jacuzzi, Spa",https://www.booking.com/hotel/eg/hilton-alexandria-kings-ranch.html?aid=304142&label=gen173nr-10CAQoggI46wdIMVgEaEOIAQGYATO4ARfIAQzYAQPoAQH4AQGIAgGoAgG4Aoy7_c8GwAIB0gIkYWUzODUxY2YtOTlhYS00ZjA2LTllZmYtNmU3MTExMzllZjI42AIB4AIB&ucfs=1&arphpl=1&checkin=2026-06-01&checkout=2026-06-02&group_adults=2&req_adults=2&no_rooms=1&group_children=0&req_children=0&hpos=12&hapos=12&sr_order=popularity&srpvid=39ef7246304900a7&srepoch=1778343348&all_sr_blocks=135263310_266270724_2_34_0&highlighted_blocks=135263310_266270724_2_34_0&matching_block_id=135263310_266270724_2_34_0&sr_pri_blocks=135263310_266270724_2_34_0__10455&from_sustainable_property_sr=1&from=searchresults,5/9/2026
Alexandria,Palestine Montaza Alexandria,7803,EGP,2,0,1,8.5,2816,Alexandria,13.6 km from downtown,5,Hotel,Superior Double or Twin Room with Sea View,Yes,Breakfast included,"Hot tub/Jacuzzi, Spa, Restaurant",https://www.booking.com/hotel/eg/helnan-palestine.html?aid=304142&label=gen173nr-10CAQoggI46wdIMVgEaEOIAQGYATO4ARfIAQzYAQPoAQH4AQGIAgGoAgG4Aoy7_c8GwAIB0gIkYWUzODUxY2YtOTlhYS00ZjA2LTllZmYtNmU3MTExMzllZjI42AIB4AIB&ucfs=1&arphpl=1&checkin=2026-06-01&checkout=2026-06-02&group_adults=2&req_adults=2&no_rooms=1&group_children=0&req_children=0&hpos=13&hapos=13&sr_order=popularity&srpvid=39ef7246304900a7&srepoch=1778343348&all_sr_blocks=1614822_199737183_2_1_0&highlighted_blocks=1614822_199737183_2_1_0&matching_block_id=1614822_199737183_2_1_0&sr_pri_blocks=1614822_199737183_2_1_0__14800&from=searchresults,5/9/2026
Alexandria,Plaza Hotel Alexandria,3321,EGP,2,0,1,7.2,2335,Alexandria,6.6 km from downtown,4,Hotel,Standard Room with Side Sea View - Egyptians and Residents Only,No,Breakfast included,"Bar, Restaurant, Free Wifi",https://www.booking.com/hotel/eg/plaza.html?aid=304142&label=gen173nr-10CAQoggI46wdIMVgEaEOIAQGYATO4ARfIAQzYAQPoAQH4AQGIAgGoAgG4Aoy7_c8GwAIB0gIkYWUzODUxY2YtOTlhYS00ZjA2LTllZmYtNmU3MTExMzllZjI42AIB4AIB&ucfs=1&arphpl=1&checkin=2026-06-01&checkout=2026-06-02&group_adults=2&req_adults=2&no_rooms=1&group_children=0&req_children=0&hpos=14&hapos=14&sr_order=popularity&srpvid=39ef7246304900a7&srepoch=1778343348&all_sr_blocks=36004906_89305156_2_41_0&highlighted_blocks=36004906_89305156_2_41_0&matching_block_id=36004906_89305156_2_41_0&sr_pri_blocks=36004906_89305156_2_41_0__6300&from=searchresults,5/9/2026
Alexandria,"Helnan Palace Hotel - Montaza Royal Gardens Alexandria , Adults Only",6326,EGP,2,0,1,8.5,818,Alexandria,13.5 km from downtown,5,Hotel,Special Offer - Princess Room - Egyptians Only,Yes,Breakfast included,"Adults only, Hot tub/Jacuzzi, Spa",https://www.booking.com/hotel/eg/helnan-palace.html?aid=304142&label=gen173nr-10CAQoggI46wdIMVgEaEOIAQGYATO4ARfIAQzYAQPoAQH4AQGIAgGoAgG4Aoy7_c8GwAIB0gIkYWUzODUxY2YtOTlhYS00ZjA2LTllZmYtNmU3MTExMzllZjI42AIB4AIB&ucfs=1&arphpl=1&checkin=2026-06-01&checkout=2026-06-02&group_adults=2&req_adults=2&no_rooms=1&group_children=0&req_children=0&hpos=15&hapos=15&sr_order=popularity&srpvid=39ef7246304900a7&srepoch=1778343348&all_sr_blocks=829109804_350666062_2_1_0&highlighted_blocks=829109804_350666062_2_1_0&matching_block_id=829109804_350666062_2_1_0&sr_pri_blocks=829109804_350666062_2_1_0__12000&from=searchresults,5/9/2026
Alexandria,Jewel San Stefano Hotel,1845,EGP,2,0,1,6.1,3725,Alexandria,7.1 km from downtown,4,Hotel,Standard Room City View for Egyptian and Resident Foreigners only,No,Breakfast included,"Restaurant, 24-hour front desk",https://www.booking.com/hotel/eg/jewel.html?aid=304142&label=gen173nr-10CAQoggI46wdIMVgEaEOIAQGYATO4ARfIAQzYAQPoAQH4AQGIAgGoAgG4Aoy7_c8GwAIB0gIkYWUzODUxY2YtOTlhYS00ZjA2LTllZmYtNmU3MTExMzllZjI42AIB4AIB&ucfs=1&arphpl=1&checkin=2026-06-01&checkout=2026-06-02&group_adults=2&req_adults=2&no_rooms=1&group_children=0&req_children=0&hpos=16&hapos=16&sr_order=popularity&srpvid=39ef7246304900a7&srepoch=1778343348&all_sr_blocks=573396310_368810480_2_1_0&highlighted_blocks=573396310_368810480_2_1_0&matching_block_id=573396310_368810480_2_1_0&sr_pri_blocks=573396310_368810480_2_1_0__3500&from=searchresults,5/9/2026
Alexandria,Downtown Sea View Suites,2593,EGP,2,0,1,9,436,Alexandria,2.9 km from downtown,4,Apartment,Two-Bedroom Apartment,Yes,,Free Wifi,https://www.booking.com/hotel/eg/downtown-sea-view-suites.html?aid=304142&label=gen173nr-10CAQoggI46wdIMVgEaEOIAQGYATO4ARfIAQzYAQPoAQH4AQGIAgGoAgG4Aoy7_c8GwAIB0gIkYWUzODUxY2YtOTlhYS00ZjA2LTllZmYtNmU3MTExMzllZjI42AIB4AIB&ucfs=1&arphpl=1&checkin=2026-06-01&checkout=2026-06-02&group_adults=2&req_adults=2&no_rooms=1&group_children=0&req_children=0&hpos=17&hapos=17&sr_order=popularity&srpvid=39ef7246304900a7&srepoch=1778343348&all_sr_blocks=579264602_335406410_2_0_0&highlighted_blocks=579264602_335406410_2_0_0&matching_block_id=579264602_335406410_2_0_0&sr_pri_blocks=579264602_335406410_2_0_0__4918&from=searchresults,5/9/2026
Alexandria,The Grand Plaza Hotel Smouha,3053,EGP,2,0,1,8.1,2287,Alexandria,4.1 km from downtown,4,Hotel,Standard Room,No,,"Restaurant, Free Wifi, 24-hour front desk",https://www.booking.com/hotel/eg/the-grand-plaza.html?aid=304142&label=gen173nr-10CAQoggI46wdIMVgEaEOIAQGYATO4ARfIAQzYAQPoAQH4AQGIAgGoAgG4Aoy7_c8GwAIB0gIkYWUzODUxY2YtOTlhYS00ZjA2LTllZmYtNmU3MTExMzllZjI42AIB4AIB&ucfs=1&arphpl=1&checkin=2026-06-01&checkout=2026-06-02&group_adults=2&req_adults=2&no_rooms=1&group_children=0&req_children=0&hpos=18&hapos=18&sr_order=popularity&srpvid=39ef7246304900a7&srepoch=1778343348&all_sr_blocks=258701611_0_2_0_0&highlighted_blocks=258701611_0_2_0_0&matching_block_id=258701611_0_2_0_0&sr_pri_blocks=258701611_0_2_0_0__5791&from=searchresults,5/9/2026
Alexandria,Ritz hotel,2372,EGP,2,0,1,6.9,134,Alexandria,1.3 km from downtown,5,Hotel,Deluxe Double Room with Side Sea View,Yes,Breakfast included,"Free parking, Bar, Restaurant",https://www.booking.com/hotel/eg/ritz.html?aid=304142&label=gen173nr-10CAQoggI46wdIMVgEaEOIAQGYATO4ARfIAQzYAQPoAQH4AQGIAgGoAgG4Aoy7_c8GwAIB0gIkYWUzODUxY2YtOTlhYS00ZjA2LTllZmYtNmU3MTExMzllZjI42AIB4AIB&ucfs=1&arphpl=1&checkin=2026-06-01&checkout=2026-06-02&group_adults=2&req_adults=2&no_rooms=1&group_children=0&req_children=0&hpos=19&hapos=19&sr_order=popularity&srpvid=39ef7246304900a7&srepoch=1778343348&all_sr_blocks=1448043805_417060406_2_1_0&highlighted_blocks=1448043805_417060406_2_1_0&matching_block_id=1448043805_417060406_2_1_0&sr_pri_blocks=1448043805_417060406_2_1_0__4500&from=searchresults,5/9/2026
Alexandria,Gleem Bay Luxury Apartment,2847,EGP,2,0,1,8.9,106,Alexandria,5 km from downtown,3,Apartment,Two-Bedroom Apartment with Balcony and Sea View,Yes,,Free Wifi,https://www.booking.com/hotel/eg/gleem-bay-super-lux-apartment.html?aid=304142&label=gen173nr-10CAQoggI46wdIMVgEaEOIAQGYATO4ARfIAQzYAQPoAQH4AQGIAgGoAgG4Aoy7_c8GwAIB0gIkYWUzODUxY2YtOTlhYS00ZjA2LTllZmYtNmU3MTExMzllZjI42AIB4AIB&ucfs=1&arphpl=1&checkin=2026-06-01&checkout=2026-06-02&group_adults=2&req_adults=2&no_rooms=1&group_children=0&req_children=0&hpos=20&hapos=20&sr_order=popularity&srpvid=39ef7246304900a7&srepoch=1778343348&all_sr_blocks=1231258501_402138379_6_0_0&highlighted_blocks=1231258501_402138379_6_0_0&matching_block_id=1231258501_402138379_6_0_0&sr_pri_blocks=1231258501_402138379_6_0_0__5400&from=searchresults,5/9/2026
Alexandria,Windsor Palace Luxury Heritage Hotel Since 1906 by Paradise Inn Group,5781,EGP,2,0,1,9.1,3187,Alexandria,2.1 km from downtown,4,Inn,Golden Classic Room City View,Yes,Breakfast included,"Bar, Restaurant, Free Wifi",https://www.booking.com/hotel/eg/windsor-palace.html?aid=304142&label=gen173nr-10CAQoggI46wdIMVgEaEOIAQGYATO4ARfIAQzYAQPoAQH4AQGIAgGoAgG4Aoy7_c8GwAIB0gIkYWUzODUxY2YtOTlhYS00ZjA2LTllZmYtNmU3MTExMzllZjI42AIB4AIB&ucfs=1&arphpl=1&checkin=2026-06-01&checkout=2026-06-02&group_adults=2&req_adults=2&no_rooms=1&group_children=0&req_children=0&hpos=21&hapos=21&sr_order=popularity&srpvid=39ef7246304900a7&srepoch=1778343348&all_sr_blocks=17387619_379838759_2_1_0&highlighted_blocks=17387619_379838759_2_1_0&matching_block_id=17387619_379838759_2_1_0&sr_pri_blocks=17387619_379838759_2_1_0__10965&from=searchresults,5/9/2026
Alexandria,Helnan Mamoura Hotel & Events Center,5536,EGP,2,0,1,9,1472,"Al Mamurah, Alexandria",14.6 km from downtown,5,Hotel,Special Offer - Deluxe Double or Twin Room with Pool View - Egyptians Only,Yes,Breakfast included,"Heated pool, Spa, Bar",https://www.booking.com/hotel/eg/helnan-mamoura.html?aid=304142&label=gen173nr-10CAQoggI46wdIMVgEaEOIAQGYATO4ARfIAQzYAQPoAQH4AQGIAgGoAgG4Aoy7_c8GwAIB0gIkYWUzODUxY2YtOTlhYS00ZjA2LTllZmYtNmU3MTExMzllZjI42AIB4AIB&ucfs=1&arphpl=1&checkin=2026-06-01&checkout=2026-06-02&group_adults=2&req_adults=2&no_rooms=1&group_children=0&req_children=0&hpos=22&hapos=22&sr_order=popularity&srpvid=39ef7246304900a7&srepoch=1778343348&all_sr_blocks=868621005_423403442_2_1_0&highlighted_blocks=868621005_423403442_2_1_0&matching_block_id=868621005_423403442_2_1_0&sr_pri_blocks=868621005_423403442_2_1_0__10500&from=searchresults,5/9/2026
Alexandria,Alex inn Rooms,844,EGP,2,0,1,6.6,134,Alexandria,1.7 km from downtown,,Inn,Double Room,Yes,,"Free Wifi, 24-hour front desk",https://www.booking.com/hotel/eg/alex-inn-rooms.html?aid=304142&label=gen173nr-10CAQoggI46wdIMVgEaEOIAQGYATO4ARfIAQzYAQPoAQH4AQGIAgGoAgG4Aoy7_c8GwAIB0gIkYWUzODUxY2YtOTlhYS00ZjA2LTllZmYtNmU3MTExMzllZjI42AIB4AIB&ucfs=1&arphpl=1&checkin=2026-06-01&checkout=2026-06-02&group_adults=2&req_adults=2&no_rooms=1&group_children=0&req_children=0&hpos=23&hapos=23&sr_order=popularity&srpvid=39ef7246304900a7&srepoch=1778343348&all_sr_blocks=1538799706_425308342_2_0_0&highlighted_blocks=1538799706_425308342_2_0_0&matching_block_id=1538799706_425308342_2_0_0&sr_pri_blocks=1538799706_425308342_2_0_0__1600&from=searchresults,5/9/2026
Alexandria,Royal jewel Al-Raml Hotel,4639,EGP,2,0,1,7.9,44,Alexandria,1.5 km from downtown,4,Hotel,Standard Double Room with City View,Yes,Breakfast included,"Restaurant, Free Wifi, 24-hour front desk",https://www.booking.com/hotel/eg/royal-jewel-al-raml-tn-lrml.html?aid=304142&label=gen173nr-10CAQoggI46wdIMVgEaEOIAQGYATO4ARfIAQzYAQPoAQH4AQGIAgGoAgG4Aoy7_c8GwAIB0gIkYWUzODUxY2YtOTlhYS00ZjA2LTllZmYtNmU3MTExMzllZjI42AIB4AIB&ucfs=1&arphpl=1&checkin=2026-06-01&checkout=2026-06-02&group_adults=2&req_adults=2&no_rooms=1&group_children=0&req_children=0&hpos=24&hapos=24&sr_order=popularity&srpvid=39ef7246304900a7&srepoch=1778343348&all_sr_blocks=1589544407_431821946_2_1_0&highlighted_blocks=1589544407_431821946_2_1_0&matching_block_id=1589544407_431821946_2_1_0&sr_pri_blocks=1589544407_431821946_2_1_0__8800&from=searchresults,5/9/2026
Alexandria,Steigenberger Cecil Hotel Alexandria,6117,EGP,2,0,1,9,2145,Alexandria,1.9 km from downtown,4,Hotel,Classic Room,No,Breakfast included,"Bar, Restaurant, Free Wifi",https://www.booking.com/hotel/eg/cecil-alexandria.html?aid=304142&label=gen173nr-10CAQoggI46wdIMVgEaEOIAQGYATO4ARfIAQzYAQPoAQH4AQGIAgGoAgG4Aoy7_c8GwAIB0gIkYWUzODUxY2YtOTlhYS00ZjA2LTllZmYtNmU3MTExMzllZjI42AIB4AIB&ucfs=1&arphpl=1&checkin=2026-06-01&checkout=2026-06-02&group_adults=2&req_adults=2&no_rooms=1&group_children=0&req_children=0&hpos=25&hapos=25&sr_order=popularity&srpvid=39ef7246304900a7&srepoch=1778343348&all_sr_blocks=1608811_95140735_2_1_0&highlighted_blocks=1608811_95140735_2_1_0&matching_block_id=1608811_95140735_2_1_0&sr_pri_blocks=1608811_95140735_2_1_0__11602&from=searchresults,5/9/2026
Alexandria,"Radisson Blu Hotel & Convention Center, Alexandria",6050,EGP,2,0,1,8.9,1072,Alexandria,24.8 km from downtown,5,Hotel,Standard Room with terrace,Yes,Breakfast included,"Adults only, Hot tub/Jacuzzi, Heated pool",https://www.booking.com/hotel/eg/radisson-blu.html?aid=304142&label=gen173nr-10CAQoggI46wdIMVgEaEOIAQGYATO4ARfIAQzYAQPoAQH4AQGIAgGoAgG4Aoy7_c8GwAIB0gIkYWUzODUxY2YtOTlhYS00ZjA2LTllZmYtNmU3MTExMzllZjI42AIB4AIB&ucfs=1&arphpl=1&checkin=2026-06-01&checkout=2026-06-02&group_adults=2&req_adults=2&no_rooms=1&group_children=0&req_children=0&hpos=1&hapos=26&sr_order=popularity&srpvid=39ef7246304900a7&srepoch=1778343319&all_sr_blocks=17144001_246058381_2_1_0&highlighted_blocks=17144001_246058381_2_1_0&matching_block_id=17144001_246058381_2_1_0&sr_pri_blocks=17144001_246058381_2_1_0__11476&from=searchresults,5/9/2026
Alexandria,Enjoy modern cozy entire studio in a fancy building with Free Wi-Fi & AC and Flat screen TV in Loran in the heart of Alexandria,696,EGP,2,0,1,9.1,21,Alexandria,8 km from downtown,,Apartment,Studio with Garden View,No,,"Free parking, Restaurant, Free Wifi",https://www.booking.com/hotel/eg/luxurious-room-in-loran-alexandria.html?aid=304142&label=gen173nr-10CAQoggI46wdIMVgEaEOIAQGYATO4ARfIAQzYAQPoAQH4AQGIAgGoAgG4Aoy7_c8GwAIB0gIkYWUzODUxY2YtOTlhYS00ZjA2LTllZmYtNmU3MTExMzllZjI42AIB4AIB&ucfs=1&arphpl=1&checkin=2026-06-01&checkout=2026-06-02&group_adults=2&req_adults=2&no_rooms=1&group_children=0&req_children=0&hpos=2&hapos=27&sr_order=popularity&srpvid=39ef7246304900a7&srepoch=1778343319&all_sr_blocks=1269957801_424442487_2_0_0&highlighted_blocks=1269957801_424442487_2_0_0&matching_block_id=1269957801_424442487_2_0_0&sr_pri_blocks=1269957801_424442487_2_0_0__1320&from=searchresults,5/9/2026
Alexandria,SEA VIEW PARADISE 2,2593,EGP,2,0,1,9.3,94,Alexandria,3.4 km from downtown,3,Apartment,One-Bedroom Apartment,Yes,,Free Wifi,https://www.booking.com/hotel/eg/sea-view-paradise-2.html?aid=304142&label=gen173nr-10CAQoggI46wdIMVgEaEOIAQGYATO4ARfIAQzYAQPoAQH4AQGIAgGoAgG4Aoy7_c8GwAIB0gIkYWUzODUxY2YtOTlhYS00ZjA2LTllZmYtNmU3MTExMzllZjI42AIB4AIB&ucfs=1&arphpl=1&checkin=2026-06-01&checkout=2026-06-02&group_adults=2&req_adults=2&no_rooms=1&group_children=0&req_children=0&hpos=3&hapos=28&sr_order=popularity&srpvid=39ef7246304900a7&srepoch=1778343319&all_sr_blocks=809851001_399839779_2_0_0&highlighted_blocks=809851001_399839779_2_0_0&matching_block_id=809851001_399839779_2_0_0&sr_pri_blocks=809851001_399839779_2_0_0__4918&from=searchresults,5/9/2026
Alexandria,Eastern Al Montazah Hotel,3255,EGP,2,0,1,7.9,1627,Alexandria,13.2 km from downtown,4,Hotel,Superior Room with City View,Yes,,"Hot tub/Jacuzzi, Heated pool, Restaurant",https://www.booking.com/hotel/eg/eastern-al-montazah.html?aid=304142&label=gen173nr-10CAQoggI46wdIMVgEaEOIAQGYATO4ARfIAQzYAQPoAQH4AQGIAgGoAgG4Aoy7_c8GwAIB0gIkYWUzODUxY2YtOTlhYS00ZjA2LTllZmYtNmU3MTExMzllZjI42AIB4AIB&ucfs=1&arphpl=1&checkin=2026-06-01&checkout=2026-06-02&group_adults=2&req_adults=2&no_rooms=1&group_children=0&req_children=0&hpos=4&hapos=29&sr_order=popularity&srpvid=39ef7246304900a7&srepoch=1778343319&all_sr_blocks=174059701_416361498_2_42_0&highlighted_blocks=174059701_416361498_2_42_0&matching_block_id=174059701_416361498_2_42_0&sr_pri_blocks=174059701_416361498_2_42_0__6175&from=searchresults,5/9/2026
Alexandria,Skyline Holiday Homes,5959,EGP,2,0,1,7.7,335,Alexandria,1.7 km from downtown,3,Apartment,Three-Bedroom Apartment - Corner Sea View,Yes,,Free Wifi,https://www.booking.com/hotel/eg/stunning-3-bed-apt-beach-front-panoramic-view-alex.html?aid=304142&label=gen173nr-10CAQoggI46wdIMVgEaEOIAQGYATO4ARfIAQzYAQPoAQH4AQGIAgGoAgG4Aoy7_c8GwAIB0gIkYWUzODUxY2YtOTlhYS00ZjA2LTllZmYtNmU3MTExMzllZjI42AIB4AIB&ucfs=1&arphpl=1&checkin=2026-06-01&checkout=2026-06-02&group_adults=2&req_adults=2&no_rooms=1&group_children=0&req_children=0&hpos=5&hapos=30&sr_order=popularity&srpvid=39ef7246304900a7&srepoch=1778343319&all_sr_blocks=808317711_431579023_0_0_0&highlighted_blocks=808317711_431579023_0_0_0&matching_block_id=808317711_431579023_0_0_0&sr_pri_blocks=808317711_431579023_0_0_0__11303&from=searchresults,5/9/2026
Alexandria,Cleopatra Family Residents,1091,EGP,2,0,1,6,1636,Alexandria,3.1 km from downtown,3,Hotel,Deluxe Double Room with Sea View,No,,"Free Wifi, 24-hour front desk",https://www.booking.com/hotel/eg/royal-crown-alexandria.html?aid=304142&label=gen173nr-10CAQoggI46wdIMVgEaEOIAQGYATO4ARfIAQzYAQPoAQH4AQGIAgGoAgG4Aoy7_c8GwAIB0gIkYWUzODUxY2YtOTlhYS00ZjA2LTllZmYtNmU3MTExMzllZjI42AIB4AIB&ucfs=1&arphpl=1&checkin=2026-06-01&checkout=2026-06-02&group_adults=2&req_adults=2&no_rooms=1&group_children=0&req_children=0&hpos=6&hapos=31&sr_order=popularity&srpvid=39ef7246304900a7&srepoch=1778343319&all_sr_blocks=177327201_295820558_2_0_0&highlighted_blocks=177327201_295820558_2_0_0&matching_block_id=177327201_295820558_2_0_0&sr_pri_blocks=177327201_295820558_2_0_0__2070&from=searchresults,5/9/2026
Alexandria,ALEX HOMES - Sporting Cozy Apartments with Direct Sea View,7683,EGP,2,0,1,8.9,114,Alexandria,2.7 km from downtown,4,Apartment,Three-Bedroom Apartment with Sea View,Yes,,"Free Wifi, 24-hour front desk",https://www.booking.com/hotel/eg/alexandria-luxury-apartments-sporting-direct-sea-view.html?aid=304142&label=gen173nr-10CAQoggI46wdIMVgEaEOIAQGYATO4ARfIAQzYAQPoAQH4AQGIAgGoAgG4Aoy7_c8GwAIB0gIkYWUzODUxY2YtOTlhYS00ZjA2LTllZmYtNmU3MTExMzllZjI42AIB4AIB&ucfs=1&arphpl=1&checkin=2026-06-01&checkout=2026-06-02&group_adults=2&req_adults=2&no_rooms=1&group_children=0&req_children=0&hpos=7&hapos=32&sr_order=popularity&srpvid=39ef7246304900a7&srepoch=1778343319&all_sr_blocks=884203706_433784002_7_0_0&highlighted_blocks=884203706_433784002_7_0_0&matching_block_id=884203706_433784002_7_0_0&sr_pri_blocks=884203706_433784002_7_0_0__14573&from=searchresults,5/9/2026
Alexandria,Hayah Suites & Rooms,844,EGP,2,0,1,5.7,124,Alexandria,1.8 km from downtown,4,Apartment,Double Room with Shared Bathroom,Yes,,24-hour front desk,https://www.booking.com/hotel/eg/hayah-suites-amp-rooms.html?aid=304142&label=gen173nr-10CAQoggI46wdIMVgEaEOIAQGYATO4ARfIAQzYAQPoAQH4AQGIAgGoAgG4Aoy7_c8GwAIB0gIkYWUzODUxY2YtOTlhYS00ZjA2LTllZmYtNmU3MTExMzllZjI42AIB4AIB&ucfs=1&arphpl=1&checkin=2026-06-01&checkout=2026-06-02&group_adults=2&req_adults=2&no_rooms=1&group_children=0&req_children=0&hpos=8&hapos=33&sr_order=popularity&srpvid=39ef7246304900a7&srepoch=1778343319&all_sr_blocks=1460895115_417386628_2_0_0&highlighted_blocks=1460895115_417386628_2_0_0&matching_block_id=1460895115_417386628_2_0_0&sr_pri_blocks=1460895115_417386628_2_0_0__1600&from=searchresults,5/9/2026
Alexandria,Bianchi Hotel,1266,EGP,2,0,1,8.9,350,Alexandria,15.7 km from downtown,,Hotel,Superior Double Room,No,Breakfast included,"Free Wifi, 24-hour front desk",https://www.booking.com/hotel/eg/bianchi.html?aid=304142&label=gen173nr-10CAQoggI46wdIMVgEaEOIAQGYATO4ARfIAQzYAQPoAQH4AQGIAgGoAgG4Aoy7_c8GwAIB0gIkYWUzODUxY2YtOTlhYS00ZjA2LTllZmYtNmU3MTExMzllZjI42AIB4AIB&ucfs=1&arphpl=1&checkin=2026-06-01&checkout=2026-06-02&group_adults=2&req_adults=2&no_rooms=1&group_children=0&req_children=0&hpos=9&hapos=34&sr_order=popularity&srpvid=39ef7246304900a7&srepoch=1778343319&all_sr_blocks=0_0_2_1_0&highlighted_blocks=0_0_2_1_0&matching_block_id=0_0_2_1_0&sr_pri_blocks=0_0_2_1_0__2401&from=searchresults,5/9/2026
Alexandria,اللوكاندة الجديدة New Hotel,738,EGP,2,0,1,8,298,Alexandria,2.1 km from downtown,,Hotel,Deluxe Double Room with Side Sea View,Yes,,"Adults only, Free Wifi, 24-hour front desk",https://www.booking.com/hotel/eg/llwknd-ljdyd-new.html?aid=304142&label=gen173nr-10CAQoggI46wdIMVgEaEOIAQGYATO4ARfIAQzYAQPoAQH4AQGIAgGoAgG4Aoy7_c8GwAIB0gIkYWUzODUxY2YtOTlhYS00ZjA2LTllZmYtNmU3MTExMzllZjI42AIB4AIB&ucfs=1&arphpl=1&checkin=2026-06-01&checkout=2026-06-02&group_adults=2&req_adults=2&no_rooms=1&group_children=0&req_children=0&hpos=10&hapos=35&sr_order=popularity&srpvid=39ef7246304900a7&srepoch=1778343319&all_sr_blocks=697780703_409400145_2_0_0&highlighted_blocks=697780703_409400145_2_0_0&matching_block_id=697780703_409400145_2_0_0&sr_pri_blocks=697780703_409400145_2_0_0__1400&from=searchresults,5/9/2026
Alexandria,Tolip Hotel Alexandria,7381,EGP,2,0,1,8.2,12530,Alexandria,4.4 km from downtown,5,Hotel,Special Offer - Deluxe Room with City View - Egyptians and Residents Only,Yes,,"Hot tub/Jacuzzi, Heated pool, Spa",https://www.booking.com/hotel/eg/royal-tulip-alexandria.html?aid=304142&label=gen173nr-10CAQoggI46wdIMVgEaEOIAQGYATO4ARfIAQzYAQPoAQH4AQGIAgGoAgG4Aoy7_c8GwAIB0gIkYWUzODUxY2YtOTlhYS00ZjA2LTllZmYtNmU3MTExMzllZjI42AIB4AIB&ucfs=1&arphpl=1&checkin=2026-06-01&checkout=2026-06-02&group_adults=2&req_adults=2&no_rooms=1&group_children=0&req_children=0&hpos=11&hapos=36&sr_order=popularity&srpvid=39ef7246304900a7&srepoch=1778343319&all_sr_blocks=78883120_433176129_2_34_0_131741&highlighted_blocks=78883120_433176129_2_34_0_131741&matching_block_id=78883120_433176129_2_34_0_131741&sr_pri_blocks=78883120_433176129_2_34_0_131741_14000&from=searchresults,5/9/2026
Alexandria,Le Metropole Luxury Heritage Hotel Since 1902 by Paradise Inn Group,6978,EGP,2,0,1,9.4,2738,Alexandria,1.7 km from downtown,5,Inn,Golden Classic Room City View With Light Dinner,Yes,Breakfast included,"Restaurant, Free Wifi, 24-hour front desk",https://www.booking.com/hotel/eg/le-metropole.html?aid=304142&label=gen173nr-10CAQoggI46wdIMVgEaEOIAQGYATO4ARfIAQzYAQPoAQH4AQGIAgGoAgG4Aoy7_c8GwAIB0gIkYWUzODUxY2YtOTlhYS00ZjA2LTllZmYtNmU3MTExMzllZjI42AIB4AIB&ucfs=1&arphpl=1&checkin=2026-06-01&checkout=2026-06-02&group_adults=2&req_adults=2&no_rooms=1&group_children=0&req_children=0&hpos=12&hapos=37&sr_order=popularity&srpvid=39ef7246304900a7&srepoch=1778343319&all_sr_blocks=17387543_379838745_2_1_0_1075499&highlighted_blocks=17387543_379838745_2_1_0_1075499&matching_block_id=17387543_379838745_2_1_0_1075499&sr_pri_blocks=17387543_379838745_2_1_0_1075499_13236&from=searchresults,5/9/2026
Alexandria,Arab Boutique I Alexandria I Downtown,1233,EGP,2,0,1,7.4,297,Alexandria,1 km from downtown,,Hotel,Double Room with Private Bathroom,No,,"Free Wifi, 24-hour front desk",https://www.booking.com/hotel/eg/for-men-only-no-ladies-siren-amp-lovely-private-room.html?aid=304142&label=gen173nr-10CAQoggI46wdIMVgEaEOIAQGYATO4ARfIAQzYAQPoAQH4AQGIAgGoAgG4Aoy7_c8GwAIB0gIkYWUzODUxY2YtOTlhYS00ZjA2LTllZmYtNmU3MTExMzllZjI42AIB4AIB&ucfs=1&arphpl=1&checkin=2026-06-01&checkout=2026-06-02&group_adults=2&req_adults=2&no_rooms=1&group_children=0&req_children=0&hpos=13&hapos=38&sr_order=popularity&srpvid=39ef7246304900a7&srepoch=1778343319&all_sr_blocks=911410602_362455109_2_0_0&highlighted_blocks=911410602_362455109_2_0_0&matching_block_id=911410602_362455109_2_0_0&sr_pri_blocks=911410602_362455109_2_0_0__2339&from=searchresults,5/9/2026
Alexandria,Sporting Suite Studio,2372,EGP,2,0,1,7.7,64,Alexandria,2.7 km from downtown,4,Apartment,Studio Apartment,Yes,,,https://www.booking.com/hotel/eg/sporting-suite-apartment.html?aid=304142&label=gen173nr-10CAQoggI46wdIMVgEaEOIAQGYATO4ARfIAQzYAQPoAQH4AQGIAgGoAgG4Aoy7_c8GwAIB0gIkYWUzODUxY2YtOTlhYS00ZjA2LTllZmYtNmU3MTExMzllZjI42AIB4AIB&ucfs=1&arphpl=1&checkin=2026-06-01&checkout=2026-06-02&group_adults=2&req_adults=2&no_rooms=1&group_children=0&req_children=0&hpos=14&hapos=39&sr_order=popularity&srpvid=39ef7246304900a7&srepoch=1778343319&all_sr_blocks=261733101_172799062_2_0_0&highlighted_blocks=261733101_172799062_2_0_0&matching_block_id=261733101_172799062_2_0_0&sr_pri_blocks=261733101_172799062_2_0_0__4500&from=searchresults,5/9/2026
Alexandria,Nabeel Homes Boutique Hotel,6573,EGP,2,0,1,9.1,159,Alexandria,6.9 km from downtown,4,Apartment,Three-Bedroom Apartment - Corner Sea View,No,,Free Wifi,https://www.booking.com/hotel/eg/san-stefano-seaview-paradise-b9.html?aid=304142&label=gen173nr-10CAQoggI46wdIMVgEaEOIAQGYATO4ARfIAQzYAQPoAQH4AQGIAgGoAgG4Aoy7_c8GwAIB0gIkYWUzODUxY2YtOTlhYS00ZjA2LTllZmYtNmU3MTExMzllZjI42AIB4AIB&ucfs=1&arphpl=1&checkin=2026-06-01&checkout=2026-06-02&group_adults=2&req_adults=2&no_rooms=1&group_children=0&req_children=0&hpos=15&hapos=40&sr_order=popularity&srpvid=39ef7246304900a7&srepoch=1778343319&all_sr_blocks=1142321007_425639888_7_0_0&highlighted_blocks=1142321007_425639888_7_0_0&matching_block_id=1142321007_425639888_7_0_0&sr_pri_blocks=1142321007_425639888_7_0_0__12468&from=searchresults,5/9/2026
Alexandria,"Alexandria private rooms, Only For Men 仅限男士",860,EGP,2,0,1,7.1,163,Alexandria,2.8 km from downtown,,Hotel,Deluxe Double Room with Side Sea View,No,,Free Wifi,https://www.booking.com/hotel/eg/alexandria-a-private-room-at-shared-apartment-for-men-only-no-ladies-allowed-grf.html?aid=304142&label=gen173nr-10CAQoggI46wdIMVgEaEOIAQGYATO4ARfIAQzYAQPoAQH4AQGIAgGoAgG4Aoy7_c8GwAIB0gIkYWUzODUxY2YtOTlhYS00ZjA2LTllZmYtNmU3MTExMzllZjI42AIB4AIB&ucfs=1&arphpl=1&checkin=2026-06-01&checkout=2026-06-02&group_adults=2&req_adults=2&no_rooms=1&group_children=0&req_children=0&hpos=16&hapos=41&sr_order=popularity&srpvid=39ef7246304900a7&srepoch=1778343319&all_sr_blocks=1160060504_388707875_2_0_0&highlighted_blocks=1160060504_388707875_2_0_0&matching_block_id=1160060504_388707875_2_0_0&sr_pri_blocks=1160060504_388707875_2_0_0__1631&from=searchresults,5/9/2026
Alexandria,Nabeel Homes - Seaview Rooftop - San Stefano,8113,EGP,2,0,1,8.2,64,Alexandria,7 km from downtown,5,Apartment,Apartment,No,,"Free Wifi, 24-hour front desk",https://www.booking.com/hotel/eg/seaview-rooftop-in-san-stefano.html?aid=304142&label=gen173nr-10CAQoggI46wdIMVgEaEOIAQGYATO4ARfIAQzYAQPoAQH4AQGIAgGoAgG4Aoy7_c8GwAIB0gIkYWUzODUxY2YtOTlhYS00ZjA2LTllZmYtNmU3MTExMzllZjI42AIB4AIB&ucfs=1&arphpl=1&checkin=2026-06-01&checkout=2026-06-02&group_adults=2&req_adults=2&no_rooms=1&group_children=0&req_children=0&hpos=17&hapos=42&sr_order=popularity&srpvid=39ef7246304900a7&srepoch=1778343319&all_sr_blocks=1045883701_425639874_7_0_0&highlighted_blocks=1045883701_425639874_7_0_0&matching_block_id=1045883701_425639874_7_0_0&sr_pri_blocks=1045883701_425639874_7_0_0__15388&from=searchresults,5/9/2026
Alexandria,Golden Jewel Beach&Hotel,6854,EGP,2,0,1,8.6,829,Alexandria,3.9 km from downtown,5,Hotel,Deluxe Room Side Sea View (Egyptians & Residents only),Yes,Breakfast included,"Free parking, Restaurant, Free Wifi",https://www.booking.com/hotel/eg/golden-jewel.html?aid=304142&label=gen173nr-10CAQoggI46wdIMVgEaEOIAQGYATO4ARfIAQzYAQPoAQH4AQGIAgGoAgG4Aoy7_c8GwAIB0gIkYWUzODUxY2YtOTlhYS00ZjA2LTllZmYtNmU3MTExMzllZjI42AIB4AIB&ucfs=1&arphpl=1&checkin=2026-06-01&checkout=2026-06-02&group_adults=2&req_adults=2&no_rooms=1&group_children=0&req_children=0&hpos=18&hapos=43&sr_order=popularity&srpvid=39ef7246304900a7&srepoch=1778343319&all_sr_blocks=577364619_295906793_2_1_0&highlighted_blocks=577364619_295906793_2_1_0&matching_block_id=577364619_295906793_2_1_0&sr_pri_blocks=577364619_295906793_2_1_0__13000&from=searchresults,5/9/2026
Alexandria,Alex Panoramic seaview,2873,EGP,2,0,1,9.3,112,Alexandria,3.9 km from downtown,3,Apartment,Two-Bedroom Apartment with Balcony and Sea View,No,,Free Wifi,https://www.booking.com/hotel/eg/76-shr-sfr-mn-qsr-rs-ltyn.html?aid=304142&label=gen173nr-10CAQoggI46wdIMVgEaEOIAQGYATO4ARfIAQzYAQPoAQH4AQGIAgGoAgG4Aoy7_c8GwAIB0gIkYWUzODUxY2YtOTlhYS00ZjA2LTllZmYtNmU3MTExMzllZjI42AIB4AIB&ucfs=1&arphpl=1&checkin=2026-06-01&checkout=2026-06-02&group_adults=2&req_adults=2&no_rooms=1&group_children=0&req_children=0&hpos=19&hapos=44&sr_order=popularity&srpvid=39ef7246304900a7&srepoch=1778343319&all_sr_blocks=1246073801_425120167_2_0_0&highlighted_blocks=1246073801_425120167_2_0_0&matching_block_id=1246073801_425120167_2_0_0&sr_pri_blocks=1246073801_425120167_2_0_0__5450&from=searchresults,5/9/2026
Alexandria,Wide Seaview 3-Bedroom Apartment,3601,EGP,2,0,1,8.4,56,Alexandria,9.8 km from downtown,3,Apartment,Three-Bedroom Apartment,Yes,,Free Wifi,https://www.booking.com/hotel/eg/amazing-sea-front-3-bedroom-apartment.html?aid=304142&label=gen173nr-10CAQoggI46wdIMVgEaEOIAQGYATO4ARfIAQzYAQPoAQH4AQGIAgGoAgG4Aoy7_c8GwAIB0gIkYWUzODUxY2YtOTlhYS00ZjA2LTllZmYtNmU3MTExMzllZjI42AIB4AIB&ucfs=1&arphpl=1&checkin=2026-06-01&checkout=2026-06-02&group_adults=2&req_adults=2&no_rooms=1&group_children=0&req_children=0&hpos=20&hapos=45&sr_order=popularity&srpvid=39ef7246304900a7&srepoch=1778343319&all_sr_blocks=598227801_270679416_6_0_0&highlighted_blocks=598227801_270679416_6_0_0&matching_block_id=598227801_270679416_6_0_0&sr_pri_blocks=598227801_270679416_6_0_0__6831&from=searchresults,5/9/2026
Alexandria,San Giovanni Stanly Hotel,4007,EGP,2,0,1,8.6,987,Alexandria,4.7 km from downtown,3,Hotel,Standard Double Room,Yes,Breakfast included,"Bar, Restaurant, Free Wifi",https://www.booking.com/hotel/eg/san-giovanni-stanly-reataurant.html?aid=304142&label=gen173nr-10CAQoggI46wdIMVgEaEOIAQGYATO4ARfIAQzYAQPoAQH4AQGIAgGoAgG4Aoy7_c8GwAIB0gIkYWUzODUxY2YtOTlhYS00ZjA2LTllZmYtNmU3MTExMzllZjI42AIB4AIB&ucfs=1&arphpl=1&checkin=2026-06-01&checkout=2026-06-02&group_adults=2&req_adults=2&no_rooms=1&group_children=0&req_children=0&hpos=21&hapos=46&sr_order=popularity&srpvid=39ef7246304900a7&srepoch=1778343319&all_sr_blocks=30665401_347522213_0_1_0&highlighted_blocks=30665401_347522213_0_1_0&matching_block_id=30665401_347522213_0_1_0&sr_pri_blocks=30665401_347522213_0_1_0__7600&from=searchresults,5/9/2026
Alexandria,Royal Luxury Apartment with Gorgeous Sea View,5186,EGP,2,0,1,8.1,43,Alexandria,1.6 km from downtown,4,Apartment,Three-Bedroom Apartment,No,,Free parking,https://www.booking.com/hotel/eg/royal-luxury-apartment-with-gorgeous-sea-view-l-tryn.html?aid=304142&label=gen173nr-10CAQoggI46wdIMVgEaEOIAQGYATO4ARfIAQzYAQPoAQH4AQGIAgGoAgG4Aoy7_c8GwAIB0gIkYWUzODUxY2YtOTlhYS00ZjA2LTllZmYtNmU3MTExMzllZjI42AIB4AIB&ucfs=1&arphpl=1&checkin=2026-06-01&checkout=2026-06-02&group_adults=2&req_adults=2&no_rooms=1&group_children=0&req_children=0&hpos=22&hapos=47&sr_order=popularity&srpvid=39ef7246304900a7&srepoch=1778343319&all_sr_blocks=771901101_335074419_6_0_0&highlighted_blocks=771901101_335074419_6_0_0&matching_block_id=771901101_335074419_6_0_0&sr_pri_blocks=771901101_335074419_6_0_0__9837&from=searchresults,5/9/2026
Alexandria,Nabeel Homes - Seaview Building - 3 Units in Saba Pasha,6992,EGP,2,0,1,8.6,114,Alexandria,5.4 km from downtown,4,Apartment,Two-Bedroom Apartment with Balcony and Sea View,No,,"Free Wifi, 24-hour front desk",https://www.booking.com/hotel/eg/lovely-seaview-condo-in-saba-pasha.html?aid=304142&label=gen173nr-10CAQoggI46wdIMVgEaEOIAQGYATO4ARfIAQzYAQPoAQH4AQGIAgGoAgG4Aoy7_c8GwAIB0gIkYWUzODUxY2YtOTlhYS00ZjA2LTllZmYtNmU3MTExMzllZjI42AIB4AIB&ucfs=1&arphpl=1&checkin=2026-06-01&checkout=2026-06-02&group_adults=2&req_adults=2&no_rooms=1&group_children=0&req_children=0&hpos=23&hapos=48&sr_order=popularity&srpvid=39ef7246304900a7&srepoch=1778343319&all_sr_blocks=1002440101_425639883_5_0_0&highlighted_blocks=1002440101_425639883_5_0_0&matching_block_id=1002440101_425639883_5_0_0&sr_pri_blocks=1002440101_425639883_5_0_0__13262&from=searchresults,5/9/2026
Alexandria,Smouha Hotel,1186,EGP,2,0,1,6.7,30,Alexandria,2.4 km from downtown,,Hotel,Double Room with Garden View,Yes,,"Free Wifi, 24-hour front desk",https://www.booking.com/hotel/eg/smouha-qsm-syd-jbr2.html?aid=304142&label=gen173nr-10CAQoggI46wdIMVgEaEOIAQGYATO4ARfIAQzYAQPoAQH4AQGIAgGoAgG4Aoy7_c8GwAIB0gIkYWUzODUxY2YtOTlhYS00ZjA2LTllZmYtNmU3MTExMzllZjI42AIB4AIB&ucfs=1&arphpl=1&checkin=2026-06-01&checkout=2026-06-02&group_adults=2&req_adults=2&no_rooms=1&group_children=0&req_children=0&hpos=24&hapos=49&sr_order=popularity&srpvid=39ef7246304900a7&srepoch=1778343319&all_sr_blocks=1550956701_427134778_2_0_0&highlighted_blocks=1550956701_427134778_2_0_0&matching_block_id=1550956701_427134778_2_0_0&sr_pri_blocks=1550956701_427134778_2_0_0__2250&from=searchresults,5/9/2026
Alexandria,Sea View Haven In San Stefano,2161,EGP,2,0,1,8.5,81,Alexandria,6.9 km from downtown,3,Hotel,Sea View Haven B,Yes,,"Free Wifi, 24-hour front desk",https://www.booking.com/hotel/eg/sea-view-apt-in-alexandria-egypt.html?aid=304142&label=gen173nr-10CAQoggI46wdIMVgEaEOIAQGYATO4ARfIAQzYAQPoAQH4AQGIAgGoAgG4Aoy7_c8GwAIB0gIkYWUzODUxY2YtOTlhYS00ZjA2LTllZmYtNmU3MTExMzllZjI42AIB4AIB&ucfs=1&arphpl=1&checkin=2026-06-01&checkout=2026-06-02&group_adults=2&req_adults=2&no_rooms=1&group_children=0&req_children=0&hpos=25&hapos=50&sr_order=popularity&srpvid=39ef7246304900a7&srepoch=1778343319&all_sr_blocks=198812702_335347524_2_0_0&highlighted_blocks=198812702_335347524_2_0_0&matching_block_id=198812702_335347524_2_0_0&sr_pri_blocks=198812702_335347524_2_0_0__4099&from=searchresults,5/9/2026
Alexandria,Al Corniche Residence Sea View,6039,EGP,2,0,1,9.6,157,Alexandria,5.9 km from downtown,4,Apartment,Luxury Apartment with Partial sea View,Yes,,"Restaurant, Free Wifi, 24-hour front desk",https://www.booking.com/hotel/eg/gleem-luxury-appartments.html?aid=304142&label=gen173nr-10CAQoggI46wdIMVgEaEOIAQGYATO4ARfIAQzYAQPoAQH4AQGIAgGoAgG4Aoy7_c8GwAIB0gIkYWUzODUxY2YtOTlhYS00ZjA2LTllZmYtNmU3MTExMzllZjI42AIB4AIB&ucfs=1&arphpl=1&checkin=2026-06-01&checkout=2026-06-02&group_adults=2&req_adults=2&no_rooms=1&group_children=0&req_children=0&hpos=1&hapos=51&sr_order=popularity&srpvid=39ef7246304900a7&srepoch=1778343323&all_sr_blocks=213965702_432910328_5_0_0&highlighted_blocks=213965702_432910328_5_0_0&matching_block_id=213965702_432910328_5_0_0&sr_pri_blocks=213965702_432910328_5_0_0__11454&from=searchresults,5/9/2026
Alexandria,Louran Residence Hotel Apartments,3427,EGP,2,0,1,8,192,Alexandria,7.5 km from downtown,4,Apartment,Two-Bedroom Apartment,Yes,,"Free Wifi, 24-hour front desk",https://www.booking.com/hotel/eg/louran-residence-apartments.html?aid=304142&label=gen173nr-10CAQoggI46wdIMVgEaEOIAQGYATO4ARfIAQzYAQPoAQH4AQGIAgGoAgG4Aoy7_c8GwAIB0gIkYWUzODUxY2YtOTlhYS00ZjA2LTllZmYtNmU3MTExMzllZjI42AIB4AIB&ucfs=1&arphpl=1&checkin=2026-06-01&checkout=2026-06-02&group_adults=2&req_adults=2&no_rooms=1&group_children=0&req_children=0&hpos=2&hapos=52&sr_order=popularity&srpvid=39ef7246304900a7&srepoch=1778343323&all_sr_blocks=1180226906_390596137_4_2_0&highlighted_blocks=1180226906_390596137_4_2_0&matching_block_id=1180226906_390596137_4_2_0&sr_pri_blocks=1180226906_390596137_4_2_0__6500&from=searchresults,5/9/2026
Alexandria,Nabeel Homes - Seaview Building - 3 Units in Gleem,7686,EGP,2,0,1,7.8,81,Alexandria,5.8 km from downtown,4,Apartment,Two-Bedroom Apartment with Balcony and Sea View,No,,"Free Wifi, 24-hour front desk",https://www.booking.com/hotel/eg/designer-seaview-condo-in-gleem.html?aid=304142&label=gen173nr-10CAQoggI46wdIMVgEaEOIAQGYATO4ARfIAQzYAQPoAQH4AQGIAgGoAgG4Aoy7_c8GwAIB0gIkYWUzODUxY2YtOTlhYS00ZjA2LTllZmYtNmU3MTExMzllZjI42AIB4AIB&ucfs=1&arphpl=1&checkin=2026-06-01&checkout=2026-06-02&group_adults=2&req_adults=2&no_rooms=1&group_children=0&req_children=0&hpos=3&hapos=53&sr_order=popularity&srpvid=39ef7246304900a7&srepoch=1778343323&all_sr_blocks=1013871303_425639876_4_0_0&highlighted_blocks=1013871303_425639876_4_0_0&matching_block_id=1013871303_425639876_4_0_0&sr_pri_blocks=1013871303_425639876_4_0_0__14579&from=searchresults,5/9/2026
Alexandria,S Hotel Egyptian only,1292,EGP,2,0,1,4.7,301,Alexandria,1.8 km from downtown,3,Hotel,Deluxe Double Room with Sea View,Yes,,"Restaurant, 24-hour front desk",https://www.booking.com/hotel/eg/s-alexandria.html?aid=304142&label=gen173nr-10CAQoggI46wdIMVgEaEOIAQGYATO4ARfIAQzYAQPoAQH4AQGIAgGoAgG4Aoy7_c8GwAIB0gIkYWUzODUxY2YtOTlhYS00ZjA2LTllZmYtNmU3MTExMzllZjI42AIB4AIB&ucfs=1&arphpl=1&checkin=2026-06-01&checkout=2026-06-02&group_adults=2&req_adults=2&no_rooms=1&group_children=0&req_children=0&hpos=4&hapos=54&sr_order=popularity&srpvid=39ef7246304900a7&srepoch=1778343323&all_sr_blocks=1375525407_409695404_2_40_0&highlighted_blocks=1375525407_409695404_2_40_0&matching_block_id=1375525407_409695404_2_40_0&sr_pri_blocks=1375525407_409695404_2_40_0__2450&from=searchresults,5/9/2026
Alexandria,Jasmin Holiday House,6128,EGP,2,0,1,9.6,8,Alexandria,32.5 km from downtown,,Villa,Two-Bedroom Bungalow with Private Garden,Yes,,"Free parking, Free Wifi",https://www.booking.com/hotel/eg/jasmin-holiday-house.html?aid=304142&label=gen173nr-10CAQoggI46wdIMVgEaEOIAQGYATO4ARfIAQzYAQPoAQH4AQGIAgGoAgG4Aoy7_c8GwAIB0gIkYWUzODUxY2YtOTlhYS00ZjA2LTllZmYtNmU3MTExMzllZjI42AIB4AIB&ucfs=1&arphpl=1&checkin=2026-06-01&checkout=2026-06-02&group_adults=2&req_adults=2&no_rooms=1&group_children=0&req_children=0&hpos=5&hapos=55&sr_order=popularity&srpvid=39ef7246304900a7&srepoch=1778343323&all_sr_blocks=399474001_205876799_6_0_0&highlighted_blocks=399474001_205876799_6_0_0&matching_block_id=399474001_205876799_6_0_0&sr_pri_blocks=399474001_205876799_6_0_0__11623&from=searchresults,5/9/2026
Alexandria,Panorama sea view Domino's house,2735,EGP,2,0,1,8.9,23,Alexandria,11.4 km from downtown,4,Apartment,Three-Bedroom Apartment,No,,"Free parking, Bar, Restaurant",https://www.booking.com/hotel/eg/panorama-sea-view-dominos-house.html?aid=304142&label=gen173nr-10CAQoggI46wdIMVgEaEOIAQGYATO4ARfIAQzYAQPoAQH4AQGIAgGoAgG4Aoy7_c8GwAIB0gIkYWUzODUxY2YtOTlhYS00ZjA2LTllZmYtNmU3MTExMzllZjI42AIB4AIB&ucfs=1&arphpl=1&checkin=2026-06-01&checkout=2026-06-02&group_adults=2&req_adults=2&no_rooms=1&group_children=0&req_children=0&hpos=6&hapos=56&sr_order=popularity&srpvid=39ef7246304900a7&srepoch=1778343323&all_sr_blocks=1178341401_390339058_2_0_0&highlighted_blocks=1178341401_390339058_2_0_0&matching_block_id=1178341401_390339058_2_0_0&sr_pri_blocks=1178341401_390339058_2_0_0__5187&from=searchresults,5/9/2026
Alexandria,Alexandria is world wide TEST,3374,EGP,2,0,1,,,Alexandria,21.4 km from downtown,,Apartment,One-Bedroom Apartment,Yes,Breakfast included,Free Wifi,https://www.booking.com/hotel/eg/alexandria-is-world-wide-test.html?aid=304142&label=gen173nr-10CAQoggI46wdIMVgEaEOIAQGYATO4ARfIAQzYAQPoAQH4AQGIAgGoAgG4Aoy7_c8GwAIB0gIkYWUzODUxY2YtOTlhYS00ZjA2LTllZmYtNmU3MTExMzllZjI42AIB4AIB&ucfs=1&arphpl=1&checkin=2026-06-01&checkout=2026-06-02&group_adults=2&req_adults=2&no_rooms=1&group_children=0&req_children=0&hpos=7&hapos=57&sr_order=popularity&srpvid=39ef7246304900a7&srepoch=1778343323&all_sr_blocks=1636610001_434037056_2_1_0&highlighted_blocks=1636610001_434037056_2_1_0&matching_block_id=1636610001_434037056_2_1_0&sr_pri_blocks=1636610001_434037056_2_1_0__6400&from=searchresults,5/9/2026
Alexandria,شقة فندقية علي البحر مباشرة بجليم,3803,EGP,2,0,1,8.3,16,Alexandria,5.9 km from downtown,3,Apartment,Apartment with Sea View,No,,Free Wifi,https://www.booking.com/hotel/eg/shq-fndqy-ly-lbhr-mbshr-bjlym.html?aid=304142&label=gen173nr-10CAQoggI46wdIMVgEaEOIAQGYATO4ARfIAQzYAQPoAQH4AQGIAgGoAgG4Aoy7_c8GwAIB0gIkYWUzODUxY2YtOTlhYS00ZjA2LTllZmYtNmU3MTExMzllZjI42AIB4AIB&ucfs=1&arphpl=1&checkin=2026-06-01&checkout=2026-06-02&group_adults=2&req_adults=2&no_rooms=1&group_children=0&req_children=0&hpos=8&hapos=58&sr_order=popularity&srpvid=39ef7246304900a7&srepoch=1778343323&all_sr_blocks=829956101_347636368_4_0_0&highlighted_blocks=829956101_347636368_4_0_0&matching_block_id=829956101_347636368_4_0_0&sr_pri_blocks=829956101_347636368_4_0_0__7213&from=searchresults,5/9/2026
Alexandria,Elegant 3BR Seaview Apartment,3025,EGP,2,0,1,7.8,4,Alexandria,3.1 km from downtown,,Apartment,Three-Bedroom Apartment with Sea View,No,,Free Wifi,https://www.booking.com/hotel/eg/shq-wl-stkhdm-tr-lbhr-kml.html?aid=304142&label=gen173nr-10CAQoggI46wdIMVgEaEOIAQGYATO4ARfIAQzYAQPoAQH4AQGIAgGoAgG4Aoy7_c8GwAIB0gIkYWUzODUxY2YtOTlhYS00ZjA2LTllZmYtNmU3MTExMzllZjI42AIB4AIB&ucfs=1&arphpl=1&checkin=2026-06-01&checkout=2026-06-02&group_adults=2&req_adults=2&no_rooms=1&group_children=0&req_children=0&hpos=9&hapos=59&sr_order=popularity&srpvid=39ef7246304900a7&srepoch=1778343323&all_sr_blocks=1228684001_423196598_0_0_0&highlighted_blocks=1228684001_423196598_0_0_0&matching_block_id=1228684001_423196598_0_0_0&sr_pri_blocks=1228684001_423196598_0_0_0__5738&from=searchresults,5/9/2026
Alexandria,Sea view in gleem luxury apartments - Saba Basha - alexandria,3889,EGP,2,0,1,8.6,5,Alexandria,5.6 km from downtown,4,Apartment,Two-Bedroom Apartment,No,,"Hot tub/Jacuzzi, Spa, Restaurant",https://www.booking.com/hotel/eg/sea-view-apartment-in-gleem-alexandria.html?aid=304142&label=gen173nr-10CAQoggI46wdIMVgEaEOIAQGYATO4ARfIAQzYAQPoAQH4AQGIAgGoAgG4Aoy7_c8GwAIB0gIkYWUzODUxY2YtOTlhYS00ZjA2LTllZmYtNmU3MTExMzllZjI42AIB4AIB&ucfs=1&arphpl=1&checkin=2026-06-01&checkout=2026-06-02&group_adults=2&req_adults=2&no_rooms=1&group_children=0&req_children=0&hpos=10&hapos=60&sr_order=popularity&srpvid=39ef7246304900a7&srepoch=1778343323&all_sr_blocks=1161798101_388861373_4_0_0&highlighted_blocks=1161798101_388861373_4_0_0&matching_block_id=1161798101_388861373_4_0_0&sr_pri_blocks=1161798101_388861373_4_0_0__7377&from=searchresults,5/9/2026
Alexandria,Transit Alexandria Hostel,896,EGP,2,0,1,7.1,369,Alexandria,1.9 km from downtown,,Hostel,Standard Double Room with Fan,Yes,,"Free Wifi, 24-hour front desk",https://www.booking.com/hotel/eg/transit-alexandria.html?aid=304142&label=gen173nr-10CAQoggI46wdIMVgEaEOIAQGYATO4ARfIAQzYAQPoAQH4AQGIAgGoAgG4Aoy7_c8GwAIB0gIkYWUzODUxY2YtOTlhYS00ZjA2LTllZmYtNmU3MTExMzllZjI42AIB4AIB&ucfs=1&arphpl=1&checkin=2026-06-01&checkout=2026-06-02&group_adults=2&req_adults=2&no_rooms=1&group_children=0&req_children=0&hpos=11&hapos=61&sr_order=popularity&srpvid=39ef7246304900a7&srepoch=1778343323&all_sr_blocks=29029107_190242581_2_0_0&highlighted_blocks=29029107_190242581_2_0_0&matching_block_id=29029107_190242581_2_0_0&sr_pri_blocks=29029107_190242581_2_0_0__1700&from=searchresults,5/9/2026
Alexandria,Alexander House,10036,EGP,2,0,1,9.1,114,Alexandria,7.5 km from downtown,4,Apartment,Apartment with Sea View,No,,Free Wifi,https://www.booking.com/hotel/eg/alexander-house.html?aid=304142&label=gen173nr-10CAQoggI46wdIMVgEaEOIAQGYATO4ARfIAQzYAQPoAQH4AQGIAgGoAgG4Aoy7_c8GwAIB0gIkYWUzODUxY2YtOTlhYS00ZjA2LTllZmYtNmU3MTExMzllZjI42AIB4AIB&ucfs=1&arphpl=1&checkin=2026-06-01&checkout=2026-06-02&group_adults=2&req_adults=2&no_rooms=1&group_children=0&req_children=0&hpos=12&hapos=62&sr_order=popularity&srpvid=39ef7246304900a7&srepoch=1778343323&all_sr_blocks=828599801_347391577_2_0_0&highlighted_blocks=828599801_347391577_2_0_0&matching_block_id=828599801_347391577_2_0_0&sr_pri_blocks=828599801_347391577_2_0_0__19036&from=searchresults,5/9/2026
Alexandria,شاليهات سي جاردن Sea Garden Club families only,2388,EGP,2,0,1,6.1,46,Alexandria,10.3 km from downtown,3,Apartment,One-Bedroom Apartment,No,,"Free parking, 24-hour front desk",https://www.booking.com/hotel/eg/shlyht-sy-jrdn-sea-garden-plaza-club.html?aid=304142&label=gen173nr-10CAQoggI46wdIMVgEaEOIAQGYATO4ARfIAQzYAQPoAQH4AQGIAgGoAgG4Aoy7_c8GwAIB0gIkYWUzODUxY2YtOTlhYS00ZjA2LTllZmYtNmU3MTExMzllZjI42AIB4AIB&ucfs=1&arphpl=1&checkin=2026-06-01&checkout=2026-06-02&group_adults=2&req_adults=2&no_rooms=1&group_children=0&req_children=0&hpos=13&hapos=63&sr_order=popularity&srpvid=39ef7246304900a7&srepoch=1778343323&all_sr_blocks=1331205901_405652301_4_0_0_751783&highlighted_blocks=1331205901_405652301_4_0_0_751783&matching_block_id=1331205901_405652301_4_0_0_751783&sr_pri_blocks=1331205901_405652301_4_0_0_751783_4529&from=searchresults,5/9/2026
Alexandria,In the clouds,8163,EGP,2,0,1,8.2,20,Alexandria,6.8 km from downtown,3,Apartment,Four-Bedroom Luxury Apartment,Yes,,Free Wifi,https://www.booking.com/hotel/eg/engineer.html?aid=304142&label=gen173nr-10CAQoggI46wdIMVgEaEOIAQGYATO4ARfIAQzYAQPoAQH4AQGIAgGoAgG4Aoy7_c8GwAIB0gIkYWUzODUxY2YtOTlhYS00ZjA2LTllZmYtNmU3MTExMzllZjI42AIB4AIB&ucfs=1&arphpl=1&checkin=2026-06-01&checkout=2026-06-02&group_adults=2&req_adults=2&no_rooms=1&group_children=0&req_children=0&hpos=14&hapos=64&sr_order=popularity&srpvid=39ef7246304900a7&srepoch=1778343323&all_sr_blocks=1184976402_403472800_6_0_0&highlighted_blocks=1184976402_403472800_6_0_0&matching_block_id=1184976402_403472800_6_0_0&sr_pri_blocks=1184976402_403472800_6_0_0__15484&from=searchresults,5/9/2026
Alexandria,Borg Barka - Families Only,1186,EGP,2,0,1,7.8,117,Alexandria,8.2 km from downtown,4,Hotel,Studio with Balcony,Yes,,Free Wifi,https://www.booking.com/hotel/eg/brj-brkh.html?aid=304142&label=gen173nr-10CAQoggI46wdIMVgEaEOIAQGYATO4ARfIAQzYAQPoAQH4AQGIAgGoAgG4Aoy7_c8GwAIB0gIkYWUzODUxY2YtOTlhYS00ZjA2LTllZmYtNmU3MTExMzllZjI42AIB4AIB&ucfs=1&arphpl=1&checkin=2026-06-01&checkout=2026-06-02&group_adults=2&req_adults=2&no_rooms=1&group_children=0&req_children=0&hpos=15&hapos=65&sr_order=popularity&srpvid=39ef7246304900a7&srepoch=1778343323&all_sr_blocks=602512104_335889008_2_0_0&highlighted_blocks=602512104_335889008_2_0_0&matching_block_id=602512104_335889008_2_0_0&sr_pri_blocks=602512104_335889008_2_0_0__2250&from=searchresults,5/9/2026
Alexandria,grey l studio apartments Downtown Alexandria Menasce House,2103,EGP,2,0,1,9.1,493,Alexandria,1.7 km from downtown,3,Apartment,One-Bedroom Standard Apartment,No,,Free Wifi,https://www.booking.com/hotel/eg/brassbell-apartments-in-downtown-alexandria-el-nabi-daniel-street.html?aid=304142&label=gen173nr-10CAQoggI46wdIMVgEaEOIAQGYATO4ARfIAQzYAQPoAQH4AQGIAgGoAgG4Aoy7_c8GwAIB0gIkYWUzODUxY2YtOTlhYS00ZjA2LTllZmYtNmU3MTExMzllZjI42AIB4AIB&ucfs=1&arphpl=1&checkin=2026-06-01&checkout=2026-06-02&group_adults=2&req_adults=2&no_rooms=1&group_children=0&req_children=0&hpos=16&hapos=66&sr_order=popularity&srpvid=39ef7246304900a7&srepoch=1778343323&all_sr_blocks=1223490421_0_2_0_0&highlighted_blocks=1223490421_0_2_0_0&matching_block_id=1223490421_0_2_0_0&sr_pri_blocks=1223490421_0_2_0_0__3989&from=searchresults,5/9/2026
Alexandria,Sporting star,1714,EGP,2,0,1,6.9,18,Alexandria,2.7 km from downtown,3,Apartment,Two-Bedroom Apartment,No,,"Hot tub/Jacuzzi, Bar, Restaurant",https://www.booking.com/hotel/eg/sporting-star.html?aid=304142&label=gen173nr-10CAQoggI46wdIMVgEaEOIAQGYATO4ARfIAQzYAQPoAQH4AQGIAgGoAgG4Aoy7_c8GwAIB0gIkYWUzODUxY2YtOTlhYS00ZjA2LTllZmYtNmU3MTExMzllZjI42AIB4AIB&ucfs=1&arphpl=1&checkin=2026-06-01&checkout=2026-06-02&group_adults=2&req_adults=2&no_rooms=1&group_children=0&req_children=0&hpos=17&hapos=67&sr_order=popularity&srpvid=39ef7246304900a7&srepoch=1778343323&all_sr_blocks=1341192401_406526804_2_0_0&highlighted_blocks=1341192401_406526804_2_0_0&matching_block_id=1341192401_406526804_2_0_0&sr_pri_blocks=1341192401_406526804_2_0_0__3251&from=searchresults,5/9/2026
Alexandria,Luxury Mamoura Alexandria Apartment,10122,EGP,2,0,1,9.4,19,"Al Mamurah, Alexandria",14.8 km from downtown,3,Apartment,Apartment with Garden View,No,,"Free parking, Free Wifi",https://www.booking.com/hotel/eg/luxurious-maamora-apartment.html?aid=304142&label=gen173nr-10CAQoggI46wdIMVgEaEOIAQGYATO4ARfIAQzYAQPoAQH4AQGIAgGoAgG4Aoy7_c8GwAIB0gIkYWUzODUxY2YtOTlhYS00ZjA2LTllZmYtNmU3MTExMzllZjI42AIB4AIB&ucfs=1&arphpl=1&checkin=2026-06-01&checkout=2026-06-02&group_adults=2&req_adults=2&no_rooms=1&group_children=0&req_children=0&hpos=18&hapos=68&sr_order=popularity&srpvid=39ef7246304900a7&srepoch=1778343323&all_sr_blocks=269017101_295581987_0_0_0&highlighted_blocks=269017101_295581987_0_0_0&matching_block_id=269017101_295581987_0_0_0&sr_pri_blocks=269017101_295581987_0_0_0__19200&from=searchresults,5/9/2026
Alexandria,Elmandara residence,1423,EGP,2,0,1,7.9,12,Alexandria,12.2 km from downtown,5,Apartment,Double Room,Yes,,"Free parking, Bar, Free Wifi",https://www.booking.com/hotel/eg/elmandara-residence-qsm-thn-lmntz.html?aid=304142&label=gen173nr-10CAQoggI46wdIMVgEaEOIAQGYATO4ARfIAQzYAQPoAQH4AQGIAgGoAgG4Aoy7_c8GwAIB0gIkYWUzODUxY2YtOTlhYS00ZjA2LTllZmYtNmU3MTExMzllZjI42AIB4AIB&ucfs=1&arphpl=1&checkin=2026-06-01&checkout=2026-06-02&group_adults=2&req_adults=2&no_rooms=1&group_children=0&req_children=0&hpos=19&hapos=69&sr_order=popularity&srpvid=39ef7246304900a7&srepoch=1778343323&all_sr_blocks=1587483801_429860205_2_2_0&highlighted_blocks=1587483801_429860205_2_2_0&matching_block_id=1587483801_429860205_2_2_0&sr_pri_blocks=1587483801_429860205_2_2_0__2700&from=searchresults,5/9/2026
Alexandria,City Square - Brand New Luxury Apartment With Stunning Sea View,4639,EGP,2,0,1,8.3,82,Alexandria,3.9 km from downtown,4,Apartment,Three-Bedroom Apartment,Yes,,"Hot tub/Jacuzzi, Free parking, Free Wifi",https://www.booking.com/hotel/eg/investment-buildings.html?aid=304142&label=gen173nr-10CAQoggI46wdIMVgEaEOIAQGYATO4ARfIAQzYAQPoAQH4AQGIAgGoAgG4Aoy7_c8GwAIB0gIkYWUzODUxY2YtOTlhYS00ZjA2LTllZmYtNmU3MTExMzllZjI42AIB4AIB&ucfs=1&arphpl=1&checkin=2026-06-01&checkout=2026-06-02&group_adults=2&req_adults=2&no_rooms=1&group_children=0&req_children=0&hpos=20&hapos=70&sr_order=popularity&srpvid=39ef7246304900a7&srepoch=1778343323&all_sr_blocks=926274110_431621030_6_0_0&highlighted_blocks=926274110_431621030_6_0_0&matching_block_id=926274110_431621030_6_0_0&sr_pri_blocks=926274110_431621030_6_0_0__8800&from=searchresults,5/9/2026
Alexandria,Golden Hoster Hotel Alexandria,3427,EGP,2,0,1,7,81,Alexandria,2.2 km from downtown,,Hotel,Triple Room,Yes,,"Restaurant, Free Wifi, 24-hour front desk",https://www.booking.com/hotel/eg/golden-hoster-alexandria-skndry.html?aid=304142&label=gen173nr-10CAQoggI46wdIMVgEaEOIAQGYATO4ARfIAQzYAQPoAQH4AQGIAgGoAgG4Aoy7_c8GwAIB0gIkYWUzODUxY2YtOTlhYS00ZjA2LTllZmYtNmU3MTExMzllZjI42AIB4AIB&ucfs=1&arphpl=1&checkin=2026-06-01&checkout=2026-06-02&group_adults=2&req_adults=2&no_rooms=1&group_children=0&req_children=0&hpos=21&hapos=71&sr_order=popularity&srpvid=39ef7246304900a7&srepoch=1778343323&all_sr_blocks=1270952103_399861859_0_42_0_873726&highlighted_blocks=1270952103_399861859_0_42_0_873726&matching_block_id=1270952103_399861859_0_42_0_873726&sr_pri_blocks=1270952103_399861859_0_42_0_873726_6500&from=searchresults,5/9/2026
Alexandria,XU San Stefano Hotel Alexandria,5947,EGP,2,0,1,7.9,361,Alexandria,7.2 km from downtown,5,Hotel,Standard Double or Twin Room,No,Breakfast included,"Restaurant, Free Wifi, 24-hour front desk",https://www.booking.com/hotel/eg/xu-san-stefano.html?aid=304142&label=gen173nr-10CAQoggI46wdIMVgEaEOIAQGYATO4ARfIAQzYAQPoAQH4AQGIAgGoAgG4Aoy7_c8GwAIB0gIkYWUzODUxY2YtOTlhYS00ZjA2LTllZmYtNmU3MTExMzllZjI42AIB4AIB&ucfs=1&arphpl=1&checkin=2026-06-01&checkout=2026-06-02&group_adults=2&req_adults=2&no_rooms=1&group_children=0&req_children=0&hpos=22&hapos=72&sr_order=popularity&srpvid=39ef7246304900a7&srepoch=1778343323&all_sr_blocks=1311791501_0_2_1_0&highlighted_blocks=1311791501_0_2_1_0&matching_block_id=1311791501_0_2_1_0&sr_pri_blocks=1311791501_0_2_1_0__11281&from=searchresults,5/9/2026
Alexandria,Four Seasons Hotel Alexandria At San Stefano,14762,EGP,2,0,1,9.3,1213,Alexandria,6.8 km from downtown,5,Hotel,Superior King Room with City View,Yes,Breakfast included,"Hot tub/Jacuzzi, Heated pool, Spa",https://www.booking.com/hotel/eg/four-seasons-alexandria-at-san-stefano.html?aid=304142&label=gen173nr-10CAQoggI46wdIMVgEaEOIAQGYATO4ARfIAQzYAQPoAQH4AQGIAgGoAgG4Aoy7_c8GwAIB0gIkYWUzODUxY2YtOTlhYS00ZjA2LTllZmYtNmU3MTExMzllZjI42AIB4AIB&ucfs=1&arphpl=1&checkin=2026-06-01&checkout=2026-06-02&group_adults=2&req_adults=2&no_rooms=1&group_children=0&req_children=0&hpos=23&hapos=73&sr_order=popularity&srpvid=39ef7246304900a7&srepoch=1778343323&all_sr_blocks=29939415_428251863_2_1_0_1277268&highlighted_blocks=29939415_428251863_2_1_0_1277268&matching_block_id=29939415_428251863_2_1_0_1277268&sr_pri_blocks=29939415_428251863_2_1_0_1277268_28000&from=searchresults,5/9/2026
Alexandria,Saraya Eltram-families only,1044,EGP,2,0,1,7.9,306,Alexandria,8.2 km from downtown,4,Hotel,Family Studio,Yes,,Free Wifi,https://www.booking.com/hotel/eg/saraya-eltram.html?aid=304142&label=gen173nr-10CAQoggI46wdIMVgEaEOIAQGYATO4ARfIAQzYAQPoAQH4AQGIAgGoAgG4Aoy7_c8GwAIB0gIkYWUzODUxY2YtOTlhYS00ZjA2LTllZmYtNmU3MTExMzllZjI42AIB4AIB&ucfs=1&arphpl=1&checkin=2026-06-01&checkout=2026-06-02&group_adults=2&req_adults=2&no_rooms=1&group_children=0&req_children=0&hpos=24&hapos=74&sr_order=popularity&srpvid=39ef7246304900a7&srepoch=1778343323&all_sr_blocks=602383519_335892382_2_0_0&highlighted_blocks=602383519_335892382_2_0_0&matching_block_id=602383519_335892382_2_0_0&sr_pri_blocks=602383519_335892382_2_0_0__1980&from=searchresults,5/9/2026
Alexandria,La mer Hotel,2420,EGP,2,0,1,7.5,118,Alexandria,10.7 km from downtown,,Hotel,Double or Twin Room with Sea View,No,Breakfast included,"Free parking, Restaurant, 24-hour front desk",https://www.booking.com/hotel/eg/la-mer.html?aid=304142&label=gen173nr-10CAQoggI46wdIMVgEaEOIAQGYATO4ARfIAQzYAQPoAQH4AQGIAgGoAgG4Aoy7_c8GwAIB0gIkYWUzODUxY2YtOTlhYS00ZjA2LTllZmYtNmU3MTExMzllZjI42AIB4AIB&ucfs=1&arphpl=1&checkin=2026-06-01&checkout=2026-06-02&group_adults=2&req_adults=2&no_rooms=1&group_children=0&req_children=0&hpos=25&hapos=75&sr_order=popularity&srpvid=39ef7246304900a7&srepoch=1778343323&all_sr_blocks=1328077301_405396361_2_1_0_747881&highlighted_blocks=1328077301_405396361_2_1_0_747881&matching_block_id=1328077301_405396361_2_1_0_747881&sr_pri_blocks=1328077301_405396361_2_1_0_747881_4590&from=searchresults,5/9/2026
Hurghada,Hurghada Marriott Beach Resort,4929,EGP,2,0,1,8.4,1259,"Al Mamsha El Seyahi, Hurghada",7.6 km from downtown,5,Resort,Standard King Room with Balcony and Sea View,No,Breakfast included,,https://www.booking.com/hotel/eg/hurghada-marriott-red-sea-resort.html?aid=304142&label=gen173nr-10CAQoggI46wdIMVgEaEOIAQGYATO4ARfIAQzYAQPoAQH4AQGIAgGoAgG4Avu7_c8GwAIB0gIkY2M5OTY5MmItNzhmNy00NWRkLTg0ZjQtMjRjOTlmNTBkZTU02AIB4AIB&ucfs=1&arphpl=1&checkin=2026-06-01&checkout=2026-06-02&group_adults=2&req_adults=2&no_rooms=1&group_children=0&req_children=0&hpos=1&hapos=1&sr_order=popularity&srpvid=f4b9727d93681e18&srepoch=1778343437&all_sr_blocks=17140224_94309575_0_41_0&highlighted_blocks=17140224_94309575_0_41_0&matching_block_id=17140224_94309575_0_41_0&sr_pri_blocks=17140224_94309575_0_41_0__9350&from=searchresults,5/9/2026
Hurghada,AJIRA Boutique Hotel Hurghada Marina,2505,EGP,2,0,1,8.2,2282,Hurghada,4.8 km from downtown,,Hotel,Standard Queen Room,Yes,,,https://www.booking.com/hotel/eg/the-boutique-hurghada.html?aid=304142&label=gen173nr-10CAQoggI46wdIMVgEaEOIAQGYATO4ARfIAQzYAQPoAQH4AQGIAgGoAgG4Avu7_c8GwAIB0gIkY2M5OTY5MmItNzhmNy00NWRkLTg0ZjQtMjRjOTlmNTBkZTU02AIB4AIB&ucfs=1&arphpl=1&checkin=2026-06-01&checkout=2026-06-02&group_adults=2&req_adults=2&no_rooms=1&group_children=0&req_children=0&hpos=2&hapos=2&sr_order=popularity&srpvid=f4b9727d93681e18&srepoch=1778343437&all_sr_blocks=690891107_295364233_2_42_0&highlighted_blocks=690891107_295364233_2_42_0&matching_block_id=690891107_295364233_2_42_0&sr_pri_blocks=690891107_295364233_2_42_0__4752&from=searchresults,5/9/2026
Hurghada,Shellghada Blue Beach,3231,EGP,2,0,1,7.9,3200,Hurghada,7.6 km from downtown,,Hotel,Deluxe Double or Twin Room with Mountain View,Yes,Breakfast included,,https://www.booking.com/hotel/eg/shellghada-blue-beach.html?aid=304142&label=gen173nr-10CAQoggI46wdIMVgEaEOIAQGYATO4ARfIAQzYAQPoAQH4AQGIAgGoAgG4Avu7_c8GwAIB0gIkY2M5OTY5MmItNzhmNy00NWRkLTg0ZjQtMjRjOTlmNTBkZTU02AIB4AIB&ucfs=1&arphpl=1&checkin=2026-06-01&checkout=2026-06-02&group_adults=2&req_adults=2&no_rooms=1&group_children=0&req_children=0&hpos=3&hapos=3&sr_order=popularity&srpvid=f4b9727d93681e18&srepoch=1778343437&all_sr_blocks=986069601_371002209_2_1_0&highlighted_blocks=986069601_371002209_2_1_0&matching_block_id=986069601_371002209_2_1_0&sr_pri_blocks=986069601_371002209_2_1_0__6129&from=searchresults,5/9/2026
Hurghada,Sunrise Alora Aqua Park Resort,6827,EGP,2,0,1,9.5,2039,"Al Ahyaa, Hurghada (Al Ahyaa)",10.2 km from downtown,4,Resort,Superior Room,Yes,All-inclusive,,https://www.booking.com/hotel/eg/caesar-palace-aqua-park-resort-by-sunrise.html?aid=304142&label=gen173nr-10CAQoggI46wdIMVgEaEOIAQGYATO4ARfIAQzYAQPoAQH4AQGIAgGoAgG4Avu7_c8GwAIB0gIkY2M5OTY5MmItNzhmNy00NWRkLTg0ZjQtMjRjOTlmNTBkZTU02AIB4AIB&ucfs=1&arphpl=1&checkin=2026-06-01&checkout=2026-06-02&group_adults=2&req_adults=2&no_rooms=1&group_children=0&req_children=0&hpos=4&hapos=4&sr_order=popularity&srpvid=f4b9727d93681e18&srepoch=1778343437&all_sr_blocks=1333322802_405840600_2_85_0&highlighted_blocks=1333322802_405840600_2_85_0&matching_block_id=1333322802_405840600_2_85_0&sr_pri_blocks=1333322802_405840600_2_85_0__12950&from=searchresults,5/9/2026
Hurghada,Cordoba Suites,1503,EGP,2,0,1,8.3,1540,"Al Mamsha El Seyahi, Hurghada",7.9 km from downtown,3,Apartment,Double or Twin Room,Yes,,,https://www.booking.com/hotel/eg/cordoba-suits.html?aid=304142&label=gen173nr-10CAQoggI46wdIMVgEaEOIAQGYATO4ARfIAQzYAQPoAQH4AQGIAgGoAgG4Avu7_c8GwAIB0gIkY2M5OTY5MmItNzhmNy00NWRkLTg0ZjQtMjRjOTlmNTBkZTU02AIB4AIB&ucfs=1&arphpl=1&checkin=2026-06-01&checkout=2026-06-02&group_adults=2&req_adults=2&no_rooms=1&group_children=0&req_children=0&hpos=5&hapos=5&sr_order=popularity&srpvid=f4b9727d93681e18&srepoch=1778343437&all_sr_blocks=395190101_279430725_2_0_0&highlighted_blocks=395190101_279430725_2_0_0&matching_block_id=395190101_279430725_2_0_0&sr_pri_blocks=395190101_279430725_2_0_0__2850&from=searchresults,5/9/2026
Hurghada,Redcon Suites,2179,EGP,2,0,1,9.4,4203,Hurghada,5.9 km from downtown,4,Apartment,Superior Studio - Ground Floor,Yes,,,https://www.booking.com/hotel/eg/redcon-panorama.html?aid=304142&label=gen173nr-10CAQoggI46wdIMVgEaEOIAQGYATO4ARfIAQzYAQPoAQH4AQGIAgGoAgG4Avu7_c8GwAIB0gIkY2M5OTY5MmItNzhmNy00NWRkLTg0ZjQtMjRjOTlmNTBkZTU02AIB4AIB&ucfs=1&arphpl=1&checkin=2026-06-01&checkout=2026-06-02&group_adults=2&req_adults=2&no_rooms=1&group_children=0&req_children=0&hpos=6&hapos=6&sr_order=popularity&srpvid=f4b9727d93681e18&srepoch=1778343452&all_sr_blocks=269397324_381823500_2_0_0_152976&highlighted_blocks=269397324_381823500_2_0_0_152976&matching_block_id=269397324_381823500_2_0_0_152976&sr_pri_blocks=269397324_381823500_2_0_0_152976_4133&from=searchresults,5/9/2026
Hurghada,Mercure Hurghada Hotel,3403,EGP,2,0,1,8.3,1005,"Villages Road, Hurghada (Villages Road)",14.1 km from downtown,4,Villa,Standard Twin Room,No,Breakfast included,,https://www.booking.com/hotel/eg/hurghada-red-sea.html?aid=304142&label=gen173nr-10CAQoggI46wdIMVgEaEOIAQGYATO4ARfIAQzYAQPoAQH4AQGIAgGoAgG4Avu7_c8GwAIB0gIkY2M5OTY5MmItNzhmNy00NWRkLTg0ZjQtMjRjOTlmNTBkZTU02AIB4AIB&ucfs=1&arphpl=1&checkin=2026-06-01&checkout=2026-06-02&group_adults=2&req_adults=2&no_rooms=1&group_children=0&req_children=0&hpos=7&hapos=7&sr_order=popularity&srpvid=f4b9727d93681e18&srepoch=1778343452&all_sr_blocks=1609002_95140739_2_41_0&highlighted_blocks=1609002_95140739_2_41_0&matching_block_id=1609002_95140739_2_41_0&sr_pri_blocks=1609002_95140739_2_41_0__6455&from_sustainable_property_sr=1&from=searchresults,5/9/2026
Hurghada,Movenpick Resort & Spa El Gouna,6941,EGP,2,0,1,8,1253,"El Gouna, Hurghada",19.8 km from downtown,5,Resort,Classic King Room,No,Breakfast included,,https://www.booking.com/hotel/eg/moevenpick-resort-spa-el-gouna.html?aid=304142&label=gen173nr-10CAQoggI46wdIMVgEaEOIAQGYATO4ARfIAQzYAQPoAQH4AQGIAgGoAgG4Avu7_c8GwAIB0gIkY2M5OTY5MmItNzhmNy00NWRkLTg0ZjQtMjRjOTlmNTBkZTU02AIB4AIB&ucfs=1&arphpl=1&checkin=2026-06-01&checkout=2026-06-02&group_adults=2&req_adults=2&no_rooms=1&group_children=0&req_children=0&hpos=8&hapos=8&sr_order=popularity&srpvid=f4b9727d93681e18&srepoch=1778343452&all_sr_blocks=23563932_91468174_2_41_0&highlighted_blocks=23563932_91468174_2_41_0&matching_block_id=23563932_91468174_2_41_0&sr_pri_blocks=23563932_91468174_2_41_0__13165&from_sustainable_property_sr=1&from=searchresults,5/9/2026
Hurghada,Palm Inn Hotel Hurghada,1687,EGP,2,0,1,7.6,1700,Hurghada,100 m from downtown,3,Inn,Economy Double Room,Yes,Breakfast included,,https://www.booking.com/hotel/eg/palm-inn-city.html?aid=304142&label=gen173nr-10CAQoggI46wdIMVgEaEOIAQGYATO4ARfIAQzYAQPoAQH4AQGIAgGoAgG4Avu7_c8GwAIB0gIkY2M5OTY5MmItNzhmNy00NWRkLTg0ZjQtMjRjOTlmNTBkZTU02AIB4AIB&ucfs=1&arphpl=1&checkin=2026-06-01&checkout=2026-06-02&group_adults=2&req_adults=2&no_rooms=1&group_children=0&req_children=0&hpos=9&hapos=9&sr_order=popularity&srpvid=f4b9727d93681e18&srepoch=1778343452&all_sr_blocks=1172502601_389782064_0_1_0_779114&highlighted_blocks=1172502601_389782064_0_1_0_779114&matching_block_id=1172502601_389782064_0_1_0_779114&sr_pri_blocks=1172502601_389782064_0_1_0_779114_3200&from=searchresults,5/9/2026
Hurghada,Pickalbatros Citadel Resort Sahl Hasheesh,9445,EGP,2,0,1,9.5,7305,Hurghada,22.3 km from downtown,5,Resort,Marina Room (2 Adults Only),No,All meals included,,https://www.booking.com/hotel/eg/citadel-azur-resort.html?aid=304142&label=gen173nr-10CAQoggI46wdIMVgEaEOIAQGYATO4ARfIAQzYAQPoAQH4AQGIAgGoAgG4Avu7_c8GwAIB0gIkY2M5OTY5MmItNzhmNy00NWRkLTg0ZjQtMjRjOTlmNTBkZTU02AIB4AIB&ucfs=1&arphpl=1&checkin=2026-06-01&checkout=2026-06-02&group_adults=2&req_adults=2&no_rooms=1&group_children=0&req_children=0&hpos=10&hapos=10&sr_order=popularity&srpvid=f4b9727d93681e18&srepoch=1778343452&all_sr_blocks=32742020_0_2_21_0&highlighted_blocks=32742020_0_2_21_0&matching_block_id=32742020_0_2_21_0&sr_pri_blocks=32742020_0_2_21_0__17916&from=searchresults,5/9/2026
Hurghada,JAZ Neo Ivory,1652,EGP,2,0,1,8,856,"Al Mamsha El Seyahi, Hurghada",8 km from downtown,3,Hotel,Suite ( 2 Adults + 1 child ),Yes,,,https://www.booking.com/hotel/eg/sol-y-mar-ivory-suites.html?aid=304142&label=gen173nr-10CAQoggI46wdIMVgEaEOIAQGYATO4ARfIAQzYAQPoAQH4AQGIAgGoAgG4Avu7_c8GwAIB0gIkY2M5OTY5MmItNzhmNy00NWRkLTg0ZjQtMjRjOTlmNTBkZTU02AIB4AIB&ucfs=1&arphpl=1&checkin=2026-06-01&checkout=2026-06-02&group_adults=2&req_adults=2&no_rooms=1&group_children=0&req_children=0&hpos=11&hapos=11&sr_order=popularity&srpvid=f4b9727d93681e18&srepoch=1778343452&all_sr_blocks=4996802_422435175_2_34_0_262566&highlighted_blocks=4996802_422435175_2_34_0_262566&matching_block_id=4996802_422435175_2_34_0_262566&sr_pri_blocks=4996802_422435175_2_34_0_262566_3133&from_sustainable_property_sr=1&from=searchresults,5/9/2026
Hurghada,Bedcoin Hostel,1318,EGP,2,0,1,9.2,1562,Hurghada,5.5 km from downtown,,Hostel,Standard Double Room with Shared Bathroom,Yes,Breakfast included,,https://www.booking.com/hotel/eg/bedcoin-hostel-hurghada.html?aid=304142&label=gen173nr-10CAQoggI46wdIMVgEaEOIAQGYATO4ARfIAQzYAQPoAQH4AQGIAgGoAgG4Avu7_c8GwAIB0gIkY2M5OTY5MmItNzhmNy00NWRkLTg0ZjQtMjRjOTlmNTBkZTU02AIB4AIB&ucfs=1&arphpl=1&checkin=2026-06-01&checkout=2026-06-02&group_adults=2&req_adults=2&no_rooms=1&group_children=0&req_children=0&hpos=12&hapos=12&sr_order=popularity&srpvid=f4b9727d93681e18&srepoch=1778343488&all_sr_blocks=974288714_369810796_2_1_0&highlighted_blocks=974288714_369810796_2_1_0&matching_block_id=974288714_369810796_2_1_0&sr_pri_blocks=974288714_369810796_2_1_0__2500&from=searchresults,5/9/2026
Hurghada,Andalusia Blue Beach Hurghada,1698,EGP,2,0,1,7.1,2305,"Al Mamsha El Seyahi, Hurghada",8.5 km from downtown,3,Hotel,Deluxe Studio,Yes,,,https://www.booking.com/hotel/eg/andalusia-blue-beach-hurghada.html?aid=304142&label=gen173nr-10CAQoggI46wdIMVgEaEOIAQGYATO4ARfIAQzYAQPoAQH4AQGIAgGoAgG4Avu7_c8GwAIB0gIkY2M5OTY5MmItNzhmNy00NWRkLTg0ZjQtMjRjOTlmNTBkZTU02AIB4AIB&ucfs=1&arphpl=1&checkin=2026-06-01&checkout=2026-06-02&group_adults=2&req_adults=2&no_rooms=1&group_children=0&req_children=0&hpos=13&hapos=13&sr_order=popularity&srpvid=f4b9727d93681e18&srepoch=1778343488&all_sr_blocks=301806016_377315146_2_40_0&highlighted_blocks=301806016_377315146_2_40_0&matching_block_id=301806016_377315146_2_40_0&sr_pri_blocks=301806016_377315146_2_40_0__3220&from=searchresults,5/9/2026
Hurghada,"Steigenberger Aqua Magic, All inclusive",6479,EGP,2,0,1,9.1,2372,"Al Mamsha El Seyahi, Hurghada",10.7 km from downtown,5,Hotel,"Standard room, without balcony",No,Breakfast included,,https://www.booking.com/hotel/eg/steigenberger-aqua-magic.html?aid=304142&label=gen173nr-10CAQoggI46wdIMVgEaEOIAQGYATO4ARfIAQzYAQPoAQH4AQGIAgGoAgG4Avu7_c8GwAIB0gIkY2M5OTY5MmItNzhmNy00NWRkLTg0ZjQtMjRjOTlmNTBkZTU02AIB4AIB&ucfs=1&arphpl=1&checkin=2026-06-01&checkout=2026-06-02&group_adults=2&req_adults=2&no_rooms=1&group_children=0&req_children=0&hpos=14&hapos=14&sr_order=popularity&srpvid=f4b9727d93681e18&srepoch=1778343488&all_sr_blocks=57288514_0_2_1_0&highlighted_blocks=57288514_0_2_1_0&matching_block_id=57288514_0_2_1_0&sr_pri_blocks=57288514_0_2_1_0__12289&from_sustainable_property_sr=1&from=searchresults,5/9/2026
Hurghada,Continental Rosa Boho Aquapark Hotel 3 Stars,1275,EGP,2,0,1,7.7,73,"Al Mamsha El Seyahi, Hurghada",11.8 km from downtown,3,Hotel,Standard Double Room,Yes,,,https://www.booking.com/hotel/eg/room-at-boho-3stars.html?aid=304142&label=gen173nr-10CAQoggI46wdIMVgEaEOIAQGYATO4ARfIAQzYAQPoAQH4AQGIAgGoAgG4Avu7_c8GwAIB0gIkY2M5OTY5MmItNzhmNy00NWRkLTg0ZjQtMjRjOTlmNTBkZTU02AIB4AIB&ucfs=1&arphpl=1&checkin=2026-06-01&checkout=2026-06-02&group_adults=2&req_adults=2&no_rooms=1&group_children=0&req_children=0&hpos=15&hapos=15&sr_order=popularity&srpvid=f4b9727d93681e18&srepoch=1778343492&all_sr_blocks=1555085801_427091656_2_2_0&highlighted_blocks=1555085801_427091656_2_2_0&matching_block_id=1555085801_427091656_2_2_0&sr_pri_blocks=1555085801_427091656_2_2_0__2419&from=searchresults,5/9/2026
Hurghada,Sunrise Solara Aqua park Resort,4747,EGP,2,0,1,9.7,186,"Al Ahyaa, Hurghada (Al Ahyaa)",10.1 km from downtown,4,Resort,Standard Room,Yes,Breakfast included,,https://www.booking.com/hotel/eg/caesar-dreams-resort-by-sunrise.html?aid=304142&label=gen173nr-10CAQoggI46wdIMVgEaEOIAQGYATO4ARfIAQzYAQPoAQH4AQGIAgGoAgG4Avu7_c8GwAIB0gIkY2M5OTY5MmItNzhmNy00NWRkLTg0ZjQtMjRjOTlmNTBkZTU02AIB4AIB&ucfs=1&arphpl=1&checkin=2026-06-01&checkout=2026-06-02&group_adults=2&req_adults=2&no_rooms=1&group_children=0&req_children=0&hpos=16&hapos=16&sr_order=popularity&srpvid=f4b9727d93681e18&srepoch=1778343492&all_sr_blocks=1334851601_0_2_1_0&highlighted_blocks=1334851601_0_2_1_0&matching_block_id=1334851601_0_2_1_0&sr_pri_blocks=1334851601_0_2_1_0__9004&from=searchresults,5/9/2026
Hurghada,Sunrise Holidays Resort -Adults Only,8412,EGP,2,0,1,9.1,3571,Hurghada,6.5 km from downtown,5,Resort,Superior Room with Sea View,Yes,All-inclusive,,https://www.booking.com/hotel/eg/suneise-holidays-resort.html?aid=304142&label=gen173nr-10CAQoggI46wdIMVgEaEOIAQGYATO4ARfIAQzYAQPoAQH4AQGIAgGoAgG4Avu7_c8GwAIB0gIkY2M5OTY5MmItNzhmNy00NWRkLTg0ZjQtMjRjOTlmNTBkZTU02AIB4AIB&ucfs=1&arphpl=1&checkin=2026-06-01&checkout=2026-06-02&group_adults=2&req_adults=2&no_rooms=1&group_children=0&req_children=0&hpos=17&hapos=17&sr_order=popularity&srpvid=f4b9727d93681e18&srepoch=1778343492&all_sr_blocks=27621827_405538235_2_85_0&highlighted_blocks=27621827_405538235_2_85_0&matching_block_id=27621827_405538235_2_85_0&sr_pri_blocks=27621827_405538235_2_85_0__15956&from=searchresults,5/9/2026
Hurghada,Sunrise Aqua Joy Resort,7181,EGP,2,0,1,9.2,5307,"Al Mamsha El Seyahi, Hurghada",10.3 km from downtown,4,Resort,Standard Room,Yes,All-inclusive,,https://www.booking.com/hotel/eg/mirage-new-hawaii-resort-amp-spa.html?aid=304142&label=gen173nr-10CAQoggI46wdIMVgEaEOIAQGYATO4ARfIAQzYAQPoAQH4AQGIAgGoAgG4Avu7_c8GwAIB0gIkY2M5OTY5MmItNzhmNy00NWRkLTg0ZjQtMjRjOTlmNTBkZTU02AIB4AIB&ucfs=1&arphpl=1&checkin=2026-06-01&checkout=2026-06-02&group_adults=2&req_adults=2&no_rooms=1&group_children=0&req_children=0&hpos=18&hapos=18&sr_order=popularity&srpvid=f4b9727d93681e18&srepoch=1778343492&all_sr_blocks=44881922_0_2_85_0&highlighted_blocks=44881922_0_2_85_0&matching_block_id=44881922_0_2_85_0&sr_pri_blocks=44881922_0_2_85_0__13621&from=searchresults,5/9/2026
Hurghada,The Grand Resort,6405,EGP,2,0,1,8.5,5696,"Al Mamsha El Seyahi, Hurghada",9.4 km from downtown,5,Resort,Deluxe Room,No,All-inclusive,,https://www.booking.com/hotel/eg/the-grand-resort-hurghada.html?aid=304142&label=gen173nr-10CAQoggI46wdIMVgEaEOIAQGYATO4ARfIAQzYAQPoAQH4AQGIAgGoAgG4Avu7_c8GwAIB0gIkY2M5OTY5MmItNzhmNy00NWRkLTg0ZjQtMjRjOTlmNTBkZTU02AIB4AIB&ucfs=1&arphpl=1&checkin=2026-06-01&checkout=2026-06-02&group_adults=2&req_adults=2&no_rooms=1&group_children=0&req_children=0&hpos=19&hapos=19&sr_order=popularity&srpvid=f4b9727d93681e18&srepoch=1778343519&all_sr_blocks=71603801_374392886_2_85_0&highlighted_blocks=71603801_374392886_2_85_0&matching_block_id=71603801_374392886_2_85_0&sr_pri_blocks=71603801_374392886_2_85_0__12150&from=searchresults,5/9/2026
Hurghada,Hilton Hurghada Plaza Hotel,8970,EGP,2,0,1,8.5,2807,Hurghada,1.7 km from downtown,5,Hotel,Deluxe Twin Room with Sea View,Yes,Breakfast included,,https://www.booking.com/hotel/eg/hilton-hurghada-plaza.html?aid=304142&label=gen173nr-10CAQoggI46wdIMVgEaEOIAQGYATO4ARfIAQzYAQPoAQH4AQGIAgGoAgG4Avu7_c8GwAIB0gIkY2M5OTY5MmItNzhmNy00NWRkLTg0ZjQtMjRjOTlmNTBkZTU02AIB4AIB&ucfs=1&arphpl=1&checkin=2026-06-01&checkout=2026-06-02&group_adults=2&req_adults=2&no_rooms=1&group_children=0&req_children=0&hpos=20&hapos=20&sr_order=popularity&srpvid=f4b9727d93681e18&srepoch=1778343519&all_sr_blocks=4720304_357657956_2_41_0&highlighted_blocks=4720304_357657956_2_41_0&matching_block_id=4720304_357657956_2_41_0&sr_pri_blocks=4720304_357657956_2_41_0__17014&from_sustainable_property_sr=1&from=searchresults,5/9/2026
Hurghada,Boho Homes,2425,EGP,2,0,1,8.8,633,Hurghada,7.1 km from downtown,3,Hotel,Suite,Yes,,,https://www.booking.com/hotel/eg/bohohomes.html?aid=304142&label=gen173nr-10CAQoggI46wdIMVgEaEOIAQGYATO4ARfIAQzYAQPoAQH4AQGIAgGoAgG4Avu7_c8GwAIB0gIkY2M5OTY5MmItNzhmNy00NWRkLTg0ZjQtMjRjOTlmNTBkZTU02AIB4AIB&ucfs=1&arphpl=1&checkin=2026-06-01&checkout=2026-06-02&group_adults=2&req_adults=2&no_rooms=1&group_children=0&req_children=0&hpos=21&hapos=21&sr_order=popularity&srpvid=f4b9727d93681e18&srepoch=1778343519&all_sr_blocks=810553003_343224771_0_0_0&highlighted_blocks=810553003_343224771_0_0_0&matching_block_id=810553003_343224771_0_0_0&sr_pri_blocks=810553003_343224771_0_0_0__4600&from=searchresults,5/9/2026
Hurghada,Makadi Palace - Couples and Families Only,6643,EGP,2,0,1,8.8,531,Hurghada,30.1 km from downtown,5,Hotel,Junior Suite,No,All-inclusive,,https://www.booking.com/hotel/eg/makadi-palace.html?aid=304142&label=gen173nr-10CAQoggI46wdIMVgEaEOIAQGYATO4ARfIAQzYAQPoAQH4AQGIAgGoAgG4Avu7_c8GwAIB0gIkY2M5OTY5MmItNzhmNy00NWRkLTg0ZjQtMjRjOTlmNTBkZTU02AIB4AIB&ucfs=1&arphpl=1&checkin=2026-06-01&checkout=2026-06-02&group_adults=2&req_adults=2&no_rooms=1&group_children=0&req_children=0&hpos=22&hapos=22&sr_order=popularity&srpvid=f4b9727d93681e18&srepoch=1778343519&all_sr_blocks=31106201_354761804_2_85_0&highlighted_blocks=31106201_354761804_2_85_0&matching_block_id=31106201_354761804_2_85_0&sr_pri_blocks=31106201_354761804_2_85_0__12600&from=searchresults,5/9/2026
Hurghada,Zak Inn,1889,EGP,2,0,1,8.9,2289,Hurghada,5.8 km from downtown,3,Inn,Economy Double Room,No,,,https://www.booking.com/hotel/eg/heliopolis-residence.html?aid=304142&label=gen173nr-10CAQoggI46wdIMVgEaEOIAQGYATO4ARfIAQzYAQPoAQH4AQGIAgGoAgG4Avu7_c8GwAIB0gIkY2M5OTY5MmItNzhmNy00NWRkLTg0ZjQtMjRjOTlmNTBkZTU02AIB4AIB&ucfs=1&arphpl=1&checkin=2026-06-01&checkout=2026-06-02&group_adults=2&req_adults=2&no_rooms=1&group_children=0&req_children=0&hpos=23&hapos=23&sr_order=popularity&srpvid=f4b9727d93681e18&srepoch=1778343519&all_sr_blocks=85332314_108649902_0_0_0&highlighted_blocks=85332314_108649902_0_0_0&matching_block_id=85332314_108649902_0_0_0&sr_pri_blocks=85332314_108649902_0_0_0__3584&from=searchresults,5/9/2026
Hurghada,Giftun Azur Resort,5703,EGP,2,0,1,8.5,2659,"Al Mamsha El Seyahi, Hurghada",8.3 km from downtown,3,Resort,Bungalow Garden View,Yes,All-inclusive,,https://www.booking.com/hotel/eg/giftun-azur-resort.html?aid=304142&label=gen173nr-10CAQoggI46wdIMVgEaEOIAQGYATO4ARfIAQzYAQPoAQH4AQGIAgGoAgG4Avu7_c8GwAIB0gIkY2M5OTY5MmItNzhmNy00NWRkLTg0ZjQtMjRjOTlmNTBkZTU02AIB4AIB&ucfs=1&arphpl=1&checkin=2026-06-01&checkout=2026-06-02&group_adults=2&req_adults=2&no_rooms=1&group_children=0&req_children=0&hpos=24&hapos=24&sr_order=popularity&srpvid=f4b9727d93681e18&srepoch=1778343519&all_sr_blocks=31909801_412058768_2_85_0&highlighted_blocks=31909801_412058768_2_85_0&matching_block_id=31909801_412058768_2_85_0&sr_pri_blocks=31909801_412058768_2_85_0__10818&from_sustainable_property_sr=1&from=searchresults,5/9/2026
Hurghada,New Eagles Downtown Zahabia Resort & Aqua Park,4233,EGP,2,0,1,8,2751,Hurghada,3.3 km from downtown,,Resort,Standard Double Room,Yes,Breakfast included,,https://www.booking.com/hotel/eg/zahabia-amp-beach-resort-hurghada4.html?aid=304142&label=gen173nr-10CAQoggI46wdIMVgEaEOIAQGYATO4ARfIAQzYAQPoAQH4AQGIAgGoAgG4Avu7_c8GwAIB0gIkY2M5OTY5MmItNzhmNy00NWRkLTg0ZjQtMjRjOTlmNTBkZTU02AIB4AIB&ucfs=1&arphpl=1&checkin=2026-06-01&checkout=2026-06-02&group_adults=2&req_adults=2&no_rooms=1&group_children=0&req_children=0&hpos=25&hapos=25&sr_order=popularity&srpvid=f4b9727d93681e18&srepoch=1778343519&all_sr_blocks=914805904_415668528_2_41_0&highlighted_blocks=914805904_415668528_2_41_0&matching_block_id=914805904_415668528_2_41_0&sr_pri_blocks=914805904_415668528_2_41_0__8030&from=searchresults,5/9/2026
Hurghada,Pickalbatros Palace - Aqua Park Hurghada,9906,EGP,2,0,1,9.4,4372,"Villages Road, Hurghada (Villages Road)",15.5 km from downtown,5,Villa,Special Offer - Standard Double Room - Egyptians and Residents Only,Yes,All-inclusive,,https://www.booking.com/hotel/eg/albatros-palace.html?aid=304142&label=gen173nr-10CAQoggI46wdIMVgEaEOIAQGYATO4ARfIAQzYAQPoAQH4AQGIAgGoAgG4Avu7_c8GwAIB0gIkY2M5OTY5MmItNzhmNy00NWRkLTg0ZjQtMjRjOTlmNTBkZTU02AIB4AIB&ucfs=1&arphpl=1&checkin=2026-06-01&checkout=2026-06-02&group_adults=2&req_adults=2&no_rooms=1&group_children=0&req_children=0&hpos=1&hapos=26&sr_order=popularity&srpvid=f4b9727d93681e18&srepoch=1778343428&all_sr_blocks=26640109_420928984_2_85_0_280143&highlighted_blocks=26640109_420928984_2_85_0_280143&matching_block_id=26640109_420928984_2_85_0_280143&sr_pri_blocks=26640109_420928984_2_85_0_280143_18789&from=searchresults,5/9/2026
Hurghada,Sheraton Soma Bay Resort,7117,EGP,2,0,1,8.7,666,"Soma Bay, Hurghada",49.4 km from downtown,5,Resort,"Classic Guest Room, Guest room, 1 King, Limited view",No,Breakfast included,,https://www.booking.com/hotel/eg/sheraton-soma-bay-resort.html?aid=304142&label=gen173nr-10CAQoggI46wdIMVgEaEOIAQGYATO4ARfIAQzYAQPoAQH4AQGIAgGoAgG4Avu7_c8GwAIB0gIkY2M5OTY5MmItNzhmNy00NWRkLTg0ZjQtMjRjOTlmNTBkZTU02AIB4AIB&ucfs=1&arphpl=1&checkin=2026-06-01&checkout=2026-06-02&group_adults=2&req_adults=2&no_rooms=1&group_children=0&req_children=0&hpos=2&hapos=27&sr_order=popularity&srpvid=f4b9727d93681e18&srepoch=1778343428&all_sr_blocks=1607124_95140721_0_1_0&highlighted_blocks=1607124_95140721_0_1_0&matching_block_id=1607124_95140721_0_1_0&sr_pri_blocks=1607124_95140721_0_1_0__13500&from=searchresults,5/9/2026
Hurghada,Lamera Hotel,1932,EGP,2,0,1,8,1396,Hurghada,4.7 km from downtown,3,Hotel,Large Double Room,Yes,Breakfast included,,https://www.booking.com/hotel/eg/lamera.html?aid=304142&label=gen173nr-10CAQoggI46wdIMVgEaEOIAQGYATO4ARfIAQzYAQPoAQH4AQGIAgGoAgG4Avu7_c8GwAIB0gIkY2M5OTY5MmItNzhmNy00NWRkLTg0ZjQtMjRjOTlmNTBkZTU02AIB4AIB&ucfs=1&arphpl=1&checkin=2026-06-01&checkout=2026-06-02&group_adults=2&req_adults=2&no_rooms=1&group_children=0&req_children=0&hpos=3&hapos=28&sr_order=popularity&srpvid=f4b9727d93681e18&srepoch=1778343428&all_sr_blocks=928566401_0_2_1_0&highlighted_blocks=928566401_0_2_1_0&matching_block_id=928566401_0_2_1_0&sr_pri_blocks=928566401_0_2_1_0__3664&from=searchresults,5/9/2026
Hurghada,"Lazur Pool Apartment's - El Kawsar, Hurghada - Egypt",1582,EGP,2,0,1,8.6,257,Hurghada,7.3 km from downtown,3,Apartment,One-Bedroom Apartment with City View,Yes,,,https://www.booking.com/hotel/eg/lazur-apartments-2.html?aid=304142&label=gen173nr-10CAQoggI46wdIMVgEaEOIAQGYATO4ARfIAQzYAQPoAQH4AQGIAgGoAgG4Avu7_c8GwAIB0gIkY2M5OTY5MmItNzhmNy00NWRkLTg0ZjQtMjRjOTlmNTBkZTU02AIB4AIB&ucfs=1&arphpl=1&checkin=2026-06-01&checkout=2026-06-02&group_adults=2&req_adults=2&no_rooms=1&group_children=0&req_children=0&hpos=4&hapos=29&sr_order=popularity&srpvid=f4b9727d93681e18&srepoch=1778343428&all_sr_blocks=1317393406_413380009_2_0_0_832195&highlighted_blocks=1317393406_413380009_2_0_0_832195&matching_block_id=1317393406_413380009_2_0_0_832195&sr_pri_blocks=1317393406_413380009_2_0_0_832195_3000&from=searchresults,5/9/2026
Hurghada,Soly appartments,949,EGP,2,0,1,10,6,Hurghada,6.1 km from downtown,,Apartment,One-Bedroom Apartment,Yes,,,https://www.booking.com/hotel/eg/soly-appartments.html?aid=304142&label=gen173nr-10CAQoggI46wdIMVgEaEOIAQGYATO4ARfIAQzYAQPoAQH4AQGIAgGoAgG4Avu7_c8GwAIB0gIkY2M5OTY5MmItNzhmNy00NWRkLTg0ZjQtMjRjOTlmNTBkZTU02AIB4AIB&ucfs=1&arphpl=1&checkin=2026-06-01&checkout=2026-06-02&group_adults=2&req_adults=2&no_rooms=1&group_children=0&req_children=0&hpos=5&hapos=30&sr_order=popularity&srpvid=f4b9727d93681e18&srepoch=1778343428&all_sr_blocks=1619724601_433729892_0_2_0&highlighted_blocks=1619724601_433729892_0_2_0&matching_block_id=1619724601_433729892_0_2_0&sr_pri_blocks=1619724601_433729892_0_2_0__1800&from=searchresults,5/9/2026
Hurghada,New Eagles Aqua Park Resort,5272,EGP,2,0,1,8.6,1654,"Villages Road, Hurghada (Villages Road)",14.7 km from downtown,4,Resort,Double or Twin Room with Pool View,Yes,Breakfast included,,https://www.booking.com/hotel/eg/new-eagles-resort-and-aquapark.html?aid=304142&label=gen173nr-10CAQoggI46wdIMVgEaEOIAQGYATO4ARfIAQzYAQPoAQH4AQGIAgGoAgG4Avu7_c8GwAIB0gIkY2M5OTY5MmItNzhmNy00NWRkLTg0ZjQtMjRjOTlmNTBkZTU02AIB4AIB&ucfs=1&arphpl=1&checkin=2026-06-01&checkout=2026-06-02&group_adults=2&req_adults=2&no_rooms=1&group_children=0&req_children=0&hpos=6&hapos=31&sr_order=popularity&srpvid=f4b9727d93681e18&srepoch=1778343428&all_sr_blocks=742926906_370125864_0_41_0&highlighted_blocks=742926906_370125864_0_41_0&matching_block_id=742926906_370125864_0_41_0&sr_pri_blocks=742926906_370125864_0_41_0__10000&from=searchresults,5/9/2026
Hurghada,Beach Albatros Aqua Park - Hurghada,9950,EGP,2,0,1,9.2,3427,"Villages Road, Hurghada (Villages Road)",15.3 km from downtown,5,Villa,Special Offer- Deluxe Room- Egyptians and Residents Only,Yes,All-inclusive,,https://www.booking.com/hotel/eg/beach-albatros-resort.html?aid=304142&label=gen173nr-10CAQoggI46wdIMVgEaEOIAQGYATO4ARfIAQzYAQPoAQH4AQGIAgGoAgG4Avu7_c8GwAIB0gIkY2M5OTY5MmItNzhmNy00NWRkLTg0ZjQtMjRjOTlmNTBkZTU02AIB4AIB&ucfs=1&arphpl=1&checkin=2026-06-01&checkout=2026-06-02&group_adults=2&req_adults=2&no_rooms=1&group_children=0&req_children=0&hpos=7&hapos=32&sr_order=popularity&srpvid=f4b9727d93681e18&srepoch=1778343428&all_sr_blocks=26644634_421526492_2_85_0&highlighted_blocks=26644634_421526492_2_85_0&matching_block_id=26644634_421526492_2_85_0&sr_pri_blocks=26644634_421526492_2_85_0__18874&from=searchresults,5/9/2026
Hurghada,Turtle's Inn Hotel,4714,EGP,2,0,1,8.3,301,"El Gouna, Hurghada",21.9 km from downtown,3,Inn,Standard Room,No,Breakfast included,,https://www.booking.com/hotel/eg/turtle-s-inn.html?aid=304142&label=gen173nr-10CAQoggI46wdIMVgEaEOIAQGYATO4ARfIAQzYAQPoAQH4AQGIAgGoAgG4Avu7_c8GwAIB0gIkY2M5OTY5MmItNzhmNy00NWRkLTg0ZjQtMjRjOTlmNTBkZTU02AIB4AIB&ucfs=1&arphpl=1&checkin=2026-06-01&checkout=2026-06-02&group_adults=2&req_adults=2&no_rooms=1&group_children=0&req_children=0&hpos=8&hapos=33&sr_order=popularity&srpvid=f4b9727d93681e18&srepoch=1778343428&all_sr_blocks=1644004_0_2_1_0&highlighted_blocks=1644004_0_2_1_0&matching_block_id=1644004_0_2_1_0&sr_pri_blocks=1644004_0_2_1_0__8942&from_sustainable_property_sr=1&from=searchresults,5/9/2026
Hurghada,Doubletree By Hilton Mangroovy El Gouna Resort,13892,EGP,2,0,1,9,217,"El Gouna, Hurghada",22.2 km from downtown,5,Resort,King Guest Room,Yes,Breakfast included,,https://www.booking.com/hotel/eg/doubletree-by-hilton-mangroovy-el-gouna-resort.html?aid=304142&label=gen173nr-10CAQoggI46wdIMVgEaEOIAQGYATO4ARfIAQzYAQPoAQH4AQGIAgGoAgG4Avu7_c8GwAIB0gIkY2M5OTY5MmItNzhmNy00NWRkLTg0ZjQtMjRjOTlmNTBkZTU02AIB4AIB&ucfs=1&arphpl=1&checkin=2026-06-01&checkout=2026-06-02&group_adults=2&req_adults=2&no_rooms=1&group_children=0&req_children=0&hpos=9&hapos=34&sr_order=popularity&srpvid=f4b9727d93681e18&srepoch=1778343428&all_sr_blocks=1256779605_398278716_2_1_0&highlighted_blocks=1256779605_398278716_2_1_0&matching_block_id=1256779605_398278716_2_1_0&sr_pri_blocks=1256779605_398278716_2_1_0__26350&from=searchresults,5/9/2026
Hurghada,Al Dora Hotel & Spa,4100,EGP,2,0,1,9.3,51,Hurghada,1.2 km from downtown,3,Hotel,Deluxe Double or Twin Room,No,All-inclusive,,https://www.booking.com/hotel/eg/al-dora-amp-spa.html?aid=304142&label=gen173nr-10CAQoggI46wdIMVgEaEOIAQGYATO4ARfIAQzYAQPoAQH4AQGIAgGoAgG4Avu7_c8GwAIB0gIkY2M5OTY5MmItNzhmNy00NWRkLTg0ZjQtMjRjOTlmNTBkZTU02AIB4AIB&ucfs=1&arphpl=1&checkin=2026-06-01&checkout=2026-06-02&group_adults=2&req_adults=2&no_rooms=1&group_children=0&req_children=0&hpos=10&hapos=35&sr_order=popularity&srpvid=f4b9727d93681e18&srepoch=1778343428&all_sr_blocks=1600661801_431023979_0_85_0_1377663&highlighted_blocks=1600661801_431023979_0_85_0_1377663&matching_block_id=1600661801_431023979_0_85_0_1377663&sr_pri_blocks=1600661801_431023979_0_85_0_1377663_7776&from=searchresults,5/9/2026
Hurghada,Pickalbatros Alf Leila Wa Leila Resort - Neverland Hurghada,9414,EGP,2,0,1,9,1639,"Villages Road, Hurghada (Villages Road)",18.6 km from downtown,4,Resort,Special Offer - Standard Double Room - Egyptians and Residents Only,Yes,All-inclusive,,https://www.booking.com/hotel/eg/alf-leila-wa-leila.html?aid=304142&label=gen173nr-10CAQoggI46wdIMVgEaEOIAQGYATO4ARfIAQzYAQPoAQH4AQGIAgGoAgG4Avu7_c8GwAIB0gIkY2M5OTY5MmItNzhmNy00NWRkLTg0ZjQtMjRjOTlmNTBkZTU02AIB4AIB&ucfs=1&arphpl=1&checkin=2026-06-01&checkout=2026-06-02&group_adults=2&req_adults=2&no_rooms=1&group_children=0&req_children=0&hpos=11&hapos=36&sr_order=popularity&srpvid=f4b9727d93681e18&srepoch=1778343428&all_sr_blocks=26812406_410148451_0_85_0&highlighted_blocks=26812406_410148451_0_85_0&matching_block_id=26812406_410148451_0_85_0&sr_pri_blocks=26812406_410148451_0_85_0__17857&from=searchresults,5/9/2026
Hurghada,"The Grand Hotel, Hurghada",5457,EGP,2,0,1,7.9,1128,"Al Mamsha El Seyahi, Hurghada",9.5 km from downtown,4,Hotel,Superior Room,No,All-inclusive,,https://www.booking.com/hotel/eg/the-grand.html?aid=304142&label=gen173nr-10CAQoggI46wdIMVgEaEOIAQGYATO4ARfIAQzYAQPoAQH4AQGIAgGoAgG4Avu7_c8GwAIB0gIkY2M5OTY5MmItNzhmNy00NWRkLTg0ZjQtMjRjOTlmNTBkZTU02AIB4AIB&ucfs=1&arphpl=1&checkin=2026-06-01&checkout=2026-06-02&group_adults=2&req_adults=2&no_rooms=1&group_children=0&req_children=0&hpos=12&hapos=37&sr_order=popularity&srpvid=f4b9727d93681e18&srepoch=1778343428&all_sr_blocks=762756202_333378369_2_85_0&highlighted_blocks=762756202_333378369_2_85_0&matching_block_id=762756202_333378369_2_85_0&sr_pri_blocks=762756202_333378369_2_85_0__10350&from=searchresults,5/9/2026
Hurghada,Vison Suites Sandy Beach All Inclusive Resort,3321,EGP,2,0,1,7.7,29,"Al Ahyaa, Hurghada (Al Ahyaa)",5.8 km from downtown,,Resort,Superior Double or Twin Room with Pool View,Yes,All-inclusive,,https://www.booking.com/hotel/eg/vison-suites-hawaii-all-inclusive-resort.html?aid=304142&label=gen173nr-10CAQoggI46wdIMVgEaEOIAQGYATO4ARfIAQzYAQPoAQH4AQGIAgGoAgG4Avu7_c8GwAIB0gIkY2M5OTY5MmItNzhmNy00NWRkLTg0ZjQtMjRjOTlmNTBkZTU02AIB4AIB&ucfs=1&arphpl=1&checkin=2026-06-01&checkout=2026-06-02&group_adults=2&req_adults=2&no_rooms=1&group_children=0&req_children=0&hpos=13&hapos=38&sr_order=popularity&srpvid=f4b9727d93681e18&srepoch=1778343428&all_sr_blocks=1598906004_431380763_2_85_0&highlighted_blocks=1598906004_431380763_2_85_0&matching_block_id=1598906004_431380763_2_85_0&sr_pri_blocks=1598906004_431380763_2_85_0__6300&from=searchresults,5/9/2026
Hurghada,The Kaktus Somabay,5588,EGP,2,0,1,9,187,"Soma Bay, Hurghada",46 km from downtown,4,Hotel,Double or Twin Room with Mountain View,No,Breakfast included,,https://www.booking.com/hotel/eg/the-kaktus-and-coworking-hub.html?aid=304142&label=gen173nr-10CAQoggI46wdIMVgEaEOIAQGYATO4ARfIAQzYAQPoAQH4AQGIAgGoAgG4Avu7_c8GwAIB0gIkY2M5OTY5MmItNzhmNy00NWRkLTg0ZjQtMjRjOTlmNTBkZTU02AIB4AIB&ucfs=1&arphpl=1&checkin=2026-06-01&checkout=2026-06-02&group_adults=2&req_adults=2&no_rooms=1&group_children=0&req_children=0&hpos=14&hapos=39&sr_order=popularity&srpvid=f4b9727d93681e18&srepoch=1778343428&all_sr_blocks=1378609601_409994166_0_1_0_849304&highlighted_blocks=1378609601_409994166_0_1_0_849304&matching_block_id=1378609601_409994166_0_1_0_849304&sr_pri_blocks=1378609601_409994166_0_1_0_849304_10600&from=searchresults,5/9/2026
Hurghada,Pharaoh Azur Resort,6439,EGP,2,0,1,8.7,1273,"Villages Road, Hurghada (Villages Road)",19.4 km from downtown,4,Resort,Azur Garden View Room,Yes,All-inclusive,,https://www.booking.com/hotel/eg/pharaoh-azur-resort.html?aid=304142&label=gen173nr-10CAQoggI46wdIMVgEaEOIAQGYATO4ARfIAQzYAQPoAQH4AQGIAgGoAgG4Avu7_c8GwAIB0gIkY2M5OTY5MmItNzhmNy00NWRkLTg0ZjQtMjRjOTlmNTBkZTU02AIB4AIB&ucfs=1&arphpl=1&checkin=2026-06-01&checkout=2026-06-02&group_adults=2&req_adults=2&no_rooms=1&group_children=0&req_children=0&hpos=15&hapos=40&sr_order=popularity&srpvid=f4b9727d93681e18&srepoch=1778343428&all_sr_blocks=17536301_389279691_2_85_0&highlighted_blocks=17536301_389279691_2_85_0&matching_block_id=17536301_389279691_2_85_0&sr_pri_blocks=17536301_389279691_2_85_0__12214&from_sustainable_property_sr=1&from=searchresults,5/9/2026
Hurghada,Old Palace Resort Sahl Hasheesh,5175,EGP,2,0,1,8.7,2136,"Sahl Hasheesh, Hurghada (Sahl Hasheesh)",24.6 km from downtown,5,Resort,Standard Room with Garden View,No,Breakfast included,,https://www.booking.com/hotel/eg/the-old-palace-resort.html?aid=304142&label=gen173nr-10CAQoggI46wdIMVgEaEOIAQGYATO4ARfIAQzYAQPoAQH4AQGIAgGoAgG4Avu7_c8GwAIB0gIkY2M5OTY5MmItNzhmNy00NWRkLTg0ZjQtMjRjOTlmNTBkZTU02AIB4AIB&ucfs=1&arphpl=1&checkin=2026-06-01&checkout=2026-06-02&group_adults=2&req_adults=2&no_rooms=1&group_children=0&req_children=0&hpos=16&hapos=41&sr_order=popularity&srpvid=f4b9727d93681e18&srepoch=1778343428&all_sr_blocks=33972001_0_2_1_0&highlighted_blocks=33972001_0_2_1_0&matching_block_id=33972001_0_2_1_0&sr_pri_blocks=33972001_0_2_1_0__9816&from=searchresults,5/9/2026
Hurghada,Hurghada Porto View,2794,EGP,2,0,1,7.4,82,"Al Mamsha El Seyahi, Hurghada",8.4 km from downtown,3,Hotel,Double Room,Yes,,,https://www.booking.com/hotel/eg/porto-view.html?aid=304142&label=gen173nr-10CAQoggI46wdIMVgEaEOIAQGYATO4ARfIAQzYAQPoAQH4AQGIAgGoAgG4Avu7_c8GwAIB0gIkY2M5OTY5MmItNzhmNy00NWRkLTg0ZjQtMjRjOTlmNTBkZTU02AIB4AIB&ucfs=1&arphpl=1&checkin=2026-06-01&checkout=2026-06-02&group_adults=2&req_adults=2&no_rooms=1&group_children=0&req_children=0&hpos=17&hapos=42&sr_order=popularity&srpvid=f4b9727d93681e18&srepoch=1778343428&all_sr_blocks=1399717001_426749587_0_42_0&highlighted_blocks=1399717001_426749587_0_42_0&matching_block_id=1399717001_426749587_0_42_0&sr_pri_blocks=1399717001_426749587_0_42_0__5300&from=searchresults,5/9/2026
Hurghada,TK Royal & Spa,4834,EGP,2,0,1,8.4,369,"Al Mamsha El Seyahi, Hurghada",11.9 km from downtown,,Hotel,Deluxe Twin Room,Yes,,,https://www.booking.com/hotel/eg/tk-royal-amp-spa.html?aid=304142&label=gen173nr-10CAQoggI46wdIMVgEaEOIAQGYATO4ARfIAQzYAQPoAQH4AQGIAgGoAgG4Avu7_c8GwAIB0gIkY2M5OTY5MmItNzhmNy00NWRkLTg0ZjQtMjRjOTlmNTBkZTU02AIB4AIB&ucfs=1&arphpl=1&checkin=2026-06-01&checkout=2026-06-02&group_adults=2&req_adults=2&no_rooms=1&group_children=0&req_children=0&hpos=18&hapos=43&sr_order=popularity&srpvid=f4b9727d93681e18&srepoch=1778343428&all_sr_blocks=1203171101_392562759_0_2_0_1394225&highlighted_blocks=1203171101_392562759_0_2_0_1394225&matching_block_id=1203171101_392562759_0_2_0_1394225&sr_pri_blocks=1203171101_392562759_0_2_0_1394225_9170&from=searchresults,5/9/2026
Hurghada,Steigenberger Golf Resort El Gouna,11377,EGP,2,0,1,8.7,1415,"El Gouna, Hurghada",19.8 km from downtown,5,Resort,Deluxe Twin Room,Yes,Breakfast included,,https://www.booking.com/hotel/eg/steigenberger-golf-resort-el-gouna.html?aid=304142&label=gen173nr-10CAQoggI46wdIMVgEaEOIAQGYATO4ARfIAQzYAQPoAQH4AQGIAgGoAgG4Avu7_c8GwAIB0gIkY2M5OTY5MmItNzhmNy00NWRkLTg0ZjQtMjRjOTlmNTBkZTU02AIB4AIB&ucfs=1&arphpl=1&checkin=2026-06-01&checkout=2026-06-02&group_adults=2&req_adults=2&no_rooms=1&group_children=0&req_children=0&hpos=19&hapos=44&sr_order=popularity&srpvid=f4b9727d93681e18&srepoch=1778343428&all_sr_blocks=1639016_0_2_1_0&highlighted_blocks=1639016_0_2_1_0&matching_block_id=1639016_0_2_1_0&sr_pri_blocks=1639016_0_2_1_0__21580&from_sustainable_property_sr=1&from=searchresults,5/9/2026
Hurghada,SOLA INN Hotel Hurghada,1218,EGP,2,0,1,7.9,74,"Villages Road, Hurghada (Villages Road)",12.8 km from downtown,3,Villa,Double Room,Yes,,,https://www.booking.com/hotel/eg/sola-inn-apartments.html?aid=304142&label=gen173nr-10CAQoggI46wdIMVgEaEOIAQGYATO4ARfIAQzYAQPoAQH4AQGIAgGoAgG4Avu7_c8GwAIB0gIkY2M5OTY5MmItNzhmNy00NWRkLTg0ZjQtMjRjOTlmNTBkZTU02AIB4AIB&ucfs=1&arphpl=1&checkin=2026-06-01&checkout=2026-06-02&group_adults=2&req_adults=2&no_rooms=1&group_children=0&req_children=0&hpos=20&hapos=45&sr_order=popularity&srpvid=f4b9727d93681e18&srepoch=1778343428&all_sr_blocks=1052608401_0_2_0_0&highlighted_blocks=1052608401_0_2_0_0&matching_block_id=1052608401_0_2_0_0&sr_pri_blocks=1052608401_0_2_0_0__2311&from=searchresults,5/9/2026
Hurghada,فندق ميراج باي اكوا بارك,4244,EGP,2,0,1,8.5,6,"Villages Road, Hurghada (Villages Road)",18.7 km from downtown,,Villa,Double Room,Yes,,,https://www.booking.com/hotel/eg/fndq-myrj-by-qsm-wl-lgrdq2.html?aid=304142&label=gen173nr-10CAQoggI46wdIMVgEaEOIAQGYATO4ARfIAQzYAQPoAQH4AQGIAgGoAgG4Avu7_c8GwAIB0gIkY2M5OTY5MmItNzhmNy00NWRkLTg0ZjQtMjRjOTlmNTBkZTU02AIB4AIB&ucfs=1&arphpl=1&checkin=2026-06-01&checkout=2026-06-02&group_adults=2&req_adults=2&no_rooms=1&group_children=0&req_children=0&hpos=21&hapos=46&sr_order=popularity&srpvid=f4b9727d93681e18&srepoch=1778343428&all_sr_blocks=1522229501_423874898_2_0_0&highlighted_blocks=1522229501_423874898_2_0_0&matching_block_id=1522229501_423874898_2_0_0&sr_pri_blocks=1522229501_423874898_2_0_0__8050&from=searchresults,5/9/2026
Hurghada,Pickalbatros White Beach Resort - Hurghada,10233,EGP,2,0,1,9.3,4660,"Al Mamsha El Seyahi, Hurghada",8.5 km from downtown,5,Resort,Special Offer - Deluxe Double Room - Egyptians and Residents Only,Yes,All-inclusive,,https://www.booking.com/hotel/eg/albatros-white-beach.html?aid=304142&label=gen173nr-10CAQoggI46wdIMVgEaEOIAQGYATO4ARfIAQzYAQPoAQH4AQGIAgGoAgG4Avu7_c8GwAIB0gIkY2M5OTY5MmItNzhmNy00NWRkLTg0ZjQtMjRjOTlmNTBkZTU02AIB4AIB&ucfs=1&arphpl=1&checkin=2026-06-01&checkout=2026-06-02&group_adults=2&req_adults=2&no_rooms=1&group_children=0&req_children=0&hpos=22&hapos=47&sr_order=popularity&srpvid=f4b9727d93681e18&srepoch=1778343428&all_sr_blocks=169488408_421526228_2_85_0&highlighted_blocks=169488408_421526228_2_85_0&matching_block_id=169488408_421526228_2_85_0&sr_pri_blocks=169488408_421526228_2_85_0__19410&from=searchresults,5/9/2026
Hurghada,Arabella Azur Resort,6576,EGP,2,0,1,8.8,1226,Hurghada,4 km from downtown,3,Resort,Azur Garden View Room,Yes,All-inclusive,,https://www.booking.com/hotel/eg/arabella-azur-resort.html?aid=304142&label=gen173nr-10CAQoggI46wdIMVgEaEOIAQGYATO4ARfIAQzYAQPoAQH4AQGIAgGoAgG4Avu7_c8GwAIB0gIkY2M5OTY5MmItNzhmNy00NWRkLTg0ZjQtMjRjOTlmNTBkZTU02AIB4AIB&ucfs=1&arphpl=1&checkin=2026-06-01&checkout=2026-06-02&group_adults=2&req_adults=2&no_rooms=1&group_children=0&req_children=0&hpos=23&hapos=48&sr_order=popularity&srpvid=f4b9727d93681e18&srepoch=1778343428&all_sr_blocks=31909505_0_2_85_0&highlighted_blocks=31909505_0_2_85_0&matching_block_id=31909505_0_2_85_0&sr_pri_blocks=31909505_0_2_85_0__12473&from_sustainable_property_sr=1&from=searchresults,5/9/2026
Hurghada,MinaMark Beach Resort for Families and Couples Only,4007,EGP,2,0,1,8.4,1269,Hurghada,5.3 km from downtown,4,Resort,Budget Double Room - No Balcony,Yes,Breakfast included,,https://www.booking.com/hotel/eg/minamark-beach-resort.html?aid=304142&label=gen173nr-10CAQoggI46wdIMVgEaEOIAQGYATO4ARfIAQzYAQPoAQH4AQGIAgGoAgG4Avu7_c8GwAIB0gIkY2M5OTY5MmItNzhmNy00NWRkLTg0ZjQtMjRjOTlmNTBkZTU02AIB4AIB&ucfs=1&arphpl=1&checkin=2026-06-01&checkout=2026-06-02&group_adults=2&req_adults=2&no_rooms=1&group_children=0&req_children=0&hpos=24&hapos=49&sr_order=popularity&srpvid=f4b9727d93681e18&srepoch=1778343428&all_sr_blocks=35317524_265708194_0_41_0_558031&highlighted_blocks=35317524_265708194_0_41_0_558031&matching_block_id=35317524_265708194_0_41_0_558031&sr_pri_blocks=35317524_265708194_0_41_0_558031_7600&from=searchresults,5/9/2026
Hurghada,Siva Golden Bay Makadi,6643,EGP,2,0,1,8.5,1806,Hurghada,34.1 km from downtown,4,Hotel,Deluxe Room Garden/Sea View,No,All-inclusive,,https://www.booking.com/hotel/eg/siva-golden-bay-makadi.html?aid=304142&label=gen173nr-10CAQoggI46wdIMVgEaEOIAQGYATO4ARfIAQzYAQPoAQH4AQGIAgGoAgG4Avu7_c8GwAIB0gIkY2M5OTY5MmItNzhmNy00NWRkLTg0ZjQtMjRjOTlmNTBkZTU02AIB4AIB&ucfs=1&arphpl=1&checkin=2026-06-01&checkout=2026-06-02&group_adults=2&req_adults=2&no_rooms=1&group_children=0&req_children=0&hpos=25&hapos=50&sr_order=popularity&srpvid=f4b9727d93681e18&srepoch=1778343428&all_sr_blocks=1083844401_381295020_2_85_0&highlighted_blocks=1083844401_381295020_2_85_0&matching_block_id=1083844401_381295020_2_85_0&sr_pri_blocks=1083844401_381295020_2_85_0__12600&from=searchresults,5/9/2026
Hurghada,La Casa Beach,1661,EGP,2,0,1,7.7,871,Hurghada,6.2 km from downtown,3,Hotel,Budget Double Room,Yes,,,https://www.booking.com/hotel/eg/la-casa-beach-hurghada.html?aid=304142&label=gen173nr-10CAQoggI46wdIMVgEaEOIAQGYATO4ARfIAQzYAQPoAQH4AQGIAgGoAgG4Avu7_c8GwAIB0gIkY2M5OTY5MmItNzhmNy00NWRkLTg0ZjQtMjRjOTlmNTBkZTU02AIB4AIB&ucfs=1&arphpl=1&checkin=2026-06-01&checkout=2026-06-02&group_adults=2&req_adults=2&no_rooms=1&group_children=0&req_children=0&hpos=1&hapos=51&sr_order=popularity&srpvid=f4b9727d93681e18&srepoch=1778343434&all_sr_blocks=860615805_386881342_2_0_0&highlighted_blocks=860615805_386881342_2_0_0&matching_block_id=860615805_386881342_2_0_0&sr_pri_blocks=860615805_386881342_2_0_0__3150&from=searchresults,5/9/2026
Hurghada,Blend Club Aqua Resort,5694,EGP,2,0,1,8.7,1105,"Villages Road, Hurghada (Villages Road)",18.5 km from downtown,4,Resort,Superior Twin Garden View,No,All-inclusive,,https://www.booking.com/hotel/eg/club-golden-5.html?aid=304142&label=gen173nr-10CAQoggI46wdIMVgEaEOIAQGYATO4ARfIAQzYAQPoAQH4AQGIAgGoAgG4Avu7_c8GwAIB0gIkY2M5OTY5MmItNzhmNy00NWRkLTg0ZjQtMjRjOTlmNTBkZTU02AIB4AIB&ucfs=1&arphpl=1&checkin=2026-06-01&checkout=2026-06-02&group_adults=2&req_adults=2&no_rooms=1&group_children=0&req_children=0&hpos=2&hapos=52&sr_order=popularity&srpvid=f4b9727d93681e18&srepoch=1778343434&all_sr_blocks=32004011_425000010_2_85_0&highlighted_blocks=32004011_425000010_2_85_0&matching_block_id=32004011_425000010_2_85_0&sr_pri_blocks=32004011_425000010_2_85_0__10800&from_sustainable_property_sr=1&from=searchresults,5/9/2026
Hurghada,Sky View Suites Hotel,2902,EGP,2,0,1,8.2,473,Hurghada,7 km from downtown,,Hotel,Suite with Garden View,No,,,https://www.booking.com/hotel/eg/sky-view-suites-hurghada.html?aid=304142&label=gen173nr-10CAQoggI46wdIMVgEaEOIAQGYATO4ARfIAQzYAQPoAQH4AQGIAgGoAgG4Avu7_c8GwAIB0gIkY2M5OTY5MmItNzhmNy00NWRkLTg0ZjQtMjRjOTlmNTBkZTU02AIB4AIB&ucfs=1&arphpl=1&checkin=2026-06-01&checkout=2026-06-02&group_adults=2&req_adults=2&no_rooms=1&group_children=0&req_children=0&hpos=3&hapos=53&sr_order=popularity&srpvid=f4b9727d93681e18&srepoch=1778343434&all_sr_blocks=342896502_116964164_2_42_0&highlighted_blocks=342896502_116964164_2_42_0&matching_block_id=342896502_116964164_2_42_0&sr_pri_blocks=342896502_116964164_2_42_0__5504&from=searchresults,5/9/2026
Hurghada,Pickalbatros Jungle Aqua Park - Neverland Hurghada,10847,EGP,2,0,1,9.1,5617,"Villages Road, Hurghada (Villages Road)",18.8 km from downtown,4,Villa,Deluxe Room with Pool View- Alf Leila Wa Leila Area,Yes,All-inclusive,,https://www.booking.com/hotel/eg/jungle-park.html?aid=304142&label=gen173nr-10CAQoggI46wdIMVgEaEOIAQGYATO4ARfIAQzYAQPoAQH4AQGIAgGoAgG4Avu7_c8GwAIB0gIkY2M5OTY5MmItNzhmNy00NWRkLTg0ZjQtMjRjOTlmNTBkZTU02AIB4AIB&ucfs=1&arphpl=1&checkin=2026-06-01&checkout=2026-06-02&group_adults=2&req_adults=2&no_rooms=1&group_children=0&req_children=0&hpos=4&hapos=54&sr_order=popularity&srpvid=f4b9727d93681e18&srepoch=1778343434&all_sr_blocks=26735330_410148441_2_85_0_241154&highlighted_blocks=26735330_410148441_2_85_0_241154&matching_block_id=26735330_410148441_2_85_0_241154&sr_pri_blocks=26735330_410148441_2_85_0_241154_20575&from=searchresults,5/9/2026
Hurghada,Gcribs Onebedroom Elgouna,2135,EGP,2,0,1,7.7,20,"El Gouna, Hurghada",22.7 km from downtown,3,Apartment,One-Bedroom Apartment,No,,,https://www.booking.com/hotel/eg/gcribs-onebedroom-elgouna.html?aid=304142&label=gen173nr-10CAQoggI46wdIMVgEaEOIAQGYATO4ARfIAQzYAQPoAQH4AQGIAgGoAgG4Avu7_c8GwAIB0gIkY2M5OTY5MmItNzhmNy00NWRkLTg0ZjQtMjRjOTlmNTBkZTU02AIB4AIB&ucfs=1&arphpl=1&checkin=2026-06-01&checkout=2026-06-02&group_adults=2&req_adults=2&no_rooms=1&group_children=0&req_children=0&hpos=5&hapos=55&sr_order=popularity&srpvid=f4b9727d93681e18&srepoch=1778343434&all_sr_blocks=1478740501_419338331_4_0_0&highlighted_blocks=1478740501_419338331_4_0_0&matching_block_id=1478740501_419338331_4_0_0&sr_pri_blocks=1478740501_419338331_4_0_0__4050&from=searchresults,5/9/2026
Hurghada,"Lazur Sea & City Apartment's - El Hadaba, Hurghada - Egypt",1450,EGP,2,0,1,8.6,1447,Hurghada,6.1 km from downtown,4,Apartment,One-Bedroom Standard Apartment (Ground Floor),Yes,Breakfast included,,https://www.booking.com/hotel/eg/lazur-apartments-hurghada1.html?aid=304142&label=gen173nr-10CAQoggI46wdIMVgEaEOIAQGYATO4ARfIAQzYAQPoAQH4AQGIAgGoAgG4Avu7_c8GwAIB0gIkY2M5OTY5MmItNzhmNy00NWRkLTg0ZjQtMjRjOTlmNTBkZTU02AIB4AIB&ucfs=1&arphpl=1&checkin=2026-06-01&checkout=2026-06-02&group_adults=2&req_adults=2&no_rooms=1&group_children=0&req_children=0&hpos=6&hapos=56&sr_order=popularity&srpvid=f4b9727d93681e18&srepoch=1778343434&all_sr_blocks=1125481322_408455406_2_41_0_899890&highlighted_blocks=1125481322_408455406_2_41_0_899890&matching_block_id=1125481322_408455406_2_41_0_899890&sr_pri_blocks=1125481322_408455406_2_41_0_899890_2750&from=searchresults,5/9/2026
Hurghada,Al Dora Resort All Inclusive Hotel,3986,EGP,2,0,1,7.5,642,Hurghada,1.2 km from downtown,3,Resort,Deluxe Double or Twin Room with City View,Yes,All-inclusive,,https://www.booking.com/hotel/eg/al-dora-all-inclusive.html?aid=304142&label=gen173nr-10CAQoggI46wdIMVgEaEOIAQGYATO4ARfIAQzYAQPoAQH4AQGIAgGoAgG4Avu7_c8GwAIB0gIkY2M5OTY5MmItNzhmNy00NWRkLTg0ZjQtMjRjOTlmNTBkZTU02AIB4AIB&ucfs=1&arphpl=1&checkin=2026-06-01&checkout=2026-06-02&group_adults=2&req_adults=2&no_rooms=1&group_children=0&req_children=0&hpos=7&hapos=57&sr_order=popularity&srpvid=f4b9727d93681e18&srepoch=1778343434&all_sr_blocks=1268364701_411511303_0_85_0&highlighted_blocks=1268364701_411511303_0_85_0&matching_block_id=1268364701_411511303_0_85_0&sr_pri_blocks=1268364701_411511303_0_85_0__7560&from=searchresults,5/9/2026
Hurghada,Three Corners Ocean View El Gouna - Adults Only,5973,EGP,2,0,1,8.8,968,"El Gouna, Hurghada",21.2 km from downtown,4,Hotel,Premium Room with Garden View,Yes,Breakfast included,,https://www.booking.com/hotel/eg/the-three-corners-ocean-view.html?aid=304142&label=gen173nr-10CAQoggI46wdIMVgEaEOIAQGYATO4ARfIAQzYAQPoAQH4AQGIAgGoAgG4Avu7_c8GwAIB0gIkY2M5OTY5MmItNzhmNy00NWRkLTg0ZjQtMjRjOTlmNTBkZTU02AIB4AIB&ucfs=1&arphpl=1&checkin=2026-06-01&checkout=2026-06-02&group_adults=2&req_adults=2&no_rooms=1&group_children=0&req_children=0&hpos=8&hapos=58&sr_order=popularity&srpvid=f4b9727d93681e18&srepoch=1778343434&all_sr_blocks=1612001_423622726_2_41_0&highlighted_blocks=1612001_423622726_2_41_0&matching_block_id=1612001_423622726_2_41_0&sr_pri_blocks=1612001_423622726_2_41_0__11330&from_sustainable_property_sr=1&from=searchresults,5/9/2026
Hurghada,Arabia Azur Resort,6218,EGP,2,0,1,8.6,2335,Hurghada,3.8 km from downtown,3,Resort,Garden View Double Room,Yes,All-inclusive,,https://www.booking.com/hotel/eg/arabia-azur-resort.html?aid=304142&label=gen173nr-10CAQoggI46wdIMVgEaEOIAQGYATO4ARfIAQzYAQPoAQH4AQGIAgGoAgG4Avu7_c8GwAIB0gIkY2M5OTY5MmItNzhmNy00NWRkLTg0ZjQtMjRjOTlmNTBkZTU02AIB4AIB&ucfs=1&arphpl=1&checkin=2026-06-01&checkout=2026-06-02&group_adults=2&req_adults=2&no_rooms=1&group_children=0&req_children=0&hpos=9&hapos=59&sr_order=popularity&srpvid=f4b9727d93681e18&srepoch=1778343434&all_sr_blocks=0_0_2_85_0&highlighted_blocks=0_0_2_85_0&matching_block_id=0_0_2_85_0&sr_pri_blocks=0_0_2_85_0__11794&from_sustainable_property_sr=1&from=searchresults,5/9/2026
Hurghada,TK Royal Hotel & SPA,5352,EGP,2,0,1,9.9,15,"Al Mamsha El Seyahi, Hurghada",11.9 km from downtown,4,Inn,Deluxe Double or Twin Room,No,All-inclusive,,https://www.booking.com/hotel/eg/scandic-beach-resort-hurghada-1.html?aid=304142&label=gen173nr-10CAQoggI46wdIMVgEaEOIAQGYATO4ARfIAQzYAQPoAQH4AQGIAgGoAgG4Avu7_c8GwAIB0gIkY2M5OTY5MmItNzhmNy00NWRkLTg0ZjQtMjRjOTlmNTBkZTU02AIB4AIB&ucfs=1&arphpl=1&checkin=2026-06-01&checkout=2026-06-02&group_adults=2&req_adults=2&no_rooms=1&group_children=0&req_children=0&hpos=10&hapos=60&sr_order=popularity&srpvid=f4b9727d93681e18&srepoch=1778343434&all_sr_blocks=1524099101_434041523_0_85_0&highlighted_blocks=1524099101_434041523_0_85_0&matching_block_id=1524099101_434041523_0_85_0&sr_pri_blocks=1524099101_434041523_0_85_0__10152&from=searchresults,5/9/2026
Hurghada,The Chedi El Gouna,15500,EGP,2,0,1,9.1,736,"El Gouna, Hurghada",19.9 km from downtown,5,Hotel,Deluxe Room,Yes,Breakfast included,,https://www.booking.com/hotel/eg/the-chedi-elgouna.html?aid=304142&label=gen173nr-10CAQoggI46wdIMVgEaEOIAQGYATO4ARfIAQzYAQPoAQH4AQGIAgGoAgG4Avu7_c8GwAIB0gIkY2M5OTY5MmItNzhmNy00NWRkLTg0ZjQtMjRjOTlmNTBkZTU02AIB4AIB&ucfs=1&arphpl=1&checkin=2026-06-01&checkout=2026-06-02&group_adults=2&req_adults=2&no_rooms=1&group_children=0&req_children=0&hpos=11&hapos=61&sr_order=popularity&srpvid=f4b9727d93681e18&srepoch=1778343434&all_sr_blocks=139891004_425444241_2_33_0&highlighted_blocks=139891004_425444241_2_33_0&matching_block_id=139891004_425444241_2_33_0&sr_pri_blocks=139891004_425444241_2_33_0__29400&from_sustainable_property_sr=1&from=searchresults,5/9/2026
Hurghada,Premier Le Reve Hotel & Spa Sahl Hasheesh - Adults Only 16 Years Plus,12521,EGP,2,0,1,9.3,667,"Sahl Hasheesh, Hurghada (Sahl Hasheesh)",27.2 km from downtown,5,Hotel,Double Room with Garden View,Yes,All-inclusive,,https://www.booking.com/hotel/eg/premier-le-reve-spa.html?aid=304142&label=gen173nr-10CAQoggI46wdIMVgEaEOIAQGYATO4ARfIAQzYAQPoAQH4AQGIAgGoAgG4Avu7_c8GwAIB0gIkY2M5OTY5MmItNzhmNy00NWRkLTg0ZjQtMjRjOTlmNTBkZTU02AIB4AIB&ucfs=1&arphpl=1&checkin=2026-06-01&checkout=2026-06-02&group_adults=2&req_adults=2&no_rooms=1&group_children=0&req_children=0&hpos=12&hapos=62&sr_order=popularity&srpvid=f4b9727d93681e18&srepoch=1778343434&all_sr_blocks=27781005_381546282_2_85_0&highlighted_blocks=27781005_381546282_2_85_0&matching_block_id=27781005_381546282_2_85_0&sr_pri_blocks=27781005_381546282_2_85_0__23750&from=searchresults,5/9/2026
Hurghada,Tropitel Sahl Hasheesh,8425,EGP,2,0,1,8.9,1636,"Sahl Hasheesh, Hurghada (Sahl Hasheesh)",27.7 km from downtown,5,Inn,Deluxe Room,Yes,Breakfast & dinner included,,https://www.booking.com/hotel/eg/tropitel-sahl-hasheesh.html?aid=304142&label=gen173nr-10CAQoggI46wdIMVgEaEOIAQGYATO4ARfIAQzYAQPoAQH4AQGIAgGoAgG4Avu7_c8GwAIB0gIkY2M5OTY5MmItNzhmNy00NWRkLTg0ZjQtMjRjOTlmNTBkZTU02AIB4AIB&ucfs=1&arphpl=1&checkin=2026-06-01&checkout=2026-06-02&group_adults=2&req_adults=2&no_rooms=1&group_children=0&req_children=0&hpos=13&hapos=63&sr_order=popularity&srpvid=f4b9727d93681e18&srepoch=1778343434&all_sr_blocks=35874501_399824505_2_25_0_635744&highlighted_blocks=35874501_399824505_2_25_0_635744&matching_block_id=35874501_399824505_2_25_0_635744&sr_pri_blocks=35874501_399824505_2_25_0_635744_15980&from_sustainable_property_sr=1&from=searchresults,5/9/2026
Hurghada,Imperial Resort Hurghada,2096,EGP,2,0,1,8.3,372,"Al Ahyaa, Hurghada (Al Ahyaa)",14 km from downtown,,Resort,Deluxe Studio,Yes,,,https://www.booking.com/hotel/eg/imperial-hurghada-resort-hurghada.html?aid=304142&label=gen173nr-10CAQoggI46wdIMVgEaEOIAQGYATO4ARfIAQzYAQPoAQH4AQGIAgGoAgG4Avu7_c8GwAIB0gIkY2M5OTY5MmItNzhmNy00NWRkLTg0ZjQtMjRjOTlmNTBkZTU02AIB4AIB&ucfs=1&arphpl=1&checkin=2026-06-01&checkout=2026-06-02&group_adults=2&req_adults=2&no_rooms=1&group_children=0&req_children=0&hpos=14&hapos=64&sr_order=popularity&srpvid=f4b9727d93681e18&srepoch=1778343434&all_sr_blocks=849406311_399855754_2_2_0&highlighted_blocks=849406311_399855754_2_2_0&matching_block_id=849406311_399855754_2_2_0&sr_pri_blocks=849406311_399855754_2_2_0__3975&from=searchresults,5/9/2026
Hurghada,Al Dora Residence Suites Hurghada,4033,EGP,2,0,1,7.6,1195,Hurghada,1.2 km from downtown,3,Apartment,Twin Room with Garden View,Yes,All-inclusive,,https://www.booking.com/hotel/eg/al-dora-residence-suites-hurghada4.html?aid=304142&label=gen173nr-10CAQoggI46wdIMVgEaEOIAQGYATO4ARfIAQzYAQPoAQH4AQGIAgGoAgG4Avu7_c8GwAIB0gIkY2M5OTY5MmItNzhmNy00NWRkLTg0ZjQtMjRjOTlmNTBkZTU02AIB4AIB&ucfs=1&arphpl=1&checkin=2026-06-01&checkout=2026-06-02&group_adults=2&req_adults=2&no_rooms=1&group_children=0&req_children=0&hpos=15&hapos=65&sr_order=popularity&srpvid=f4b9727d93681e18&srepoch=1778343434&all_sr_blocks=1025164602_410962994_2_85_0&highlighted_blocks=1025164602_410962994_2_85_0&matching_block_id=1025164602_410962994_2_85_0&sr_pri_blocks=1025164602_410962994_2_85_0__7650&from=searchresults,5/9/2026
Hurghada,Pickalbatros Aqua Vista Resort - Hurghada,6992,EGP,2,0,1,9,3176,"Villages Road, Hurghada (Villages Road)",14.9 km from downtown,4,Resort,Special Offer - Standard Double Room - Egyptians and Residents Only,No,All meals included,,https://www.booking.com/hotel/eg/aqua-vista-resort-spa.html?aid=304142&label=gen173nr-10CAQoggI46wdIMVgEaEOIAQGYATO4ARfIAQzYAQPoAQH4AQGIAgGoAgG4Avu7_c8GwAIB0gIkY2M5OTY5MmItNzhmNy00NWRkLTg0ZjQtMjRjOTlmNTBkZTU02AIB4AIB&ucfs=1&arphpl=1&checkin=2026-06-01&checkout=2026-06-02&group_adults=2&req_adults=2&no_rooms=1&group_children=0&req_children=0&hpos=16&hapos=66&sr_order=popularity&srpvid=f4b9727d93681e18&srepoch=1778343434&all_sr_blocks=26865605_0_2_21_0&highlighted_blocks=26865605_0_2_21_0&matching_block_id=26865605_0_2_21_0&sr_pri_blocks=26865605_0_2_21_0__13262&from=searchresults,5/9/2026
Hurghada,Sky Star Hotel free shuttle to Hurghada City Center,2109,EGP,2,0,1,8.7,268,Hurghada,21.3 km from downtown,3,Hotel,Superior Double Room,Yes,Breakfast included,,https://www.booking.com/hotel/eg/sky-star-hurghada.html?aid=304142&label=gen173nr-10CAQoggI46wdIMVgEaEOIAQGYATO4ARfIAQzYAQPoAQH4AQGIAgGoAgG4Avu7_c8GwAIB0gIkY2M5OTY5MmItNzhmNy00NWRkLTg0ZjQtMjRjOTlmNTBkZTU02AIB4AIB&ucfs=1&arphpl=1&checkin=2026-06-01&checkout=2026-06-02&group_adults=2&req_adults=2&no_rooms=1&group_children=0&req_children=0&hpos=17&hapos=67&sr_order=popularity&srpvid=f4b9727d93681e18&srepoch=1778343434&all_sr_blocks=1332995603_405806600_2_41_0_760546&highlighted_blocks=1332995603_405806600_2_41_0_760546&matching_block_id=1332995603_405806600_2_41_0_760546&sr_pri_blocks=1332995603_405806600_2_41_0_760546_4000&from=searchresults,5/9/2026
Hurghada,Pickalbatros Aqua Blu Resort - Hurghada,8398,EGP,2,0,1,9.3,1837,"Villages Road, Hurghada (Villages Road)",15 km from downtown,4,Resort,Deluxe Double Room - Egyptians and Residents Only,Yes,All meals included,,https://www.booking.com/hotel/eg/aqua-blu-resort.html?aid=304142&label=gen173nr-10CAQoggI46wdIMVgEaEOIAQGYATO4ARfIAQzYAQPoAQH4AQGIAgGoAgG4Avu7_c8GwAIB0gIkY2M5OTY5MmItNzhmNy00NWRkLTg0ZjQtMjRjOTlmNTBkZTU02AIB4AIB&ucfs=1&arphpl=1&checkin=2026-06-01&checkout=2026-06-02&group_adults=2&req_adults=2&no_rooms=1&group_children=0&req_children=0&hpos=18&hapos=68&sr_order=popularity&srpvid=f4b9727d93681e18&srepoch=1778343434&all_sr_blocks=0_0_2_21_0&highlighted_blocks=0_0_2_21_0&matching_block_id=0_0_2_21_0&sr_pri_blocks=0_0_2_21_0__15930&from=searchresults,5/9/2026
Hurghada,Four Seasons Hotel,949,EGP,2,0,1,7.8,189,Hurghada,0.7 km from downtown,1,Hotel,Double Room with Private Bathroom,Yes,Breakfast included,,https://www.booking.com/hotel/eg/seasons-lgrdq1.html?aid=304142&label=gen173nr-10CAQoggI46wdIMVgEaEOIAQGYATO4ARfIAQzYAQPoAQH4AQGIAgGoAgG4Avu7_c8GwAIB0gIkY2M5OTY5MmItNzhmNy00NWRkLTg0ZjQtMjRjOTlmNTBkZTU02AIB4AIB&ucfs=1&arphpl=1&checkin=2026-06-01&checkout=2026-06-02&group_adults=2&req_adults=2&no_rooms=1&group_children=0&req_children=0&hpos=19&hapos=69&sr_order=popularity&srpvid=f4b9727d93681e18&srepoch=1778343434&all_sr_blocks=757699302_379364851_2_1_0&highlighted_blocks=757699302_379364851_2_1_0&matching_block_id=757699302_379364851_2_1_0&sr_pri_blocks=757699302_379364851_2_1_0__1800&from=searchresults,5/9/2026
Hurghada,Sheraton Miramar Resort El Gouna,9490,EGP,2,0,1,8.5,517,"El Gouna, Hurghada",20.9 km from downtown,5,Resort,Superior Twin Room,No,Breakfast included,,https://www.booking.com/hotel/eg/sheraton-miramar-resort-el-gouna.html?aid=304142&label=gen173nr-10CAQoggI46wdIMVgEaEOIAQGYATO4ARfIAQzYAQPoAQH4AQGIAgGoAgG4Avu7_c8GwAIB0gIkY2M5OTY5MmItNzhmNy00NWRkLTg0ZjQtMjRjOTlmNTBkZTU02AIB4AIB&ucfs=1&arphpl=1&checkin=2026-06-01&checkout=2026-06-02&group_adults=2&req_adults=2&no_rooms=1&group_children=0&req_children=0&hpos=20&hapos=70&sr_order=popularity&srpvid=f4b9727d93681e18&srepoch=1778343434&all_sr_blocks=1606130_95140718_0_41_0&highlighted_blocks=1606130_95140718_0_41_0&matching_block_id=1606130_95140718_0_41_0&sr_pri_blocks=1606130_95140718_0_41_0__18000&from_sustainable_property_sr=1&from=searchresults,5/9/2026
Hurghada,Steigenberger Aldau Beach Hotel,14320,EGP,2,0,1,9.6,1556,"Al Mamsha El Seyahi, Hurghada",10.6 km from downtown,5,Hotel,Superior Suite Garden or pool view,No,All-inclusive,,https://www.booking.com/hotel/eg/steigenberger-al-dau-beach.html?aid=304142&label=gen173nr-10CAQoggI46wdIMVgEaEOIAQGYATO4ARfIAQzYAQPoAQH4AQGIAgGoAgG4Avu7_c8GwAIB0gIkY2M5OTY5MmItNzhmNy00NWRkLTg0ZjQtMjRjOTlmNTBkZTU02AIB4AIB&ucfs=1&arphpl=1&checkin=2026-06-01&checkout=2026-06-02&group_adults=2&req_adults=2&no_rooms=1&group_children=0&req_children=0&hpos=21&hapos=71&sr_order=popularity&srpvid=f4b9727d93681e18&srepoch=1778343434&all_sr_blocks=1924412_95144001_2_85_0_126663&highlighted_blocks=1924412_95144001_2_85_0_126663&matching_block_id=1924412_95144001_2_85_0_126663&sr_pri_blocks=1924412_95144001_2_85_0_126663_27163&from_sustainable_property_sr=1&from=searchresults,5/9/2026
Hurghada,Dexon Roma All Inclusive Hotel,5030,EGP,2,0,1,8,167,Hurghada,6 km from downtown,3,Hotel,Deluxe Double Room with Balcony,No,All-inclusive,,https://www.booking.com/hotel/eg/dexon-roma-all-inclusive-hurghada-1.html?aid=304142&label=gen173nr-10CAQoggI46wdIMVgEaEOIAQGYATO4ARfIAQzYAQPoAQH4AQGIAgGoAgG4Avu7_c8GwAIB0gIkY2M5OTY5MmItNzhmNy00NWRkLTg0ZjQtMjRjOTlmNTBkZTU02AIB4AIB&ucfs=1&arphpl=1&checkin=2026-06-01&checkout=2026-06-02&group_adults=2&req_adults=2&no_rooms=1&group_children=0&req_children=0&hpos=22&hapos=72&sr_order=popularity&srpvid=f4b9727d93681e18&srepoch=1778343434&all_sr_blocks=1509540001_422708026_0_85_0_1276890&highlighted_blocks=1509540001_422708026_0_85_0_1276890&matching_block_id=1509540001_422708026_0_85_0_1276890&sr_pri_blocks=1509540001_422708026_0_85_0_1276890_9541&from=searchresults,5/9/2026
Hurghada,KaiSol Romance Resort Sahl Hasheesh - Adults Only,12850,EGP,2,0,1,9.2,1638,"Sahl Hasheesh, Hurghada (Sahl Hasheesh)",24.7 km from downtown,5,Resort,Superior Room,No,Breakfast included,,https://www.booking.com/hotel/eg/premier-romance-boutique-spa.html?aid=304142&label=gen173nr-10CAQoggI46wdIMVgEaEOIAQGYATO4ARfIAQzYAQPoAQH4AQGIAgGoAgG4Avu7_c8GwAIB0gIkY2M5OTY5MmItNzhmNy00NWRkLTg0ZjQtMjRjOTlmNTBkZTU02AIB4AIB&ucfs=1&arphpl=1&checkin=2026-06-01&checkout=2026-06-02&group_adults=2&req_adults=2&no_rooms=1&group_children=0&req_children=0&hpos=23&hapos=73&sr_order=popularity&srpvid=f4b9727d93681e18&srepoch=1778343434&all_sr_blocks=27781302_406933737_2_41_0&highlighted_blocks=27781302_406933737_2_41_0&matching_block_id=27781302_406933737_2_41_0&sr_pri_blocks=27781302_406933737_2_41_0__24375&from_sustainable_property_sr=1&from=searchresults,5/9/2026
Hurghada,Grand Palace - Couples only 18 years plus,10201,EGP,2,0,1,8.9,2044,"Al Mamsha El Seyahi, Hurghada",9.3 km from downtown,5,Hotel,Junior Suite with Partial Sea View,No,All-inclusive,,https://www.booking.com/hotel/eg/the-grand-palace-hurghada12.html?aid=304142&label=gen173nr-10CAQoggI46wdIMVgEaEOIAQGYATO4ARfIAQzYAQPoAQH4AQGIAgGoAgG4Avu7_c8GwAIB0gIkY2M5OTY5MmItNzhmNy00NWRkLTg0ZjQtMjRjOTlmNTBkZTU02AIB4AIB&ucfs=1&arphpl=1&checkin=2026-06-01&checkout=2026-06-02&group_adults=2&req_adults=2&no_rooms=1&group_children=0&req_children=0&hpos=24&hapos=74&sr_order=popularity&srpvid=f4b9727d93681e18&srepoch=1778343434&all_sr_blocks=488784501_161516039_2_85_0&highlighted_blocks=488784501_161516039_2_85_0&matching_block_id=488784501_161516039_2_85_0&sr_pri_blocks=488784501_161516039_2_85_0__19350&from=searchresults,5/9/2026
Hurghada,Siva Grand Beach,6261,EGP,2,0,1,9.3,4285,"Al Mamsha El Seyahi, Hurghada",8.2 km from downtown,4,Hotel,Deluxe Room,No,All-inclusive,,https://www.booking.com/hotel/eg/siva-grand-beach.html?aid=304142&label=gen173nr-10CAQoggI46wdIMVgEaEOIAQGYATO4ARfIAQzYAQPoAQH4AQGIAgGoAgG4Avu7_c8GwAIB0gIkY2M5OTY5MmItNzhmNy00NWRkLTg0ZjQtMjRjOTlmNTBkZTU02AIB4AIB&ucfs=1&arphpl=1&checkin=2026-06-01&checkout=2026-06-02&group_adults=2&req_adults=2&no_rooms=1&group_children=0&req_children=0&hpos=25&hapos=75&sr_order=popularity&srpvid=f4b9727d93681e18&srepoch=1778343434&all_sr_blocks=31105803_0_2_84_0&highlighted_blocks=31105803_0_2_84_0&matching_block_id=31105803_0_2_84_0&sr_pri_blocks=31105803_0_2_84_0__11876&from=searchresults,5/9/2026
Sharm El Sheikh,DoubleTree by Hilton Sharm El Sheikh Sharm Bay,4481,EGP,2,0,1,8.9,2603,"Sharks Bay, Sharm El Sheikh (Sharks Bay)",9 km from downtown,4,Hotel,Mountainside King Deluxe Room - Pool View,Yes,Breakfast included,"Heated pool, Free parking",https://www.booking.com/hotel/eg/hilton-sharks-bay-resort.html?aid=304142&label=gen173nr-10CAQoggI46wdIMVgEaEOIAQGYATO4ARfIAQzYAQPoAQH4AQGIAgGoAgG4ApW9_c8GwAIB0gIkOGYyMzNhYjktZjE1Ni00ZGE2LWEwZDEtMDgwZDA4MDM5NTFh2AIB4AIB&ucfs=1&arphpl=1&checkin=2026-06-01&checkout=2026-06-02&group_adults=2&req_adults=2&no_rooms=1&group_children=0&req_children=0&hpos=1&hapos=1&sr_order=popularity&srpvid=ec2e72cabfce0b98&srepoch=1778343589&all_sr_blocks=4725614_266273886_2_41_0&highlighted_blocks=4725614_266273886_2_41_0&matching_block_id=4725614_266273886_2_41_0&sr_pri_blocks=4725614_266273886_2_41_0__8500&from_sustainable_property_sr=1&from=searchresults,5/9/2026
Sharm El Sheikh,Xperience Hill-Top Beach Resort,2662,EGP,2,0,1,9,1379,"El Hadaba, Sharm El Sheikh (El Hadaba)",6.4 km from downtown,4,Resort,Bungalow with Sea View,Yes,,"Adults only, Free parking, Bar",https://www.booking.com/hotel/eg/hill-top-beach-resort.html?aid=304142&label=gen173nr-10CAQoggI46wdIMVgEaEOIAQGYATO4ARfIAQzYAQPoAQH4AQGIAgGoAgG4ApW9_c8GwAIB0gIkOGYyMzNhYjktZjE1Ni00ZGE2LWEwZDEtMDgwZDA4MDM5NTFh2AIB4AIB&ucfs=1&arphpl=1&checkin=2026-06-01&checkout=2026-06-02&group_adults=2&req_adults=2&no_rooms=1&group_children=0&req_children=0&hpos=2&hapos=2&sr_order=popularity&srpvid=ec2e72cabfce0b98&srepoch=1778343589&all_sr_blocks=228318401_425344625_2_10_0&highlighted_blocks=228318401_425344625_2_10_0&matching_block_id=228318401_425344625_2_10_0&sr_pri_blocks=228318401_425344625_2_10_0__5050&from=searchresults,5/9/2026
Sharm El Sheikh,Silia Luxury Residence,2372,EGP,2,0,1,10,4,"El Hadaba, Sharm El Sheikh (El Hadaba)",7.7 km from downtown,,Apartment,Studio Apartment,Yes,,"Free parking, Free Wifi, 24-hour front desk",https://www.booking.com/hotel/eg/silia-luxury-residence.html?aid=304142&label=gen173nr-10CAQoggI46wdIMVgEaEOIAQGYATO4ARfIAQzYAQPoAQH4AQGIAgGoAgG4ApW9_c8GwAIB0gIkOGYyMzNhYjktZjE1Ni00ZGE2LWEwZDEtMDgwZDA4MDM5NTFh2AIB4AIB&ucfs=1&arphpl=1&checkin=2026-06-01&checkout=2026-06-02&group_adults=2&req_adults=2&no_rooms=1&group_children=0&req_children=0&hpos=3&hapos=3&sr_order=popularity&srpvid=ec2e72cabfce0b98&srepoch=1778343596&all_sr_blocks=1631296601_433661887_2_0_0&highlighted_blocks=1631296601_433661887_2_0_0&matching_block_id=1631296601_433661887_2_0_0&sr_pri_blocks=1631296601_433661887_2_0_0__4500&from=searchresults,5/9/2026
Sharm El Sheikh,Traveller Namma bay,1740,EGP,2,0,1,7.8,521,"Naama Bay, Sharm El Sheikh",0.9 km from downtown,3,Hotel,Studio,Yes,,"Free parking, Bar, Free Wifi",https://www.booking.com/hotel/eg/traveller-namma-bay.html?aid=304142&label=gen173nr-10CAQoggI46wdIMVgEaEOIAQGYATO4ARfIAQzYAQPoAQH4AQGIAgGoAgG4ApW9_c8GwAIB0gIkOGYyMzNhYjktZjE1Ni00ZGE2LWEwZDEtMDgwZDA4MDM5NTFh2AIB4AIB&ucfs=1&arphpl=1&checkin=2026-06-01&checkout=2026-06-02&group_adults=2&req_adults=2&no_rooms=1&group_children=0&req_children=0&hpos=4&hapos=4&sr_order=popularity&srpvid=ec2e72cabfce0b98&srepoch=1778343596&all_sr_blocks=1359151102_418544028_2_0_0&highlighted_blocks=1359151102_418544028_2_0_0&matching_block_id=1359151102_418544028_2_0_0&sr_pri_blocks=1359151102_418544028_2_0_0__3300&from=searchresults,5/9/2026
Sharm El Sheikh,Dive Inn Resort,2194,EGP,2,0,1,8.5,1350,"El Hadaba, Sharm El Sheikh (El Hadaba)",5.9 km from downtown,4,Resort,Budget Double Room,No,,"Hot tub/Jacuzzi, Free parking, Spa",https://www.booking.com/hotel/eg/dive-inn-resort.html?aid=304142&label=gen173nr-10CAQoggI46wdIMVgEaEOIAQGYATO4ARfIAQzYAQPoAQH4AQGIAgGoAgG4ApW9_c8GwAIB0gIkOGYyMzNhYjktZjE1Ni00ZGE2LWEwZDEtMDgwZDA4MDM5NTFh2AIB4AIB&ucfs=1&arphpl=1&checkin=2026-06-01&checkout=2026-06-02&group_adults=2&req_adults=2&no_rooms=1&group_children=0&req_children=0&hpos=5&hapos=5&sr_order=popularity&srpvid=ec2e72cabfce0b98&srepoch=1778343596&all_sr_blocks=17141108_91909886_2_0_0&highlighted_blocks=17141108_91909886_2_0_0&matching_block_id=17141108_91909886_2_0_0&sr_pri_blocks=17141108_91909886_2_0_0__4162&from=searchresults,5/9/2026
Sharm El Sheikh,Movenpick Resort Sharm El Sheikh,4813,EGP,2,0,1,8.9,1343,"Naama Bay, Sharm El Sheikh",1.3 km from downtown,5,Resort,Classic Queen Room with Partial Sea View,No,Breakfast included,"Hot tub/Jacuzzi, Heated pool",https://www.booking.com/hotel/eg/mapvenpick-resort-sharm-el-sheikh.html?aid=304142&label=gen173nr-10CAQoggI46wdIMVgEaEOIAQGYATO4ARfIAQzYAQPoAQH4AQGIAgGoAgG4ApW9_c8GwAIB0gIkOGYyMzNhYjktZjE1Ni00ZGE2LWEwZDEtMDgwZDA4MDM5NTFh2AIB4AIB&ucfs=1&arphpl=1&checkin=2026-06-01&checkout=2026-06-02&group_adults=2&req_adults=2&no_rooms=1&group_children=0&req_children=0&hpos=6&hapos=6&sr_order=popularity&srpvid=ec2e72cabfce0b98&srepoch=1778343596&all_sr_blocks=38677038_335379921_2_41_0&highlighted_blocks=38677038_335379921_2_41_0&matching_block_id=38677038_335379921_2_41_0&sr_pri_blocks=38677038_335379921_2_41_0__9130&from_sustainable_property_sr=1&from=searchresults,5/9/2026
Sharm El Sheikh,Hotel Novotel Sharm El-Sheikh,4734,EGP,2,0,1,9.1,4213,"Naama Bay, Sharm El Sheikh",200 m from downtown,5,Hotel,"Standard Room with 2 Single Beds, Garden Side (Palm Wing)",No,Breakfast included,"Heated pool, Spa",https://www.booking.com/hotel/eg/novotel-sharm-el-sheikh.html?aid=304142&label=gen173nr-10CAQoggI46wdIMVgEaEOIAQGYATO4ARfIAQzYAQPoAQH4AQGIAgGoAgG4ApW9_c8GwAIB0gIkOGYyMzNhYjktZjE1Ni00ZGE2LWEwZDEtMDgwZDA4MDM5NTFh2AIB4AIB&ucfs=1&arphpl=1&checkin=2026-06-01&checkout=2026-06-02&group_adults=2&req_adults=2&no_rooms=1&group_children=0&req_children=0&hpos=7&hapos=7&sr_order=popularity&srpvid=ec2e72cabfce0b98&srepoch=1778343596&all_sr_blocks=1609606_95140745_2_41_0&highlighted_blocks=1609606_95140745_2_41_0&matching_block_id=1609606_95140745_2_41_0&sr_pri_blocks=1609606_95140745_2_41_0__8980&from_sustainable_property_sr=1&from=searchresults,5/9/2026
Sharm El Sheikh,Xperience Golden Sandy Beach,1992,EGP,2,0,1,8.8,1430,Sharm El Sheikh,7.4 km from downtown,4,Hotel,Bungalow House Sea View,Yes,,"Adults only, Free parking, Bar",https://www.booking.com/hotel/eg/xperience-golden-sandy-beach.html?aid=304142&label=gen173nr-10CAQoggI46wdIMVgEaEOIAQGYATO4ARfIAQzYAQPoAQH4AQGIAgGoAgG4ApW9_c8GwAIB0gIkOGYyMzNhYjktZjE1Ni00ZGE2LWEwZDEtMDgwZDA4MDM5NTFh2AIB4AIB&ucfs=1&arphpl=1&checkin=2026-06-01&checkout=2026-06-02&group_adults=2&req_adults=2&no_rooms=1&group_children=0&req_children=0&hpos=8&hapos=8&sr_order=popularity&srpvid=ec2e72cabfce0b98&srepoch=1778343596&all_sr_blocks=288555201_0_2_0_0&highlighted_blocks=288555201_0_2_0_0&matching_block_id=288555201_0_2_0_0&sr_pri_blocks=288555201_0_2_0_0__3778&from=searchresults,5/9/2026
Sharm El Sheikh,Turquoise Beach Hotel,2407,EGP,2,0,1,8.4,2307,Sharm El Sheikh,7.2 km from downtown,3,Hotel,Double Room with Garden View,No,,"Free parking, Spa",https://www.booking.com/hotel/eg/turquoise-beach.html?aid=304142&label=gen173nr-10CAQoggI46wdIMVgEaEOIAQGYATO4ARfIAQzYAQPoAQH4AQGIAgGoAgG4ApW9_c8GwAIB0gIkOGYyMzNhYjktZjE1Ni00ZGE2LWEwZDEtMDgwZDA4MDM5NTFh2AIB4AIB&ucfs=1&arphpl=1&checkin=2026-06-01&checkout=2026-06-02&group_adults=2&req_adults=2&no_rooms=1&group_children=0&req_children=0&hpos=9&hapos=9&sr_order=popularity&srpvid=ec2e72cabfce0b98&srepoch=1778343596&all_sr_blocks=45886901_0_2_0_0&highlighted_blocks=45886901_0_2_0_0&matching_block_id=45886901_0_2_0_0&sr_pri_blocks=45886901_0_2_0_0__4565&from_sustainable_property_sr=1&from=searchresults,5/9/2026
Sharm El Sheikh,Savoy Sharm El Sheikh,6631,EGP,2,0,1,8.8,2137,"Sharks Bay, Sharm El Sheikh (Sharks Bay)",8.3 km from downtown,5,Hotel,Standard Twin Room with Garden View,Yes,Breakfast included,"Hot tub/Jacuzzi, Spa, Bar",https://www.booking.com/hotel/eg/savoy-sharm-el-sheikh.html?aid=304142&label=gen173nr-10CAQoggI46wdIMVgEaEOIAQGYATO4ARfIAQzYAQPoAQH4AQGIAgGoAgG4ApW9_c8GwAIB0gIkOGYyMzNhYjktZjE1Ni00ZGE2LWEwZDEtMDgwZDA4MDM5NTFh2AIB4AIB&ucfs=1&arphpl=1&checkin=2026-06-01&checkout=2026-06-02&group_adults=2&req_adults=2&no_rooms=1&group_children=0&req_children=0&hpos=10&hapos=10&sr_order=popularity&srpvid=ec2e72cabfce0b98&srepoch=1778343596&all_sr_blocks=25515620_397859031_2_41_0&highlighted_blocks=25515620_397859031_2_41_0&matching_block_id=25515620_397859031_2_41_0&sr_pri_blocks=25515620_397859031_2_41_0__12578&from=searchresults,5/9/2026
Sharm El Sheikh,Dreams Beach Resort - Sharm El Sheikh,3321,EGP,2,0,1,8.3,3358,"El Hadaba, Sharm El Sheikh (El Hadaba)",5 km from downtown,5,Resort,Standard Garden View Room,No,,"Hot tub/Jacuzzi, Heated pool, Free parking",https://www.booking.com/hotel/eg/dreams-beach-resort.html?aid=304142&label=gen173nr-10CAQoggI46wdIMVgEaEOIAQGYATO4ARfIAQzYAQPoAQH4AQGIAgGoAgG4ApW9_c8GwAIB0gIkOGYyMzNhYjktZjE1Ni00ZGE2LWEwZDEtMDgwZDA4MDM5NTFh2AIB4AIB&ucfs=1&arphpl=1&checkin=2026-06-01&checkout=2026-06-02&group_adults=2&req_adults=2&no_rooms=1&group_children=0&req_children=0&hpos=11&hapos=11&sr_order=popularity&srpvid=ec2e72cabfce0b98&srepoch=1778343596&all_sr_blocks=32769536_428960838_2_42_0&highlighted_blocks=32769536_428960838_2_42_0&matching_block_id=32769536_428960838_2_42_0&sr_pri_blocks=32769536_428960838_2_42_0__6300&from=searchresults,5/9/2026
Sharm El Sheikh,Sharm Reef Hotel,2980,EGP,2,0,1,8.9,1307,"El Hadaba, Sharm El Sheikh (El Hadaba)",6 km from downtown,4,Hotel,Standard Double Room,Yes,Breakfast included,"Spa, Bar, Restaurant",https://www.booking.com/hotel/eg/sharm-reef.html?aid=304142&label=gen173nr-10CAQoggI46wdIMVgEaEOIAQGYATO4ARfIAQzYAQPoAQH4AQGIAgGoAgG4ApW9_c8GwAIB0gIkOGYyMzNhYjktZjE1Ni00ZGE2LWEwZDEtMDgwZDA4MDM5NTFh2AIB4AIB&ucfs=1&arphpl=1&checkin=2026-06-01&checkout=2026-06-02&group_adults=2&req_adults=2&no_rooms=1&group_children=0&req_children=0&hpos=12&hapos=12&sr_order=popularity&srpvid=ec2e72cabfce0b98&srepoch=1778343596&all_sr_blocks=25527120_432243013_2_41_0&highlighted_blocks=25527120_432243013_2_41_0&matching_block_id=25527120_432243013_2_41_0&sr_pri_blocks=25527120_432243013_2_41_0__5653&from=searchresults,5/9/2026
Sharm El Sheikh,Dreams Vacation Resort - Sharm El Sheikh,2847,EGP,2,0,1,8,1835,"El Hadaba, Sharm El Sheikh (El Hadaba)",4.2 km from downtown,4,Resort,Standard Garden View Room,No,,"Hot tub/Jacuzzi, Heated pool",https://www.booking.com/hotel/eg/dreams-vacation-resort.html?aid=304142&label=gen173nr-10CAQoggI46wdIMVgEaEOIAQGYATO4ARfIAQzYAQPoAQH4AQGIAgGoAgG4ApW9_c8GwAIB0gIkOGYyMzNhYjktZjE1Ni00ZGE2LWEwZDEtMDgwZDA4MDM5NTFh2AIB4AIB&ucfs=1&arphpl=1&checkin=2026-06-01&checkout=2026-06-02&group_adults=2&req_adults=2&no_rooms=1&group_children=0&req_children=0&hpos=13&hapos=13&sr_order=popularity&srpvid=ec2e72cabfce0b98&srepoch=1778343596&all_sr_blocks=32797323_428909040_2_42_0&highlighted_blocks=32797323_428909040_2_42_0&matching_block_id=32797323_428909040_2_42_0&sr_pri_blocks=32797323_428909040_2_42_0__5400&from_sustainable_property_sr=1&from=searchresults,5/9/2026
Sharm El Sheikh,Serenity Sharm Lodge,3226,EGP,2,0,1,7.7,3,Sharm El Sheikh,9.4 km from downtown,3,Hotel,Double or Twin Room with Sea View,Yes,,"Free parking, Bar, Free Wifi",https://www.booking.com/hotel/eg/serenity-sharm-lodge.html?aid=304142&label=gen173nr-10CAQoggI46wdIMVgEaEOIAQGYATO4ARfIAQzYAQPoAQH4AQGIAgGoAgG4ApW9_c8GwAIB0gIkOGYyMzNhYjktZjE1Ni00ZGE2LWEwZDEtMDgwZDA4MDM5NTFh2AIB4AIB&ucfs=1&arphpl=1&checkin=2026-06-01&checkout=2026-06-02&group_adults=2&req_adults=2&no_rooms=1&group_children=0&req_children=0&hpos=14&hapos=14&sr_order=popularity&srpvid=ec2e72cabfce0b98&srepoch=1778343596&all_sr_blocks=1615078702_432396535_2_0_0&highlighted_blocks=1615078702_432396535_2_0_0&matching_block_id=1615078702_432396535_2_0_0&sr_pri_blocks=1615078702_432396535_2_0_0__6120&from=searchresults,5/9/2026
Sharm El Sheikh,Verginia Sharm Resort & Aqua Park,3683,EGP,2,0,1,9.1,1526,"El Hadaba, Sharm El Sheikh (El Hadaba)",5.2 km from downtown,4,Resort,Verginia Double Room,No,All-inclusive,"Hot tub/Jacuzzi, Heated pool, Free parking",https://www.booking.com/hotel/eg/verginia-sharm-resort.html?aid=304142&label=gen173nr-10CAQoggI46wdIMVgEaEOIAQGYATO4ARfIAQzYAQPoAQH4AQGIAgGoAgG4ApW9_c8GwAIB0gIkOGYyMzNhYjktZjE1Ni00ZGE2LWEwZDEtMDgwZDA4MDM5NTFh2AIB4AIB&ucfs=1&arphpl=1&checkin=2026-06-01&checkout=2026-06-02&group_adults=2&req_adults=2&no_rooms=1&group_children=0&req_children=0&hpos=15&hapos=15&sr_order=popularity&srpvid=ec2e72cabfce0b98&srepoch=1778343596&all_sr_blocks=26389511_428902690_0_85_0_501459&highlighted_blocks=26389511_428902690_0_85_0_501459&matching_block_id=26389511_428902690_0_85_0_501459&sr_pri_blocks=26389511_428902690_0_85_0_501459_6986&from=searchresults,5/9/2026
Sharm El Sheikh,Grand Rotana Resort & Spa,7311,EGP,2,0,1,8.7,754,"Sharks Bay, Sharm El Sheikh (Sharks Bay)",5.7 km from downtown,5,Resort,Garden view Room - Egyptian and Residents only,Yes,Breakfast included,"Heated pool, Free parking",https://www.booking.com/hotel/eg/grand-rotana-resort-spa.html?aid=304142&label=gen173nr-10CAQoggI46wdIMVgEaEOIAQGYATO4ARfIAQzYAQPoAQH4AQGIAgGoAgG4ApW9_c8GwAIB0gIkOGYyMzNhYjktZjE1Ni00ZGE2LWEwZDEtMDgwZDA4MDM5NTFh2AIB4AIB&ucfs=1&arphpl=1&checkin=2026-06-01&checkout=2026-06-02&group_adults=2&req_adults=2&no_rooms=1&group_children=0&req_children=0&hpos=16&hapos=16&sr_order=popularity&srpvid=ec2e72cabfce0b98&srepoch=1778343596&all_sr_blocks=25519337_340888521_0_41_0&highlighted_blocks=25519337_340888521_0_41_0&matching_block_id=25519337_340888521_0_41_0&sr_pri_blocks=25519337_340888521_0_41_0__13867&from_sustainable_property_sr=1&from=searchresults,5/9/2026
Sharm El Sheikh,Royal Savoy Sharm El Sheikh,8710,EGP,2,0,1,9.3,1079,"Sharks Bay, Sharm El Sheikh (Sharks Bay)",8.4 km from downtown,5,Hotel,Double Room,No,Breakfast included,"Adults only, Free parking, Airport shuttle (free)",https://www.booking.com/hotel/eg/royal-savoy.html?aid=304142&label=gen173nr-10CAQoggI46wdIMVgEaEOIAQGYATO4ARfIAQzYAQPoAQH4AQGIAgGoAgG4ApW9_c8GwAIB0gIkOGYyMzNhYjktZjE1Ni00ZGE2LWEwZDEtMDgwZDA4MDM5NTFh2AIB4AIB&ucfs=1&arphpl=1&checkin=2026-06-01&checkout=2026-06-02&group_adults=2&req_adults=2&no_rooms=1&group_children=0&req_children=0&hpos=17&hapos=17&sr_order=popularity&srpvid=ec2e72cabfce0b98&srepoch=1778343596&all_sr_blocks=0_0_2_1_0&highlighted_blocks=0_0_2_1_0&matching_block_id=0_0_2_1_0&sr_pri_blocks=0_0_2_1_0__16521&from=searchresults,5/9/2026
Sharm El Sheikh,Naama Blue Hotel,2114,EGP,2,0,1,8.3,4532,"Naama Bay, Sharm El Sheikh",1 km from downtown,3,Hotel,Economy Double or Twin Room,No,,"Heated pool, Free parking",https://www.booking.com/hotel/eg/falcon-naama-blue.html?aid=304142&label=gen173nr-10CAQoggI46wdIMVgEaEOIAQGYATO4ARfIAQzYAQPoAQH4AQGIAgGoAgG4ApW9_c8GwAIB0gIkOGYyMzNhYjktZjE1Ni00ZGE2LWEwZDEtMDgwZDA4MDM5NTFh2AIB4AIB&ucfs=1&arphpl=1&checkin=2026-06-01&checkout=2026-06-02&group_adults=2&req_adults=2&no_rooms=1&group_children=0&req_children=0&hpos=18&hapos=18&sr_order=popularity&srpvid=ec2e72cabfce0b98&srepoch=1778343596&all_sr_blocks=117650304_0_2_0_0&highlighted_blocks=117650304_0_2_0_0&matching_block_id=117650304_0_2_0_0&sr_pri_blocks=117650304_0_2_0_0__4010&from_sustainable_property_sr=1&from=searchresults,5/9/2026
Sharm El Sheikh,Amphoras Blu Ultra-All Inclusive Adults Only,5436,EGP,2,0,1,8.6,6804,"El Hadaba, Sharm El Sheikh (El Hadaba)",5.4 km from downtown,4,Hotel,Standard Room Garden View,Yes,All-inclusive,"Hot tub/Jacuzzi, Heated pool, Free parking",https://www.booking.com/hotel/eg/shores-aloha-resort.html?aid=304142&label=gen173nr-10CAQoggI46wdIMVgEaEOIAQGYATO4ARfIAQzYAQPoAQH4AQGIAgGoAgG4ApW9_c8GwAIB0gIkOGYyMzNhYjktZjE1Ni00ZGE2LWEwZDEtMDgwZDA4MDM5NTFh2AIB4AIB&ucfs=1&arphpl=1&checkin=2026-06-01&checkout=2026-06-02&group_adults=2&req_adults=2&no_rooms=1&group_children=0&req_children=0&hpos=19&hapos=19&sr_order=popularity&srpvid=ec2e72cabfce0b98&srepoch=1778343596&all_sr_blocks=25228917_332880530_2_85_0&highlighted_blocks=25228917_332880530_2_85_0&matching_block_id=25228917_332880530_2_85_0&sr_pri_blocks=25228917_332880530_2_85_0__10312&from=searchresults,5/9/2026
Sharm El Sheikh,Continental Plaza Beach Resort,3809,EGP,2,0,1,8.4,334,"Garden Bay, Sharm El Sheikh (Garden Bay)",2.8 km from downtown,4,Resort,Standard Room,Yes,,"Hot tub/Jacuzzi, Heated pool, Free parking",https://www.booking.com/hotel/eg/continental-plaza-beach-resort.html?aid=304142&label=gen173nr-10CAQoggI46wdIMVgEaEOIAQGYATO4ARfIAQzYAQPoAQH4AQGIAgGoAgG4ApW9_c8GwAIB0gIkOGYyMzNhYjktZjE1Ni00ZGE2LWEwZDEtMDgwZDA4MDM5NTFh2AIB4AIB&ucfs=1&arphpl=1&checkin=2026-06-01&checkout=2026-06-02&group_adults=2&req_adults=2&no_rooms=1&group_children=0&req_children=0&hpos=20&hapos=20&sr_order=popularity&srpvid=ec2e72cabfce0b98&srepoch=1778343596&all_sr_blocks=31016567_406265420_2_0_0&highlighted_blocks=31016567_406265420_2_0_0&matching_block_id=31016567_406265420_2_0_0&sr_pri_blocks=31016567_406265420_2_0_0__7225&from=searchresults,5/9/2026
Sharm El Sheikh,Coral Hills Resort Sharm El-Sheikh,1920,EGP,2,0,1,7.2,578,"El Hadaba, Sharm El Sheikh (El Hadaba)",5.9 km from downtown,3,Resort,Standard Double or Twin Pool View Room,Yes,Breakfast included,"Hot tub/Jacuzzi, Free parking, Spa",https://www.booking.com/hotel/eg/coral-hills-resort-sharm-el-sheikh.html?aid=304142&label=gen173nr-10CAQoggI46wdIMVgEaEOIAQGYATO4ARfIAQzYAQPoAQH4AQGIAgGoAgG4ApW9_c8GwAIB0gIkOGYyMzNhYjktZjE1Ni00ZGE2LWEwZDEtMDgwZDA4MDM5NTFh2AIB4AIB&ucfs=1&arphpl=1&checkin=2026-06-01&checkout=2026-06-02&group_adults=2&req_adults=2&no_rooms=1&group_children=0&req_children=0&hpos=21&hapos=21&sr_order=popularity&srpvid=ec2e72cabfce0b98&srepoch=1778343597&all_sr_blocks=1614501_0_2_1_0&highlighted_blocks=1614501_0_2_1_0&matching_block_id=1614501_0_2_1_0&sr_pri_blocks=1614501_0_2_1_0__3642&from=searchresults,5/9/2026
Sharm El Sheikh,Sanafir Hotel - El Pacha Suites Sharm - Adults Only,3690,EGP,2,0,1,8.2,1534,"Naama Bay, Sharm El Sheikh",0.8 km from downtown,4,Hotel,Standard Double Room with Private Bathroom,Yes,Breakfast included,"Adults only, Bar, Restaurant",https://www.booking.com/hotel/eg/sanafir-adults-only.html?aid=304142&label=gen173nr-10CAQoggI46wdIMVgEaEOIAQGYATO4ARfIAQzYAQPoAQH4AQGIAgGoAgG4ApW9_c8GwAIB0gIkOGYyMzNhYjktZjE1Ni00ZGE2LWEwZDEtMDgwZDA4MDM5NTFh2AIB4AIB&ucfs=1&arphpl=1&checkin=2026-06-01&checkout=2026-06-02&group_adults=2&req_adults=2&no_rooms=1&group_children=0&req_children=0&hpos=22&hapos=22&sr_order=popularity&srpvid=ec2e72cabfce0b98&srepoch=1778343597&all_sr_blocks=810578602_394301975_2_41_0_790234&highlighted_blocks=810578602_394301975_2_41_0_790234&matching_block_id=810578602_394301975_2_41_0_790234&sr_pri_blocks=810578602_394301975_2_41_0_790234_7000&from=searchresults,5/9/2026
Sharm El Sheikh,Desert View Sharm Hotel,2847,EGP,2,0,1,7,778,"El Hadaba, Sharm El Sheikh (El Hadaba)",5.2 km from downtown,3,Hotel,Standard Twin Room,Yes,,"Free parking, Bar, Restaurant",https://www.booking.com/hotel/eg/desert-view.html?aid=304142&label=gen173nr-10CAQoggI46wdIMVgEaEOIAQGYATO4ARfIAQzYAQPoAQH4AQGIAgGoAgG4ApW9_c8GwAIB0gIkOGYyMzNhYjktZjE1Ni00ZGE2LWEwZDEtMDgwZDA4MDM5NTFh2AIB4AIB&ucfs=1&arphpl=1&checkin=2026-06-01&checkout=2026-06-02&group_adults=2&req_adults=2&no_rooms=1&group_children=0&req_children=0&hpos=23&hapos=23&sr_order=popularity&srpvid=ec2e72cabfce0b98&srepoch=1778343597&all_sr_blocks=43029201_431179140_0_42_0&highlighted_blocks=43029201_431179140_0_42_0&matching_block_id=43029201_431179140_0_42_0&sr_pri_blocks=43029201_431179140_0_42_0__5400&from=searchresults,5/9/2026
Sharm El Sheikh,Xperience Sea Breeze Resort,7845,EGP,2,0,1,9,2089,"Sharks Bay, Sharm El Sheikh (Sharks Bay)",6 km from downtown,5,Resort,Pool view room,Yes,All meals included,"Hot tub/Jacuzzi, Heated pool",https://www.booking.com/hotel/eg/xperience-sea-breeze-resort.html?aid=304142&label=gen173nr-10CAQoggI46wdIMVgEaEOIAQGYATO4ARfIAQzYAQPoAQH4AQGIAgGoAgG4ApW9_c8GwAIB0gIkOGYyMzNhYjktZjE1Ni00ZGE2LWEwZDEtMDgwZDA4MDM5NTFh2AIB4AIB&ucfs=1&arphpl=1&checkin=2026-06-01&checkout=2026-06-02&group_adults=2&req_adults=2&no_rooms=1&group_children=0&req_children=0&hpos=24&hapos=24&sr_order=popularity&srpvid=ec2e72cabfce0b98&srepoch=1778343597&all_sr_blocks=33522001_0_2_21_0&highlighted_blocks=33522001_0_2_21_0&matching_block_id=33522001_0_2_21_0&sr_pri_blocks=33522001_0_2_21_0__14881&from_sustainable_property_sr=1&from=searchresults,5/9/2026
Sharm El Sheikh,Falcon Hills Hotel,2383,EGP,2,0,1,7.3,1275,"El Hadaba, Sharm El Sheikh (El Hadaba)",5.2 km from downtown,3,Hotel,Standard Room with Garden View,No,,"Heated pool, Free parking, Spa",https://www.booking.com/hotel/eg/falcon-hills.html?aid=304142&label=gen173nr-10CAQoggI46wdIMVgEaEOIAQGYATO4ARfIAQzYAQPoAQH4AQGIAgGoAgG4ApW9_c8GwAIB0gIkOGYyMzNhYjktZjE1Ni00ZGE2LWEwZDEtMDgwZDA4MDM5NTFh2AIB4AIB&ucfs=1&arphpl=1&checkin=2026-06-01&checkout=2026-06-02&group_adults=2&req_adults=2&no_rooms=1&group_children=0&req_children=0&hpos=25&hapos=25&sr_order=popularity&srpvid=ec2e72cabfce0b98&srepoch=1778343597&all_sr_blocks=1612234_0_2_0_0&highlighted_blocks=1612234_0_2_0_0&matching_block_id=1612234_0_2_0_0&sr_pri_blocks=1612234_0_2_0_0__4521&from=searchresults,5/9/2026
Sharm El Sheikh,Naama Bay Promenade Beach Resort Managed By Accor,4257,EGP,2,0,1,7.7,1933,"Naama Bay, Sharm El Sheikh",350 m from downtown,5,Resort,Standard Twin Room with Garden View - Mountain Side,No,,"Heated pool, Free parking",https://www.booking.com/hotel/eg/sharm-el-sheikh-marriott-resort.html?aid=304142&label=gen173nr-10CAQoggI46wdIMVgEaEOIAQGYATO4ARfIAQzYAQPoAQH4AQGIAgGoAgG4ApW9_c8GwAIB0gIkOGYyMzNhYjktZjE1Ni00ZGE2LWEwZDEtMDgwZDA4MDM5NTFh2AIB4AIB&ucfs=1&arphpl=1&checkin=2026-06-01&checkout=2026-06-02&group_adults=2&req_adults=2&no_rooms=1&group_children=0&req_children=0&hpos=1&hapos=26&sr_order=popularity&srpvid=ec2e72cabfce0b98&srepoch=1778343584&all_sr_blocks=17143339_94309588_2_42_0&highlighted_blocks=17143339_94309588_2_42_0&matching_block_id=17143339_94309588_2_42_0&sr_pri_blocks=17143339_94309588_2_42_0__8075&from_sustainable_property_sr=1&from=searchresults,5/9/2026
Sharm El Sheikh,Pickalbatros Laguna Vista Aqua Park - 24 HRS All Inclusive,8856,EGP,2,0,1,9.4,9053,"Nabq Bay, Sharm El Sheikh (Nabq Bay)",17.4 km from downtown,5,Inn,Special Offer - Deluxe Room - Egyptians and Residents Only,No,All meals included,"Hot tub/Jacuzzi, Heated pool, Free parking",https://www.booking.com/hotel/eg/laguna-vista-beach-resort.html?aid=304142&label=gen173nr-10CAQoggI46wdIMVgEaEOIAQGYATO4ARfIAQzYAQPoAQH4AQGIAgGoAgG4ApW9_c8GwAIB0gIkOGYyMzNhYjktZjE1Ni00ZGE2LWEwZDEtMDgwZDA4MDM5NTFh2AIB4AIB&ucfs=1&arphpl=1&checkin=2026-06-01&checkout=2026-06-02&group_adults=2&req_adults=2&no_rooms=1&group_children=0&req_children=0&hpos=2&hapos=27&sr_order=popularity&srpvid=ec2e72cabfce0b98&srepoch=1778343584&all_sr_blocks=31001213_0_2_21_0&highlighted_blocks=31001213_0_2_21_0&matching_block_id=31001213_0_2_21_0&sr_pri_blocks=31001213_0_2_21_0__16798&from=searchresults,5/9/2026
Sharm El Sheikh,Sierra Sharm El Sheikh,7813,EGP,2,0,1,9.3,2194,"Sharks Bay, Sharm El Sheikh (Sharks Bay)",8.3 km from downtown,4,Inn,Standard Twin Room with Garden View,Yes,All meals included,"Hot tub/Jacuzzi, Free parking, Spa",https://www.booking.com/hotel/eg/sierra-sharm-el-sheikh.html?aid=304142&label=gen173nr-10CAQoggI46wdIMVgEaEOIAQGYATO4ARfIAQzYAQPoAQH4AQGIAgGoAgG4ApW9_c8GwAIB0gIkOGYyMzNhYjktZjE1Ni00ZGE2LWEwZDEtMDgwZDA4MDM5NTFh2AIB4AIB&ucfs=1&arphpl=1&checkin=2026-06-01&checkout=2026-06-02&group_adults=2&req_adults=2&no_rooms=1&group_children=0&req_children=0&hpos=3&hapos=28&sr_order=popularity&srpvid=ec2e72cabfce0b98&srepoch=1778343584&all_sr_blocks=26640514_0_2_21_0&highlighted_blocks=26640514_0_2_21_0&matching_block_id=26640514_0_2_21_0&sr_pri_blocks=26640514_0_2_21_0__14819&from=searchresults,5/9/2026
Sharm El Sheikh,JAZ Fanara Resort,9274,EGP,2,0,1,9.2,5438,"El Hadaba, Sharm El Sheikh (El Hadaba)",7.4 km from downtown,5,Resort,Superior Room,Yes,All meals included,"Hot tub/Jacuzzi, Spa",https://www.booking.com/hotel/eg/iberotel-club-fanara-residence.html?aid=304142&label=gen173nr-10CAQoggI46wdIMVgEaEOIAQGYATO4ARfIAQzYAQPoAQH4AQGIAgGoAgG4ApW9_c8GwAIB0gIkOGYyMzNhYjktZjE1Ni00ZGE2LWEwZDEtMDgwZDA4MDM5NTFh2AIB4AIB&ucfs=1&arphpl=1&checkin=2026-06-01&checkout=2026-06-02&group_adults=2&req_adults=2&no_rooms=1&group_children=0&req_children=0&hpos=4&hapos=29&sr_order=popularity&srpvid=ec2e72cabfce0b98&srepoch=1778343584&all_sr_blocks=0_0_2_21_0&highlighted_blocks=0_0_2_21_0&matching_block_id=0_0_2_21_0&sr_pri_blocks=0_0_2_21_0__17591&from_sustainable_property_sr=1&from=searchresults,5/9/2026
Sharm El Sheikh,Amphoras Beach - Ultra All Inclusive,7907,EGP,2,0,1,8.5,6642,"El Hadaba, Sharm El Sheikh (El Hadaba)",5.3 km from downtown,5,Hotel,Superior Garden View Room,Yes,All-inclusive,"Hot tub/Jacuzzi, Heated pool, Free parking",https://www.booking.com/hotel/eg/shore-amphoras.html?aid=304142&label=gen173nr-10CAQoggI46wdIMVgEaEOIAQGYATO4ARfIAQzYAQPoAQH4AQGIAgGoAgG4ApW9_c8GwAIB0gIkOGYyMzNhYjktZjE1Ni00ZGE2LWEwZDEtMDgwZDA4MDM5NTFh2AIB4AIB&ucfs=1&arphpl=1&checkin=2026-06-01&checkout=2026-06-02&group_adults=2&req_adults=2&no_rooms=1&group_children=0&req_children=0&hpos=5&hapos=30&sr_order=popularity&srpvid=ec2e72cabfce0b98&srepoch=1778343584&all_sr_blocks=25226828_332037110_2_85_0&highlighted_blocks=25226828_332037110_2_85_0&matching_block_id=25226828_332037110_2_85_0&sr_pri_blocks=25226828_332037110_2_85_0__14999&from=searchresults,5/9/2026
Sharm El Sheikh,Reef Oasis Blue Bay Resort & Spa,9391,EGP,2,0,1,9.1,2245,"Garden Bay, Sharm El Sheikh (Garden Bay)",3.3 km from downtown,5,Resort,Superior Double or Twin Room with Garden View,Yes,All-inclusive,"Airport shuttle (free), Spa, Bar",https://www.booking.com/hotel/eg/reef-oasis-blue-bay-sharm-el-sheikh.html?aid=304142&label=gen173nr-10CAQoggI46wdIMVgEaEOIAQGYATO4ARfIAQzYAQPoAQH4AQGIAgGoAgG4ApW9_c8GwAIB0gIkOGYyMzNhYjktZjE1Ni00ZGE2LWEwZDEtMDgwZDA4MDM5NTFh2AIB4AIB&ucfs=1&arphpl=1&checkin=2026-06-01&checkout=2026-06-02&group_adults=2&req_adults=2&no_rooms=1&group_children=0&req_children=0&hpos=6&hapos=31&sr_order=popularity&srpvid=ec2e72cabfce0b98&srepoch=1778343584&all_sr_blocks=73465505_433385520_2_85_0_656772&highlighted_blocks=73465505_433385520_2_85_0_656772&matching_block_id=73465505_433385520_2_85_0_656772&sr_pri_blocks=73465505_433385520_2_85_0_656772_17813&from=searchresults,5/9/2026
Sharm El Sheikh,Renaissance Sharm El Sheikh Golden View Beach Resort,6590,EGP,2,0,1,8.3,806,"El Hadaba, Sharm El Sheikh (El Hadaba)",7.3 km from downtown,5,Resort,"Garden View Room, Guest room, Garden View, 2 Twin Beds",Yes,Breakfast included,"Hot tub/Jacuzzi, Heated pool",https://www.booking.com/hotel/eg/renaissance-golden-view-beach-resort.html?aid=304142&label=gen173nr-10CAQoggI46wdIMVgEaEOIAQGYATO4ARfIAQzYAQPoAQH4AQGIAgGoAgG4ApW9_c8GwAIB0gIkOGYyMzNhYjktZjE1Ni00ZGE2LWEwZDEtMDgwZDA4MDM5NTFh2AIB4AIB&ucfs=1&arphpl=1&checkin=2026-06-01&checkout=2026-06-02&group_adults=2&req_adults=2&no_rooms=1&group_children=0&req_children=0&hpos=7&hapos=32&sr_order=popularity&srpvid=ec2e72cabfce0b98&srepoch=1778343584&all_sr_blocks=17141923_381898982_2_41_0&highlighted_blocks=17141923_381898982_2_41_0&matching_block_id=17141923_381898982_2_41_0&sr_pri_blocks=17141923_381898982_2_41_0__12500&from_sustainable_property_sr=1&from=searchresults,5/9/2026
Sharm El Sheikh,Grand Oasis Resort,9213,EGP,2,0,1,8.8,1928,"Sharks Bay, Sharm El Sheikh (Sharks Bay)",7.6 km from downtown,4,Resort,Standard Double or Twin Pool View Room,No,,"Hot tub/Jacuzzi, Free parking, Spa",https://www.booking.com/hotel/eg/aa-grand-oasis-resort.html?aid=304142&label=gen173nr-10CAQoggI46wdIMVgEaEOIAQGYATO4ARfIAQzYAQPoAQH4AQGIAgGoAgG4ApW9_c8GwAIB0gIkOGYyMzNhYjktZjE1Ni00ZGE2LWEwZDEtMDgwZDA4MDM5NTFh2AIB4AIB&ucfs=1&arphpl=1&checkin=2026-06-01&checkout=2026-06-02&group_adults=2&req_adults=2&no_rooms=1&group_children=0&req_children=0&hpos=8&hapos=33&sr_order=popularity&srpvid=ec2e72cabfce0b98&srepoch=1778343584&all_sr_blocks=29846003_0_2_0_0&highlighted_blocks=29846003_0_2_0_0&matching_block_id=29846003_0_2_0_0&sr_pri_blocks=29846003_0_2_0_0__17475&from=searchresults,5/9/2026
Sharm El Sheikh,Stella Di Mare Beach Hotel & Spa,6004,EGP,2,0,1,8.9,3334,"Naama Bay, Sharm El Sheikh",1.2 km from downtown,5,Hotel,Standard Double or Twin Room,No,Breakfast included,"Hot tub/Jacuzzi, Heated pool, Free parking",https://www.booking.com/hotel/eg/stella-di-mare-beach-spa.html?aid=304142&label=gen173nr-10CAQoggI46wdIMVgEaEOIAQGYATO4ARfIAQzYAQPoAQH4AQGIAgGoAgG4ApW9_c8GwAIB0gIkOGYyMzNhYjktZjE1Ni00ZGE2LWEwZDEtMDgwZDA4MDM5NTFh2AIB4AIB&ucfs=1&arphpl=1&checkin=2026-06-01&checkout=2026-06-02&group_adults=2&req_adults=2&no_rooms=1&group_children=0&req_children=0&hpos=9&hapos=34&sr_order=popularity&srpvid=ec2e72cabfce0b98&srepoch=1778343584&all_sr_blocks=23746623_92667796_2_41_0&highlighted_blocks=23746623_92667796_2_41_0&matching_block_id=23746623_92667796_2_41_0&sr_pri_blocks=23746623_92667796_2_41_0__11389&from=searchresults,5/9/2026
Sharm El Sheikh,Falcon Naama Star Hotel,3124,EGP,2,0,1,7,1864,"Naama Bay, Sharm El Sheikh",1.2 km from downtown,3,Hotel,Standard Room,Yes,Breakfast included,"Hot tub/Jacuzzi, Free parking, Spa",https://www.booking.com/hotel/eg/falcon-naama-star.html?aid=304142&label=gen173nr-10CAQoggI46wdIMVgEaEOIAQGYATO4ARfIAQzYAQPoAQH4AQGIAgGoAgG4ApW9_c8GwAIB0gIkOGYyMzNhYjktZjE1Ni00ZGE2LWEwZDEtMDgwZDA4MDM5NTFh2AIB4AIB&ucfs=1&arphpl=1&checkin=2026-06-01&checkout=2026-06-02&group_adults=2&req_adults=2&no_rooms=1&group_children=0&req_children=0&hpos=10&hapos=35&sr_order=popularity&srpvid=ec2e72cabfce0b98&srepoch=1778343584&all_sr_blocks=17578522_414319831_2_41_0&highlighted_blocks=17578522_414319831_2_41_0&matching_block_id=17578522_414319831_2_41_0&sr_pri_blocks=17578522_414319831_2_41_0__5925&from=searchresults,5/9/2026
Sharm El Sheikh,Carlton Luxury Villa,14234,EGP,2,0,1,6.8,74,"El Hadaba, Sharm El Sheikh (El Hadaba)",5.7 km from downtown,3,Villa,Three-Bedroom Villa with Private Pool,Yes,,"Hot tub/Jacuzzi, Free parking, Free Wifi",https://www.booking.com/hotel/eg/carlton-villa.html?aid=304142&label=gen173nr-10CAQoggI46wdIMVgEaEOIAQGYATO4ARfIAQzYAQPoAQH4AQGIAgGoAgG4ApW9_c8GwAIB0gIkOGYyMzNhYjktZjE1Ni00ZGE2LWEwZDEtMDgwZDA4MDM5NTFh2AIB4AIB&ucfs=1&arphpl=1&checkin=2026-06-01&checkout=2026-06-02&group_adults=2&req_adults=2&no_rooms=1&group_children=0&req_children=0&hpos=11&hapos=36&sr_order=popularity&srpvid=ec2e72cabfce0b98&srepoch=1778343584&all_sr_blocks=90908701_195109581_0_0_0&highlighted_blocks=90908701_195109581_0_0_0&matching_block_id=90908701_195109581_0_0_0&sr_pri_blocks=90908701_195109581_0_0_0__27000&from=searchresults,5/9/2026
Sharm El Sheikh,Naama Inn Hotel,4112,EGP,2,0,1,7,1176,"Naama Bay, Sharm El Sheikh",0.9 km from downtown,3,Inn,Standard Double or Twin Room,Yes,,"Bar, Restaurant, Free Wifi",https://www.booking.com/hotel/eg/naama-inn.html?aid=304142&label=gen173nr-10CAQoggI46wdIMVgEaEOIAQGYATO4ARfIAQzYAQPoAQH4AQGIAgGoAgG4ApW9_c8GwAIB0gIkOGYyMzNhYjktZjE1Ni00ZGE2LWEwZDEtMDgwZDA4MDM5NTFh2AIB4AIB&ucfs=1&arphpl=1&checkin=2026-06-01&checkout=2026-06-02&group_adults=2&req_adults=2&no_rooms=1&group_children=0&req_children=0&hpos=12&hapos=37&sr_order=popularity&srpvid=ec2e72cabfce0b98&srepoch=1778343584&all_sr_blocks=41602602_425894573_0_42_0&highlighted_blocks=41602602_425894573_0_42_0&matching_block_id=41602602_425894573_0_42_0&sr_pri_blocks=41602602_425894573_0_42_0__7800&from=searchresults,5/9/2026
Sharm El Sheikh,Reef Oasis Beach Aqua Park Resort,9062,EGP,2,0,1,9,4953,"El Hadaba, Sharm El Sheikh (El Hadaba)",7.2 km from downtown,4,Resort,Superior Room with Pool View,Yes,All-inclusive,"Hot tub/Jacuzzi, Free parking, Airport shuttle (free)",https://www.booking.com/hotel/eg/reef-oasis-beach-resort.html?aid=304142&label=gen173nr-10CAQoggI46wdIMVgEaEOIAQGYATO4ARfIAQzYAQPoAQH4AQGIAgGoAgG4ApW9_c8GwAIB0gIkOGYyMzNhYjktZjE1Ni00ZGE2LWEwZDEtMDgwZDA4MDM5NTFh2AIB4AIB&ucfs=1&arphpl=1&checkin=2026-06-01&checkout=2026-06-02&group_adults=2&req_adults=2&no_rooms=1&group_children=0&req_children=0&hpos=13&hapos=38&sr_order=popularity&srpvid=ec2e72cabfce0b98&srepoch=1778343584&all_sr_blocks=31289927_433385435_2_85_0_656786&highlighted_blocks=31289927_433385435_2_85_0_656786&matching_block_id=31289927_433385435_2_85_0_656786&sr_pri_blocks=31289927_433385435_2_85_0_656786_17188&from=searchresults,5/9/2026
Sharm El Sheikh,JAZ Belvedere,12711,EGP,2,0,1,9.3,4068,Sharm El Sheikh,11.7 km from downtown,5,Hotel,Superior Deluxe Queen or Twin Beds Garden View,Yes,All-inclusive,"Hot tub/Jacuzzi, Heated pool",https://www.booking.com/hotel/eg/sol-y-mar-belvedere.html?aid=304142&label=gen173nr-10CAQoggI46wdIMVgEaEOIAQGYATO4ARfIAQzYAQPoAQH4AQGIAgGoAgG4ApW9_c8GwAIB0gIkOGYyMzNhYjktZjE1Ni00ZGE2LWEwZDEtMDgwZDA4MDM5NTFh2AIB4AIB&ucfs=1&arphpl=1&checkin=2026-06-01&checkout=2026-06-02&group_adults=2&req_adults=2&no_rooms=1&group_children=0&req_children=0&hpos=14&hapos=39&sr_order=popularity&srpvid=ec2e72cabfce0b98&srepoch=1778343584&all_sr_blocks=1604916_422435323_2_85_0_262308&highlighted_blocks=1604916_422435323_2_85_0_262308&matching_block_id=1604916_422435323_2_85_0_262308&sr_pri_blocks=1604916_422435323_2_85_0_262308_24110&from_sustainable_property_sr=1&from=searchresults,5/9/2026
Sharm El Sheikh,Safir Sharm Waterfalls Resort,5660,EGP,2,0,1,9,2027,"El Hadaba, Sharm El Sheikh (El Hadaba)",6.8 km from downtown,5,Resort,Standard Room,No,Breakfast included,"Free parking, Spa, Bar",https://www.booking.com/hotel/eg/hilton-sharm-waterfalls-resort.html?aid=304142&label=gen173nr-10CAQoggI46wdIMVgEaEOIAQGYATO4ARfIAQzYAQPoAQH4AQGIAgGoAgG4ApW9_c8GwAIB0gIkOGYyMzNhYjktZjE1Ni00ZGE2LWEwZDEtMDgwZDA4MDM5NTFh2AIB4AIB&ucfs=1&arphpl=1&checkin=2026-06-01&checkout=2026-06-02&group_adults=2&req_adults=2&no_rooms=1&group_children=0&req_children=0&hpos=15&hapos=40&sr_order=popularity&srpvid=ec2e72cabfce0b98&srepoch=1778343584&all_sr_blocks=4741802_94269618_2_41_0&highlighted_blocks=4741802_94269618_2_41_0&matching_block_id=4741802_94269618_2_41_0&sr_pri_blocks=4741802_94269618_2_41_0__10736&from=searchresults,5/9/2026
Sharm El Sheikh,Aida Hotel Sharm El Sheikh,1329,EGP,2,0,1,6.5,904,"El Hadaba, Sharm El Sheikh (El Hadaba)",6.3 km from downtown,2,Inn,Deluxe Double or Twin Room with Pool Access,No,Breakfast & dinner included,"Free parking, Spa, Restaurant",https://www.booking.com/hotel/eg/aida.html?aid=304142&label=gen173nr-10CAQoggI46wdIMVgEaEOIAQGYATO4ARfIAQzYAQPoAQH4AQGIAgGoAgG4ApW9_c8GwAIB0gIkOGYyMzNhYjktZjE1Ni00ZGE2LWEwZDEtMDgwZDA4MDM5NTFh2AIB4AIB&ucfs=1&arphpl=1&checkin=2026-06-01&checkout=2026-06-02&group_adults=2&req_adults=2&no_rooms=1&group_children=0&req_children=0&hpos=16&hapos=41&sr_order=popularity&srpvid=ec2e72cabfce0b98&srepoch=1778343584&all_sr_blocks=33597811_390180998_2_25_0_68102&highlighted_blocks=33597811_390180998_2_25_0_68102&matching_block_id=33597811_390180998_2_25_0_68102&sr_pri_blocks=33597811_390180998_2_25_0_68102_2520&from=searchresults,5/9/2026
Sharm El Sheikh,Concorde El Salam Sharm El Sheikh Front Hotel,6476,EGP,2,0,1,8.8,987,"Sharks Bay, Sharm El Sheikh (Sharks Bay)",8.8 km from downtown,5,Hotel,Standard Room with Pool View,Yes,Breakfast included,"Hot tub/Jacuzzi, Free parking, Spa",https://www.booking.com/hotel/eg/concorde-el-salam.html?aid=304142&label=gen173nr-10CAQoggI46wdIMVgEaEOIAQGYATO4ARfIAQzYAQPoAQH4AQGIAgGoAgG4ApW9_c8GwAIB0gIkOGYyMzNhYjktZjE1Ni00ZGE2LWEwZDEtMDgwZDA4MDM5NTFh2AIB4AIB&ucfs=1&arphpl=1&checkin=2026-06-01&checkout=2026-06-02&group_adults=2&req_adults=2&no_rooms=1&group_children=0&req_children=0&hpos=17&hapos=42&sr_order=popularity&srpvid=ec2e72cabfce0b98&srepoch=1778343584&all_sr_blocks=0_0_2_1_0&highlighted_blocks=0_0_2_1_0&matching_block_id=0_0_2_1_0&sr_pri_blocks=0_0_2_1_0__12284&from=searchresults,5/9/2026
Sharm El Sheikh,Rixos Sharm El Sheikh - Adults Only 18 Plus,19232,EGP,2,0,1,9.5,1638,"Nabq Bay, Sharm El Sheikh (Nabq Bay)",16.6 km from downtown,5,Hotel,Superior Room Twin Bed,No,All-inclusive,"Hot tub/Jacuzzi, Heated pool",https://www.booking.com/hotel/eg/rixos-sharm-elsheikh.html?aid=304142&label=gen173nr-10CAQoggI46wdIMVgEaEOIAQGYATO4ARfIAQzYAQPoAQH4AQGIAgGoAgG4ApW9_c8GwAIB0gIkOGYyMzNhYjktZjE1Ni00ZGE2LWEwZDEtMDgwZDA4MDM5NTFh2AIB4AIB&ucfs=1&arphpl=1&checkin=2026-06-01&checkout=2026-06-02&group_adults=2&req_adults=2&no_rooms=1&group_children=0&req_children=0&hpos=18&hapos=43&sr_order=popularity&srpvid=ec2e72cabfce0b98&srepoch=1778343584&all_sr_blocks=43899701_93755744_2_85_0&highlighted_blocks=43899701_93755744_2_85_0&matching_block_id=43899701_93755744_2_85_0&sr_pri_blocks=43899701_93755744_2_85_0__36480&from_sustainable_property_sr=1&from=searchresults,5/9/2026
Sharm El Sheikh,Xperience Kiroseiz Parkland,5702,EGP,2,0,1,8.9,2293,"Naama Bay, Sharm El Sheikh",1.5 km from downtown,5,Hotel,Standard Room,Yes,All-inclusive,"Hot tub/Jacuzzi, Heated pool",https://www.booking.com/hotel/eg/xperience-kiroseiz-parkland.html?aid=304142&label=gen173nr-10CAQoggI46wdIMVgEaEOIAQGYATO4ARfIAQzYAQPoAQH4AQGIAgGoAgG4ApW9_c8GwAIB0gIkOGYyMzNhYjktZjE1Ni00ZGE2LWEwZDEtMDgwZDA4MDM5NTFh2AIB4AIB&ucfs=1&arphpl=1&checkin=2026-06-01&checkout=2026-06-02&group_adults=2&req_adults=2&no_rooms=1&group_children=0&req_children=0&hpos=19&hapos=44&sr_order=popularity&srpvid=ec2e72cabfce0b98&srepoch=1778343584&all_sr_blocks=30619704_0_2_84_0&highlighted_blocks=30619704_0_2_84_0&matching_block_id=30619704_0_2_84_0&sr_pri_blocks=30619704_0_2_84_0__10816&from_sustainable_property_sr=1&from=searchresults,5/9/2026
Sharm El Sheikh,White House Boutique Sharm,3121,EGP,2,0,1,7.5,71,Sharm El Sheikh,9.8 km from downtown,,Hotel,Double Room with Shared Bathroom,No,Breakfast included,"Hot tub/Jacuzzi, Heated pool, Free parking",https://www.booking.com/hotel/eg/white-house-boutique.html?aid=304142&label=gen173nr-10CAQoggI46wdIMVgEaEOIAQGYATO4ARfIAQzYAQPoAQH4AQGIAgGoAgG4ApW9_c8GwAIB0gIkOGYyMzNhYjktZjE1Ni00ZGE2LWEwZDEtMDgwZDA4MDM5NTFh2AIB4AIB&ucfs=1&arphpl=1&checkin=2026-06-01&checkout=2026-06-02&group_adults=2&req_adults=2&no_rooms=1&group_children=0&req_children=0&hpos=20&hapos=45&sr_order=popularity&srpvid=ec2e72cabfce0b98&srepoch=1778343584&all_sr_blocks=1542642502_425623312_2_41_0&highlighted_blocks=1542642502_425623312_2_41_0&matching_block_id=1542642502_425623312_2_41_0&sr_pri_blocks=1542642502_425623312_2_41_0__5920&from=searchresults,5/9/2026
Sharm El Sheikh,Heaven Regency,1792,EGP,2,0,1,7.7,10,"El Hadaba, Sharm El Sheikh (El Hadaba)",6.4 km from downtown,3,Hotel,Double Room with Pool View,Yes,Breakfast included,"Free parking, Bar, Restaurant",https://www.booking.com/hotel/eg/heaven-regency.html?aid=304142&label=gen173nr-10CAQoggI46wdIMVgEaEOIAQGYATO4ARfIAQzYAQPoAQH4AQGIAgGoAgG4ApW9_c8GwAIB0gIkOGYyMzNhYjktZjE1Ni00ZGE2LWEwZDEtMDgwZDA4MDM5NTFh2AIB4AIB&ucfs=1&arphpl=1&checkin=2026-06-01&checkout=2026-06-02&group_adults=2&req_adults=2&no_rooms=1&group_children=0&req_children=0&hpos=21&hapos=46&sr_order=popularity&srpvid=ec2e72cabfce0b98&srepoch=1778343584&all_sr_blocks=1611081501_432021038_2_1_0&highlighted_blocks=1611081501_432021038_2_1_0&matching_block_id=1611081501_432021038_2_1_0&sr_pri_blocks=1611081501_432021038_2_1_0__3400&from=searchresults,5/9/2026
Sharm El Sheikh,"Sheraton Sharm Hotel, Resort, Villas & Spa",7381,EGP,2,0,1,7.8,256,"Garden Bay, Sharm El Sheikh (Garden Bay)",3.6 km from downtown,4,Resort,Superior King Room with Balcony and Sea View - High Floor,Yes,Breakfast included,"Free parking, Spa",https://www.booking.com/hotel/eg/sheraton-sharm-resort-villas-spa.html?aid=304142&label=gen173nr-10CAQoggI46wdIMVgEaEOIAQGYATO4ARfIAQzYAQPoAQH4AQGIAgGoAgG4ApW9_c8GwAIB0gIkOGYyMzNhYjktZjE1Ni00ZGE2LWEwZDEtMDgwZDA4MDM5NTFh2AIB4AIB&ucfs=1&arphpl=1&checkin=2026-06-01&checkout=2026-06-02&group_adults=2&req_adults=2&no_rooms=1&group_children=0&req_children=0&hpos=22&hapos=47&sr_order=popularity&srpvid=ec2e72cabfce0b98&srepoch=1778343584&all_sr_blocks=1610351_92697263_2_41_0&highlighted_blocks=1610351_92697263_2_41_0&matching_block_id=1610351_92697263_2_41_0&sr_pri_blocks=1610351_92697263_2_41_0__14000&from_sustainable_property_sr=1&from=searchresults,5/9/2026
Sharm El Sheikh,Pickalbatros Laguna Club Resort Sharm El Sheikh,8240,EGP,2,0,1,9.3,4078,"Nabq Bay, Sharm El Sheikh (Nabq Bay)",17.2 km from downtown,5,Resort,Special Offer - Deluxe Room Garden View - Egyptians & Residents only,Yes,All-inclusive,"Hot tub/Jacuzzi, Free parking, Spa",https://www.booking.com/hotel/eg/pickalbatros-laguna-club-resort-sharm-el-sheikh-adults-only-16.html?aid=304142&label=gen173nr-10CAQoggI46wdIMVgEaEOIAQGYATO4ARfIAQzYAQPoAQH4AQGIAgGoAgG4ApW9_c8GwAIB0gIkOGYyMzNhYjktZjE1Ni00ZGE2LWEwZDEtMDgwZDA4MDM5NTFh2AIB4AIB&ucfs=1&arphpl=1&checkin=2026-06-01&checkout=2026-06-02&group_adults=2&req_adults=2&no_rooms=1&group_children=0&req_children=0&hpos=23&hapos=48&sr_order=popularity&srpvid=ec2e72cabfce0b98&srepoch=1778343584&all_sr_blocks=1136602710_417894505_0_85_0&highlighted_blocks=1136602710_417894505_0_85_0&matching_block_id=1136602710_417894505_0_85_0&sr_pri_blocks=1136602710_417894505_0_85_0__15629&from=searchresults,5/9/2026
Sharm El Sheikh,Viva Suites Sharm El Sheikh,1898,EGP,2,0,1,6.4,139,"El Hadaba, Sharm El Sheikh (El Hadaba)",5.3 km from downtown,3,Apartment,Double Room with Pool View,Yes,,"Hot tub/Jacuzzi, Free parking, Spa",https://www.booking.com/hotel/eg/viva-studios.html?aid=304142&label=gen173nr-10CAQoggI46wdIMVgEaEOIAQGYATO4ARfIAQzYAQPoAQH4AQGIAgGoAgG4ApW9_c8GwAIB0gIkOGYyMzNhYjktZjE1Ni00ZGE2LWEwZDEtMDgwZDA4MDM5NTFh2AIB4AIB&ucfs=1&arphpl=1&checkin=2026-06-01&checkout=2026-06-02&group_adults=2&req_adults=2&no_rooms=1&group_children=0&req_children=0&hpos=24&hapos=49&sr_order=popularity&srpvid=ec2e72cabfce0b98&srepoch=1778343584&all_sr_blocks=1547522202_427293284_2_42_0&highlighted_blocks=1547522202_427293284_2_42_0&matching_block_id=1547522202_427293284_2_42_0&sr_pri_blocks=1547522202_427293284_2_42_0__3600&from=searchresults,5/9/2026
Sharm El Sheikh,"Residential Villa & Chalet at Four Seasons Resort Sharm El Sheikh - Sharm El Sheikh, Egypt",17826,EGP,2,0,1,9,59,"Sharks Bay, Sharm El Sheikh (Sharks Bay)",7.8 km from downtown,5,Resort,Two-Bedroom Chalet,No,,"Hot tub/Jacuzzi, Spa, Bar",https://www.booking.com/hotel/eg/four-seasons-two-bedroom-chalet-at-four-seasons-resort-sharm-el-sheikh.html?aid=304142&label=gen173nr-10CAQoggI46wdIMVgEaEOIAQGYATO4ARfIAQzYAQPoAQH4AQGIAgGoAgG4ApW9_c8GwAIB0gIkOGYyMzNhYjktZjE1Ni00ZGE2LWEwZDEtMDgwZDA4MDM5NTFh2AIB4AIB&ucfs=1&arphpl=1&checkin=2026-06-01&checkout=2026-06-02&group_adults=2&req_adults=2&no_rooms=1&group_children=0&req_children=0&hpos=25&hapos=50&sr_order=popularity&srpvid=ec2e72cabfce0b98&srepoch=1778343584&all_sr_blocks=731982701_407647241_4_42_0_1181605&highlighted_blocks=731982701_407647241_4_42_0_1181605&matching_block_id=731982701_407647241_4_42_0_1181605&sr_pri_blocks=731982701_407647241_4_42_0_1181605_33813&from=searchresults,5/9/2026
Sharm El Sheikh,Serenity Lodge,4007,EGP,2,0,1,7.7,1648,Sharm El Sheikh,9.4 km from downtown,3,Hotel,Twin Room with Sea View,Yes,Breakfast included,"Free parking, Bar, Restaurant",https://www.booking.com/hotel/eg/serenity-sharm-el-sheikh-south-sinai-governate.html?aid=304142&label=gen173nr-10CAQoggI46wdIMVgEaEOIAQGYATO4ARfIAQzYAQPoAQH4AQGIAgGoAgG4ApW9_c8GwAIB0gIkOGYyMzNhYjktZjE1Ni00ZGE2LWEwZDEtMDgwZDA4MDM5NTFh2AIB4AIB&ucfs=1&arphpl=1&checkin=2026-06-01&checkout=2026-06-02&group_adults=2&req_adults=2&no_rooms=1&group_children=0&req_children=0&hpos=1&hapos=51&sr_order=popularity&srpvid=ec2e72cabfce0b98&srepoch=1778343586&all_sr_blocks=1040759313_433634905_2_1_0&highlighted_blocks=1040759313_433634905_2_1_0&matching_block_id=1040759313_433634905_2_1_0&sr_pri_blocks=1040759313_433634905_2_1_0__7600&from=searchresults,5/9/2026
Sharm El Sheikh,Baron Resort Sharm El Sheikh,10445,EGP,2,0,1,8.6,1437,Sharm El Sheikh,11 km from downtown,5,Resort,Superior Classic Room,Yes,Breakfast & dinner included,"Hot tub/Jacuzzi, Free parking",https://www.booking.com/hotel/eg/baron-resort-sharm-el-sheikh.html?aid=304142&label=gen173nr-10CAQoggI46wdIMVgEaEOIAQGYATO4ARfIAQzYAQPoAQH4AQGIAgGoAgG4ApW9_c8GwAIB0gIkOGYyMzNhYjktZjE1Ni00ZGE2LWEwZDEtMDgwZDA4MDM5NTFh2AIB4AIB&ucfs=1&arphpl=1&checkin=2026-06-01&checkout=2026-06-02&group_adults=2&req_adults=2&no_rooms=1&group_children=0&req_children=0&hpos=2&hapos=52&sr_order=popularity&srpvid=ec2e72cabfce0b98&srepoch=1778343586&all_sr_blocks=24708301_409977341_2_25_0_697745&highlighted_blocks=24708301_409977341_2_25_0_697745&matching_block_id=24708301_409977341_2_25_0_697745&sr_pri_blocks=24708301_409977341_2_25_0_697745_19812&from_sustainable_property_sr=1&from=searchresults,5/9/2026
Sharm El Sheikh,Baron Palms Adults Friendly Only 16 years plus Boutique Hotel Style,10938,EGP,2,0,1,9.4,4584,Sharm El Sheikh,11 km from downtown,5,Hotel,Superior Classic Room,Yes,All-inclusive,"Adults only, Hot tub/Jacuzzi",https://www.booking.com/hotel/eg/baron-palms-resort-sharm-el-sheikh.html?aid=304142&label=gen173nr-10CAQoggI46wdIMVgEaEOIAQGYATO4ARfIAQzYAQPoAQH4AQGIAgGoAgG4ApW9_c8GwAIB0gIkOGYyMzNhYjktZjE1Ni00ZGE2LWEwZDEtMDgwZDA4MDM5NTFh2AIB4AIB&ucfs=1&arphpl=1&checkin=2026-06-01&checkout=2026-06-02&group_adults=2&req_adults=2&no_rooms=1&group_children=0&req_children=0&hpos=3&hapos=53&sr_order=popularity&srpvid=ec2e72cabfce0b98&srepoch=1778343586&all_sr_blocks=30501901_409977344_2_85_0_902057&highlighted_blocks=30501901_409977344_2_85_0_902057&matching_block_id=30501901_409977344_2_85_0_902057&sr_pri_blocks=30501901_409977344_2_85_0_902057_20748&from_sustainable_property_sr=1&from=searchresults,5/9/2026
Sharm El Sheikh,Paradise view at Sharm Hills,7887,EGP,2,0,1,,,Sharm El Sheikh,12.1 km from downtown,,Hotel,Double Room,Yes,Breakfast included,"Free parking, Bar, Restaurant",https://www.booking.com/hotel/eg/paradise-view-at-sharm-hills-sharm-elsheikh1.html?aid=304142&label=gen173nr-10CAQoggI46wdIMVgEaEOIAQGYATO4ARfIAQzYAQPoAQH4AQGIAgGoAgG4ApW9_c8GwAIB0gIkOGYyMzNhYjktZjE1Ni00ZGE2LWEwZDEtMDgwZDA4MDM5NTFh2AIB4AIB&ucfs=1&arphpl=1&checkin=2026-06-01&checkout=2026-06-02&group_adults=2&req_adults=2&no_rooms=1&group_children=0&req_children=0&hpos=4&hapos=54&sr_order=popularity&srpvid=ec2e72cabfce0b98&srepoch=1778343586&all_sr_blocks=1616178601_432489752_4_41_0_1395959&highlighted_blocks=1616178601_432489752_4_41_0_1395959&matching_block_id=1616178601_432489752_4_41_0_1395959&sr_pri_blocks=1616178601_432489752_4_41_0_1395959_14960&from=searchresults,5/9/2026
Sharm El Sheikh,Sharm Resort,5551,EGP,2,0,1,7.8,2985,"Garden Bay, Sharm El Sheikh (Garden Bay)",3 km from downtown,4,Resort,Standard Double Room,No,All-inclusive,"Hot tub/Jacuzzi, Free parking, Bar",https://www.booking.com/hotel/eg/sharm-resort.html?aid=304142&label=gen173nr-10CAQoggI46wdIMVgEaEOIAQGYATO4ARfIAQzYAQPoAQH4AQGIAgGoAgG4ApW9_c8GwAIB0gIkOGYyMzNhYjktZjE1Ni00ZGE2LWEwZDEtMDgwZDA4MDM5NTFh2AIB4AIB&ucfs=1&arphpl=1&checkin=2026-06-01&checkout=2026-06-02&group_adults=2&req_adults=2&no_rooms=1&group_children=0&req_children=0&hpos=5&hapos=55&sr_order=popularity&srpvid=ec2e72cabfce0b98&srepoch=1778343586&all_sr_blocks=914239901_362818887_2_85_0&highlighted_blocks=914239901_362818887_2_85_0&matching_block_id=914239901_362818887_2_85_0&sr_pri_blocks=914239901_362818887_2_85_0__10530&from=searchresults,5/9/2026
Sharm El Sheikh,Viva Sharm,1740,EGP,2,0,1,6.7,478,"El Hadaba, Sharm El Sheikh (El Hadaba)",5.2 km from downtown,3,Hotel,Standard Double or Twin Room,Yes,,"Free parking, Spa, Bar",https://www.booking.com/hotel/eg/grand-viva-sharm.html?aid=304142&label=gen173nr-10CAQoggI46wdIMVgEaEOIAQGYATO4ARfIAQzYAQPoAQH4AQGIAgGoAgG4ApW9_c8GwAIB0gIkOGYyMzNhYjktZjE1Ni00ZGE2LWEwZDEtMDgwZDA4MDM5NTFh2AIB4AIB&ucfs=1&arphpl=1&checkin=2026-06-01&checkout=2026-06-02&group_adults=2&req_adults=2&no_rooms=1&group_children=0&req_children=0&hpos=6&hapos=56&sr_order=popularity&srpvid=ec2e72cabfce0b98&srepoch=1778343586&all_sr_blocks=30416501_338171406_0_42_0&highlighted_blocks=30416501_338171406_0_42_0&matching_block_id=30416501_338171406_0_42_0&sr_pri_blocks=30416501_338171406_0_42_0__3300&from=searchresults,5/9/2026
Sharm El Sheikh,"Blend in Nature Eco Camp Beachfront Stay in Ras Mohamed, Sharm El Sheikh",10564,EGP,2,0,1,9.2,30,Sharm El Sheikh,17.7 km from downtown,,Hotel,Tent,Yes,All-inclusive,"Free parking, 24-hour front desk",https://www.booking.com/hotel/eg/blend-in-nature-camp.html?aid=304142&label=gen173nr-10CAQoggI46wdIMVgEaEOIAQGYATO4ARfIAQzYAQPoAQH4AQGIAgGoAgG4ApW9_c8GwAIB0gIkOGYyMzNhYjktZjE1Ni00ZGE2LWEwZDEtMDgwZDA4MDM5NTFh2AIB4AIB&ucfs=1&arphpl=1&checkin=2026-06-01&checkout=2026-06-02&group_adults=2&req_adults=2&no_rooms=1&group_children=0&req_children=0&hpos=7&hapos=57&sr_order=popularity&srpvid=ec2e72cabfce0b98&srepoch=1778343586&all_sr_blocks=1054600401_377645545_2_85_0_56689&highlighted_blocks=1054600401_377645545_2_85_0_56689&matching_block_id=1054600401_377645545_2_85_0_56689&sr_pri_blocks=1054600401_377645545_2_85_0_56689_20038&from=searchresults,5/9/2026
Sharm El Sheikh,Sharm Glow Villa,1740,EGP,2,0,1,8.3,20,Sharm El Sheikh,4.1 km from downtown,3,Apartment,One-Bedroom Superior Apartment,Yes,,"Free Wifi, 24-hour front desk",https://www.booking.com/hotel/eg/sharm-glow-villa.html?aid=304142&label=gen173nr-10CAQoggI46wdIMVgEaEOIAQGYATO4ARfIAQzYAQPoAQH4AQGIAgGoAgG4ApW9_c8GwAIB0gIkOGYyMzNhYjktZjE1Ni00ZGE2LWEwZDEtMDgwZDA4MDM5NTFh2AIB4AIB&ucfs=1&arphpl=1&checkin=2026-06-01&checkout=2026-06-02&group_adults=2&req_adults=2&no_rooms=1&group_children=0&req_children=0&hpos=8&hapos=58&sr_order=popularity&srpvid=ec2e72cabfce0b98&srepoch=1778343586&all_sr_blocks=1594194901_431442489_2_0_0_1389198&highlighted_blocks=1594194901_431442489_2_0_0_1389198&matching_block_id=1594194901_431442489_2_0_0_1389198&sr_pri_blocks=1594194901_431442489_2_0_0_1389198_3300&from=searchresults,5/9/2026
Sharm El Sheikh,Club Reef Resort & Spa,5931,EGP,2,0,1,9.3,549,"El Hadaba, Sharm El Sheikh (El Hadaba)",3.2 km from downtown,4,Resort,Superior Double or Twin Room with Garden View,No,All-inclusive,"Hot tub/Jacuzzi, Free parking, Spa",https://www.booking.com/hotel/eg/club-reef.html?aid=304142&label=gen173nr-10CAQoggI46wdIMVgEaEOIAQGYATO4ARfIAQzYAQPoAQH4AQGIAgGoAgG4ApW9_c8GwAIB0gIkOGYyMzNhYjktZjE1Ni00ZGE2LWEwZDEtMDgwZDA4MDM5NTFh2AIB4AIB&ucfs=1&arphpl=1&checkin=2026-06-01&checkout=2026-06-02&group_adults=2&req_adults=2&no_rooms=1&group_children=0&req_children=0&hpos=9&hapos=59&sr_order=popularity&srpvid=ec2e72cabfce0b98&srepoch=1778343586&all_sr_blocks=25529105_404211426_2_85_0&highlighted_blocks=25529105_404211426_2_85_0&matching_block_id=25529105_404211426_2_85_0&sr_pri_blocks=25529105_404211426_2_85_0__11250&from=searchresults,5/9/2026
Sharm El Sheikh,Egyptian Experience Resort,3222,EGP,2,0,1,8,43,"Nabq Bay, Sharm El Sheikh (Nabq Bay)",13.7 km from downtown,3,Resort,Two-Bedroom Apartment,No,,Free parking,https://www.booking.com/hotel/eg/egyptian-experience-resort.html?aid=304142&label=gen173nr-10CAQoggI46wdIMVgEaEOIAQGYATO4ARfIAQzYAQPoAQH4AQGIAgGoAgG4ApW9_c8GwAIB0gIkOGYyMzNhYjktZjE1Ni00ZGE2LWEwZDEtMDgwZDA4MDM5NTFh2AIB4AIB&ucfs=1&arphpl=1&checkin=2026-06-01&checkout=2026-06-02&group_adults=2&req_adults=2&no_rooms=1&group_children=0&req_children=0&hpos=10&hapos=60&sr_order=popularity&srpvid=ec2e72cabfce0b98&srepoch=1778343586&all_sr_blocks=1180718301_390515378_2_0_0&highlighted_blocks=1180718301_390515378_2_0_0&matching_block_id=1180718301_390515378_2_0_0&sr_pri_blocks=1180718301_390515378_2_0_0__6111&from=searchresults,5/9/2026
Sharm El Sheikh,SunshineDiversClub - Sharks Bay,2056,EGP,2,0,1,9.5,4,"Sharks Bay, Sharm El Sheikh (Sharks Bay)",6.8 km from downtown,,Hotel,Double Room,Yes,Breakfast included,"Free parking, Bar, Restaurant",https://www.booking.com/hotel/eg/sunshine-by-divers-club-room-n15.html?aid=304142&label=gen173nr-10CAQoggI46wdIMVgEaEOIAQGYATO4ARfIAQzYAQPoAQH4AQGIAgGoAgG4ApW9_c8GwAIB0gIkOGYyMzNhYjktZjE1Ni00ZGE2LWEwZDEtMDgwZDA4MDM5NTFh2AIB4AIB&ucfs=1&arphpl=1&checkin=2026-06-01&checkout=2026-06-02&group_adults=2&req_adults=2&no_rooms=1&group_children=0&req_children=0&hpos=11&hapos=61&sr_order=popularity&srpvid=ec2e72cabfce0b98&srepoch=1778343586&all_sr_blocks=987764801_371148196_2_1_0&highlighted_blocks=987764801_371148196_2_1_0&matching_block_id=987764801_371148196_2_1_0&sr_pri_blocks=987764801_371148196_2_1_0__3900&from=searchresults,5/9/2026
Sharm El Sheikh,Sentido Reef Oasis Aqua Park Resort,9473,EGP,2,0,1,9.3,3091,"El Hadaba, Sharm El Sheikh (El Hadaba)",7.1 km from downtown,5,Resort,Superior Room with Pool View,Yes,All-inclusive,"Hot tub/Jacuzzi, Free parking, Airport shuttle (free)",https://www.booking.com/hotel/eg/reef-oasis-senses-resort.html?aid=304142&label=gen173nr-10CAQoggI46wdIMVgEaEOIAQGYATO4ARfIAQzYAQPoAQH4AQGIAgGoAgG4ApW9_c8GwAIB0gIkOGYyMzNhYjktZjE1Ni00ZGE2LWEwZDEtMDgwZDA4MDM5NTFh2AIB4AIB&ucfs=1&arphpl=1&checkin=2026-06-01&checkout=2026-06-02&group_adults=2&req_adults=2&no_rooms=1&group_children=0&req_children=0&hpos=12&hapos=62&sr_order=popularity&srpvid=ec2e72cabfce0b98&srepoch=1778343586&all_sr_blocks=31280003_433385162_2_85_0_656788&highlighted_blocks=31280003_433385162_2_85_0_656788&matching_block_id=31280003_433385162_2_85_0_656788&sr_pri_blocks=31280003_433385162_2_85_0_656788_17969&from=searchresults,5/9/2026
Sharm El Sheikh,Aurora Oriental Resort Sharm El Sheikh,5538,EGP,2,0,1,8,821,"Nabq Bay, Sharm El Sheikh (Nabq Bay)",17.6 km from downtown,5,Resort,Standard Double Room with Garden View,No,All meals included,"Hot tub/Jacuzzi, Heated pool, Free parking",https://www.booking.com/hotel/eg/oriental-resort-sharm-el-sheikh.html?aid=304142&label=gen173nr-10CAQoggI46wdIMVgEaEOIAQGYATO4ARfIAQzYAQPoAQH4AQGIAgGoAgG4ApW9_c8GwAIB0gIkOGYyMzNhYjktZjE1Ni00ZGE2LWEwZDEtMDgwZDA4MDM5NTFh2AIB4AIB&ucfs=1&arphpl=1&checkin=2026-06-01&checkout=2026-06-02&group_adults=2&req_adults=2&no_rooms=1&group_children=0&req_children=0&hpos=13&hapos=63&sr_order=popularity&srpvid=ec2e72cabfce0b98&srepoch=1778343586&all_sr_blocks=33514504_0_2_21_0&highlighted_blocks=33514504_0_2_21_0&matching_block_id=33514504_0_2_21_0&sr_pri_blocks=33514504_0_2_21_0__10504&from=searchresults,5/9/2026
Sharm El Sheikh,Luxury Sharm Hills Resort,10518,EGP,2,0,1,7.1,51,Sharm El Sheikh,11.9 km from downtown,4,Resort,Apartment with Pool View,Yes,Breakfast included,"Free parking, Airport shuttle (free), Spa",https://www.booking.com/hotel/eg/sharm-hills-resort-sharm-elsheikh1.html?aid=304142&label=gen173nr-10CAQoggI46wdIMVgEaEOIAQGYATO4ARfIAQzYAQPoAQH4AQGIAgGoAgG4ApW9_c8GwAIB0gIkOGYyMzNhYjktZjE1Ni00ZGE2LWEwZDEtMDgwZDA4MDM5NTFh2AIB4AIB&ucfs=1&arphpl=1&checkin=2026-06-01&checkout=2026-06-02&group_adults=2&req_adults=2&no_rooms=1&group_children=0&req_children=0&hpos=14&hapos=64&sr_order=popularity&srpvid=ec2e72cabfce0b98&srepoch=1778343586&all_sr_blocks=1300271101_431421064_4_41_0_1357268&highlighted_blocks=1300271101_431421064_4_41_0_1357268&matching_block_id=1300271101_431421064_4_41_0_1357268&sr_pri_blocks=1300271101_431421064_4_41_0_1357268_19950&from=searchresults,5/9/2026
Sharm El Sheikh,The Grand Hotel Sharm El Sheikh,8303,EGP,2,0,1,8.8,3564,"El Hadaba, Sharm El Sheikh (El Hadaba)",5 km from downtown,5,Hotel,Standard Room Garden View,No,All-inclusive,"Free parking, Bar, Restaurant",https://www.booking.com/hotel/eg/the-grand-ssh.html?aid=304142&label=gen173nr-10CAQoggI46wdIMVgEaEOIAQGYATO4ARfIAQzYAQPoAQH4AQGIAgGoAgG4ApW9_c8GwAIB0gIkOGYyMzNhYjktZjE1Ni00ZGE2LWEwZDEtMDgwZDA4MDM5NTFh2AIB4AIB&ucfs=1&arphpl=1&checkin=2026-06-01&checkout=2026-06-02&group_adults=2&req_adults=2&no_rooms=1&group_children=0&req_children=0&hpos=15&hapos=65&sr_order=popularity&srpvid=ec2e72cabfce0b98&srepoch=1778343586&all_sr_blocks=662012001_414823371_2_85_0&highlighted_blocks=662012001_414823371_2_85_0&matching_block_id=662012001_414823371_2_85_0&sr_pri_blocks=662012001_414823371_2_85_0__15750&from=searchresults,5/9/2026
Sharm El Sheikh,Ghazala Gardens,5694,EGP,2,0,1,7.8,2403,"Naama Bay, Sharm El Sheikh",0.6 km from downtown,4,Hotel,Standard Room,No,All-inclusive,"Free parking, Spa, Bar",https://www.booking.com/hotel/eg/ghazala-gardens.html?aid=304142&label=gen173nr-10CAQoggI46wdIMVgEaEOIAQGYATO4ARfIAQzYAQPoAQH4AQGIAgGoAgG4ApW9_c8GwAIB0gIkOGYyMzNhYjktZjE1Ni00ZGE2LWEwZDEtMDgwZDA4MDM5NTFh2AIB4AIB&ucfs=1&arphpl=1&checkin=2026-06-01&checkout=2026-06-02&group_adults=2&req_adults=2&no_rooms=1&group_children=0&req_children=0&hpos=16&hapos=66&sr_order=popularity&srpvid=ec2e72cabfce0b98&srepoch=1778343586&all_sr_blocks=31106401_414823952_2_85_0&highlighted_blocks=31106401_414823952_2_85_0&matching_block_id=31106401_414823952_2_85_0&sr_pri_blocks=31106401_414823952_2_85_0__10800&from=searchresults,5/9/2026
Sharm El Sheikh,Cleopatra Luxury Resort Sharm - Adults Only 16 years plus,10519,EGP,2,0,1,9.3,1528,"Nabq Bay, Sharm El Sheikh (Nabq Bay)",15.8 km from downtown,5,Resort,Deluxe Room Pool or Garden View,Yes,All-inclusive,"Adults only, Hot tub/Jacuzzi, Heated pool",https://www.booking.com/hotel/eg/cleopatra-luxury-resort-aquarium.html?aid=304142&label=gen173nr-10CAQoggI46wdIMVgEaEOIAQGYATO4ARfIAQzYAQPoAQH4AQGIAgGoAgG4ApW9_c8GwAIB0gIkOGYyMzNhYjktZjE1Ni00ZGE2LWEwZDEtMDgwZDA4MDM5NTFh2AIB4AIB&ucfs=1&arphpl=1&checkin=2026-06-01&checkout=2026-06-02&group_adults=2&req_adults=2&no_rooms=1&group_children=0&req_children=0&hpos=17&hapos=67&sr_order=popularity&srpvid=ec2e72cabfce0b98&srepoch=1778343586&all_sr_blocks=928468701_374683759_2_85_0&highlighted_blocks=928468701_374683759_2_85_0&matching_block_id=928468701_374683759_2_85_0&sr_pri_blocks=928468701_374683759_2_85_0__19953&from=searchresults,5/9/2026
Sharm El Sheikh,Naama Bay Hotel & Resort,6507,EGP,2,0,1,8.6,1901,"Naama Bay, Sharm El Sheikh",1.2 km from downtown,5,Resort,Double or Twin Garden View,Yes,Breakfast included,"Heated pool, Free parking, Spa",https://www.booking.com/hotel/eg/tropitel-naama-bay-sharm-el-sheikh.html?aid=304142&label=gen173nr-10CAQoggI46wdIMVgEaEOIAQGYATO4ARfIAQzYAQPoAQH4AQGIAgGoAgG4ApW9_c8GwAIB0gIkOGYyMzNhYjktZjE1Ni00ZGE2LWEwZDEtMDgwZDA4MDM5NTFh2AIB4AIB&ucfs=1&arphpl=1&checkin=2026-06-01&checkout=2026-06-02&group_adults=2&req_adults=2&no_rooms=1&group_children=0&req_children=0&hpos=18&hapos=68&sr_order=popularity&srpvid=ec2e72cabfce0b98&srepoch=1778343586&all_sr_blocks=0_0_2_1_0&highlighted_blocks=0_0_2_1_0&matching_block_id=0_0_2_1_0&sr_pri_blocks=0_0_2_1_0__12343&from=searchresults,5/9/2026
Sharm El Sheikh,Camel Dive Club & Boutique Hotel,5536,EGP,2,0,1,9,383,"Naama Bay, Sharm El Sheikh",0.8 km from downtown,4,Hotel,King Room with Pool View,Yes,Breakfast included,"Heated pool, Bar, Restaurant",https://www.booking.com/hotel/eg/camel-boutique.html?aid=304142&label=gen173nr-10CAQoggI46wdIMVgEaEOIAQGYATO4ARfIAQzYAQPoAQH4AQGIAgGoAgG4ApW9_c8GwAIB0gIkOGYyMzNhYjktZjE1Ni00ZGE2LWEwZDEtMDgwZDA4MDM5NTFh2AIB4AIB&ucfs=1&arphpl=1&checkin=2026-06-01&checkout=2026-06-02&group_adults=2&req_adults=2&no_rooms=1&group_children=0&req_children=0&hpos=19&hapos=69&sr_order=popularity&srpvid=ec2e72cabfce0b98&srepoch=1778343586&all_sr_blocks=1611008_382776556_2_1_0&highlighted_blocks=1611008_382776556_2_1_0&matching_block_id=1611008_382776556_2_1_0&sr_pri_blocks=1611008_382776556_2_1_0__10500&from=searchresults,5/9/2026
Sharm El Sheikh,Fun & Sun Naama Waves,4414,EGP,2,0,1,9,612,Sharm El Sheikh,1.2 km from downtown,5,Hotel,Double Pool View,Yes,Breakfast included,"Free parking, Spa, Bar",https://www.booking.com/hotel/eg/fun-amp-sun-naama-waves.html?aid=304142&label=gen173nr-10CAQoggI46wdIMVgEaEOIAQGYATO4ARfIAQzYAQPoAQH4AQGIAgGoAgG4ApW9_c8GwAIB0gIkOGYyMzNhYjktZjE1Ni00ZGE2LWEwZDEtMDgwZDA4MDM5NTFh2AIB4AIB&ucfs=1&arphpl=1&checkin=2026-06-01&checkout=2026-06-02&group_adults=2&req_adults=2&no_rooms=1&group_children=0&req_children=0&hpos=20&hapos=70&sr_order=popularity&srpvid=ec2e72cabfce0b98&srepoch=1778343586&all_sr_blocks=0_0_2_1_0&highlighted_blocks=0_0_2_1_0&matching_block_id=0_0_2_1_0&sr_pri_blocks=0_0_2_1_0__8373&from=searchresults,5/9/2026
Sharm El Sheikh,Coral Sea Holiday Resort & Aqua Park,9226,EGP,2,0,1,8.5,447,"Nabq Bay, Sharm El Sheikh (Nabq Bay)",17.6 km from downtown,5,Resort,Special Offer - Standard Room with Garden or Pool View - Egyptians and Residents Only,Yes,All-inclusive,"Free parking, Bar, Restaurant",https://www.booking.com/hotel/eg/coral-sea-holiday-village.html?aid=304142&label=gen173nr-10CAQoggI46wdIMVgEaEOIAQGYATO4ARfIAQzYAQPoAQH4AQGIAgGoAgG4ApW9_c8GwAIB0gIkOGYyMzNhYjktZjE1Ni00ZGE2LWEwZDEtMDgwZDA4MDM5NTFh2AIB4AIB&ucfs=1&arphpl=1&checkin=2026-06-01&checkout=2026-06-02&group_adults=2&req_adults=2&no_rooms=1&group_children=0&req_children=0&hpos=21&hapos=71&sr_order=popularity&srpvid=ec2e72cabfce0b98&srepoch=1778343586&all_sr_blocks=106877016_380780151_2_85_0_771099&highlighted_blocks=106877016_380780151_2_85_0_771099&matching_block_id=106877016_380780151_2_85_0_771099&sr_pri_blocks=106877016_380780151_2_85_0_771099_17500&from=searchresults,5/9/2026
Sharm El Sheikh,Royal Monte-Carlo Sharm Resort & SPA,16802,EGP,2,0,1,9.3,16,"El Hadaba, Sharm El Sheikh (El Hadaba)",5.6 km from downtown,5,Resort,Royal Double or Twin Room,No,All meals included,"Adults only, Hot tub/Jacuzzi, Free parking",https://www.booking.com/hotel/eg/royal-monte-carlo.html?aid=304142&label=gen173nr-10CAQoggI46wdIMVgEaEOIAQGYATO4ARfIAQzYAQPoAQH4AQGIAgGoAgG4ApW9_c8GwAIB0gIkOGYyMzNhYjktZjE1Ni00ZGE2LWEwZDEtMDgwZDA4MDM5NTFh2AIB4AIB&ucfs=1&arphpl=1&checkin=2026-06-01&checkout=2026-06-02&group_adults=2&req_adults=2&no_rooms=1&group_children=0&req_children=0&hpos=22&hapos=72&sr_order=popularity&srpvid=ec2e72cabfce0b98&srepoch=1778343586&all_sr_blocks=129290601_352848133_0_21_0&highlighted_blocks=129290601_352848133_0_21_0&matching_block_id=129290601_352848133_0_21_0&sr_pri_blocks=129290601_352848133_0_21_0__31871&from=searchresults,5/9/2026
Sharm El Sheikh,Il Mercato Hotel & Spa,5308,EGP,2,0,1,7.1,726,"El Hadaba, Sharm El Sheikh (El Hadaba)",6.2 km from downtown,5,Hotel,Standard Double Room,Yes,Breakfast included,"Hot tub/Jacuzzi, Heated pool, Free parking",https://www.booking.com/hotel/eg/iberotel-il-mercato.html?aid=304142&label=gen173nr-10CAQoggI46wdIMVgEaEOIAQGYATO4ARfIAQzYAQPoAQH4AQGIAgGoAgG4ApW9_c8GwAIB0gIkOGYyMzNhYjktZjE1Ni00ZGE2LWEwZDEtMDgwZDA4MDM5NTFh2AIB4AIB&ucfs=1&arphpl=1&checkin=2026-06-01&checkout=2026-06-02&group_adults=2&req_adults=2&no_rooms=1&group_children=0&req_children=0&hpos=23&hapos=73&sr_order=popularity&srpvid=ec2e72cabfce0b98&srepoch=1778343586&all_sr_blocks=0_0_2_1_0&highlighted_blocks=0_0_2_1_0&matching_block_id=0_0_2_1_0&sr_pri_blocks=0_0_2_1_0__10068&from=searchresults,5/9/2026
Sharm El Sheikh,Flat 01 bed room. Sea Street. Hadaba Area.,1898,EGP,2,0,1,9.7,56,"El Hadaba, Sharm El Sheikh (El Hadaba)",7.4 km from downtown,3,Apartment,One-Bedroom Apartment,No,,"Free parking, Free Wifi",https://www.booking.com/hotel/eg/flat-01-bed-room-sea-street-hadaba-area.html?aid=304142&label=gen173nr-10CAQoggI46wdIMVgEaEOIAQGYATO4ARfIAQzYAQPoAQH4AQGIAgGoAgG4ApW9_c8GwAIB0gIkOGYyMzNhYjktZjE1Ni00ZGE2LWEwZDEtMDgwZDA4MDM5NTFh2AIB4AIB&ucfs=1&arphpl=1&checkin=2026-06-01&checkout=2026-06-02&group_adults=2&req_adults=2&no_rooms=1&group_children=0&req_children=0&hpos=24&hapos=74&sr_order=popularity&srpvid=ec2e72cabfce0b98&srepoch=1778343586&all_sr_blocks=918708801_363464162_2_0_0&highlighted_blocks=918708801_363464162_2_0_0&matching_block_id=918708801_363464162_2_0_0&sr_pri_blocks=918708801_363464162_2_0_0__3600&from=searchresults,5/9/2026
Sharm El Sheikh,El Khan Sharm Hotel,1446,EGP,2,0,1,7.7,656,"El Hadaba, Sharm El Sheikh (El Hadaba)",5.8 km from downtown,3,Hotel,Double or Twin Room with Pool View,No,,"Free parking, Bar, Restaurant",https://www.booking.com/hotel/eg/el-khan-sharm.html?aid=304142&label=gen173nr-10CAQoggI46wdIMVgEaEOIAQGYATO4ARfIAQzYAQPoAQH4AQGIAgGoAgG4ApW9_c8GwAIB0gIkOGYyMzNhYjktZjE1Ni00ZGE2LWEwZDEtMDgwZDA4MDM5NTFh2AIB4AIB&ucfs=1&arphpl=1&checkin=2026-06-01&checkout=2026-06-02&group_adults=2&req_adults=2&no_rooms=1&group_children=0&req_children=0&hpos=25&hapos=75&sr_order=popularity&srpvid=ec2e72cabfce0b98&srepoch=1778343586&all_sr_blocks=823278701_0_2_0_0&highlighted_blocks=823278701_0_2_0_0&matching_block_id=823278701_0_2_0_0&sr_pri_blocks=823278701_0_2_0_0__2743&from=searchresults,5/9/2026
Luxor,Nefertiti Hotel Luxor,1988,EGP,2,0,1,8.5,5987,"East Bank, Luxor",0.5 km from downtown,,Hotel,Twin Room,No,Breakfast included,"Free parking, Restaurant, Free Wifi",https://www.booking.com/hotel/eg/nefertiti.html?aid=304142&label=gen173nr-10CAQoggI46wdIMVgEaEOIAQGYATO4ARfIAQzYAQPoAQH4AQGIAgGoAgG4Ata-_c8GwAIB0gIkMmFmYWYxMzUtYTE0Yi00ZWYxLTg1MDEtZWQyMTc0MTljN2M02AIB4AIB&ucfs=1&arphpl=1&checkin=2026-06-01&checkout=2026-06-02&group_adults=2&req_adults=2&no_rooms=1&group_children=0&req_children=0&hpos=1&hapos=1&sr_order=popularity&srpvid=b6e9732bc7a6002c&srepoch=1778343780&all_sr_blocks=24397805_338394725_2_41_0&highlighted_blocks=24397805_338394725_2_41_0&matching_block_id=24397805_338394725_2_41_0&sr_pri_blocks=24397805_338394725_2_41_0__3771&from=searchresults,5/9/2026
Luxor,Steigenberger Resort Achti,3867,EGP,2,0,1,8.8,5150,Luxor,2.9 km from downtown,5,Resort,Superior King Garden View (Bangalow),Yes,,"Heated pool, Free parking",https://www.booking.com/hotel/eg/sheraton-luxor-resort.html?aid=304142&label=gen173nr-10CAQoggI46wdIMVgEaEOIAQGYATO4ARfIAQzYAQPoAQH4AQGIAgGoAgG4Ata-_c8GwAIB0gIkMmFmYWYxMzUtYTE0Yi00ZWYxLTg1MDEtZWQyMTc0MTljN2M02AIB4AIB&ucfs=1&arphpl=1&checkin=2026-06-01&checkout=2026-06-02&group_adults=2&req_adults=2&no_rooms=1&group_children=0&req_children=0&hpos=2&hapos=2&sr_order=popularity&srpvid=b6e9732bc7a6002c&srepoch=1778343780&all_sr_blocks=1613625_422439268_2_42_0_452392&highlighted_blocks=1613625_422439268_2_42_0_452392&matching_block_id=1613625_422439268_2_42_0_452392&sr_pri_blocks=1613625_422439268_2_42_0_452392_7335&from_sustainable_property_sr=1&from=searchresults,5/9/2026
Luxor,Family Hotel Luxor,522,EGP,2,0,1,8.3,41,"East Bank, Luxor",0.9 km from downtown,,Hotel,Double Room with Shared Bathroom,Yes,Breakfast included,"Free Wifi, 24-hour front desk",https://www.booking.com/hotel/eg/family-luxor-luxor.html?aid=304142&label=gen173nr-10CAQoggI46wdIMVgEaEOIAQGYATO4ARfIAQzYAQPoAQH4AQGIAgGoAgG4Ata-_c8GwAIB0gIkMmFmYWYxMzUtYTE0Yi00ZWYxLTg1MDEtZWQyMTc0MTljN2M02AIB4AIB&ucfs=1&arphpl=1&checkin=2026-06-01&checkout=2026-06-02&group_adults=2&req_adults=2&no_rooms=1&group_children=0&req_children=0&hpos=3&hapos=3&sr_order=popularity&srpvid=b6e9732bc7a6002c&srepoch=1778343780&all_sr_blocks=1582863902_430795119_2_1_0&highlighted_blocks=1582863902_430795119_2_1_0&matching_block_id=1582863902_430795119_2_1_0&sr_pri_blocks=1582863902_430795119_2_1_0__990&from=searchresults,5/9/2026
Luxor,Jolie Ville Hotel & Spa Kings Island Luxor,4407,EGP,2,0,1,8.6,3902,"East Bank, Luxor (Nile River Luxor)",4.5 km from downtown,5,Hotel,Standard Room Gardens View,Yes,Breakfast included,"Free parking, Spa, Bar",https://www.booking.com/hotel/eg/jolie-ville-kings-island-luxor.html?aid=304142&label=gen173nr-10CAQoggI46wdIMVgEaEOIAQGYATO4ARfIAQzYAQPoAQH4AQGIAgGoAgG4Ata-_c8GwAIB0gIkMmFmYWYxMzUtYTE0Yi00ZWYxLTg1MDEtZWQyMTc0MTljN2M02AIB4AIB&ucfs=1&arphpl=1&checkin=2026-06-01&checkout=2026-06-02&group_adults=2&req_adults=2&no_rooms=1&group_children=0&req_children=0&hpos=4&hapos=4&sr_order=popularity&srpvid=b6e9732bc7a6002c&srepoch=1778343793&all_sr_blocks=1614918_373900437_2_41_0&highlighted_blocks=1614918_373900437_2_41_0&matching_block_id=1614918_373900437_2_41_0&sr_pri_blocks=1614918_373900437_2_41_0__8360&from=searchresults,5/9/2026
Luxor,Aracan Eatabe Luxor Hotel,2548,EGP,2,0,1,8.6,2399,"East Bank, Luxor",0.6 km from downtown,4,Hotel,Double Room,No,,"Hot tub/Jacuzzi, Spa, Bar",https://www.booking.com/hotel/eg/el-luxor.html?aid=304142&label=gen173nr-10CAQoggI46wdIMVgEaEOIAQGYATO4ARfIAQzYAQPoAQH4AQGIAgGoAgG4Ata-_c8GwAIB0gIkMmFmYWYxMzUtYTE0Yi00ZWYxLTg1MDEtZWQyMTc0MTljN2M02AIB4AIB&ucfs=1&arphpl=1&checkin=2026-06-01&checkout=2026-06-02&group_adults=2&req_adults=2&no_rooms=1&group_children=0&req_children=0&hpos=5&hapos=5&sr_order=popularity&srpvid=b6e9732bc7a6002c&srepoch=1778343793&all_sr_blocks=0_0_2_0_0&highlighted_blocks=0_0_2_0_0&matching_block_id=0_0_2_0_0&sr_pri_blocks=0_0_2_0_0__4833&from=searchresults,5/9/2026
Luxor,Hilton Luxor Resort & Spa,7170,EGP,2,0,1,9,1050,"East Bank, Luxor",3.2 km from downtown,5,Resort,GUESTROOM KING BED,Yes,Breakfast included,"Hot tub/Jacuzzi, Free parking",https://www.booking.com/hotel/eg/hilton-luxor-resort-spa.html?aid=304142&label=gen173nr-10CAQoggI46wdIMVgEaEOIAQGYATO4ARfIAQzYAQPoAQH4AQGIAgGoAgG4Ata-_c8GwAIB0gIkMmFmYWYxMzUtYTE0Yi00ZWYxLTg1MDEtZWQyMTc0MTljN2M02AIB4AIB&ucfs=1&arphpl=1&checkin=2026-06-01&checkout=2026-06-02&group_adults=2&req_adults=2&no_rooms=1&group_children=0&req_children=0&hpos=6&hapos=6&sr_order=popularity&srpvid=b6e9732bc7a6002c&srepoch=1778343793&all_sr_blocks=4773001_266271867_2_33_0&highlighted_blocks=4773001_266271867_2_33_0&matching_block_id=4773001_266271867_2_33_0&sr_pri_blocks=4773001_266271867_2_33_0__13600&from_sustainable_property_sr=1&from=searchresults,5/9/2026
Luxor,Pyramisa Hotel Luxor,3169,EGP,2,0,1,8,3011,Luxor,2.4 km from downtown,4,Hotel,Run of House Room,Yes,Breakfast included,"Bar, Restaurant, Free Wifi",https://www.booking.com/hotel/eg/pyramisa-isis-suites-luxor.html?aid=304142&label=gen173nr-10CAQoggI46wdIMVgEaEOIAQGYATO4ARfIAQzYAQPoAQH4AQGIAgGoAgG4Ata-_c8GwAIB0gIkMmFmYWYxMzUtYTE0Yi00ZWYxLTg1MDEtZWQyMTc0MTljN2M02AIB4AIB&ucfs=1&arphpl=1&checkin=2026-06-01&checkout=2026-06-02&group_adults=2&req_adults=2&no_rooms=1&group_children=0&req_children=0&hpos=7&hapos=7&sr_order=popularity&srpvid=b6e9732bc7a6002c&srepoch=1778343793&all_sr_blocks=0_0_2_1_0&highlighted_blocks=0_0_2_1_0&matching_block_id=0_0_2_1_0&sr_pri_blocks=0_0_2_1_0__6011&from=searchresults,5/9/2026
Luxor,Saray El-Omda Hotel,4719,EGP,2,0,1,9.4,61,"West Bank, Luxor",4.1 km from downtown,4,Apartment,One-Bedroom Apartment with Balcony and Mountain View,Yes,Breakfast included,"Free parking, Bar, Restaurant",https://www.booking.com/hotel/eg/saray-el-omda-luxor.html?aid=304142&label=gen173nr-10CAQoggI46wdIMVgEaEOIAQGYATO4ARfIAQzYAQPoAQH4AQGIAgGoAgG4Ata-_c8GwAIB0gIkMmFmYWYxMzUtYTE0Yi00ZWYxLTg1MDEtZWQyMTc0MTljN2M02AIB4AIB&ucfs=1&arphpl=1&checkin=2026-06-01&checkout=2026-06-02&group_adults=2&req_adults=2&no_rooms=1&group_children=0&req_children=0&hpos=8&hapos=8&sr_order=popularity&srpvid=b6e9732bc7a6002c&srepoch=1778343793&all_sr_blocks=1589292605_432844883_2_41_0_1390331&highlighted_blocks=1589292605_432844883_2_41_0_1390331&matching_block_id=1589292605_432844883_2_41_0_1390331&sr_pri_blocks=1589292605_432844883_2_41_0_1390331_8951&from=searchresults,5/9/2026
Luxor,Sunset Haven Guesthouse,2241,EGP,2,0,1,8.9,9,"West Bank, Luxor",1.8 km from downtown,,Hotel,Two-Bedroom House,Yes,,"Free parking, Bar, Free Wifi",https://www.booking.com/hotel/eg/sunset-haven-guesthouse.html?aid=304142&label=gen173nr-10CAQoggI46wdIMVgEaEOIAQGYATO4ARfIAQzYAQPoAQH4AQGIAgGoAgG4Ata-_c8GwAIB0gIkMmFmYWYxMzUtYTE0Yi00ZWYxLTg1MDEtZWQyMTc0MTljN2M02AIB4AIB&ucfs=1&arphpl=1&checkin=2026-06-01&checkout=2026-06-02&group_adults=2&req_adults=2&no_rooms=1&group_children=0&req_children=0&hpos=9&hapos=9&sr_order=popularity&srpvid=b6e9732bc7a6002c&srepoch=1778343793&all_sr_blocks=1074880101_395408861_4_2_0&highlighted_blocks=1074880101_395408861_4_2_0&matching_block_id=1074880101_395408861_4_2_0&sr_pri_blocks=1074880101_395408861_4_2_0__4250&from=searchresults,5/9/2026
Luxor,Iberotel Luxor by JAZ,3396,EGP,2,0,1,8.4,2294,Luxor,1.6 km from downtown,4,Hotel,Standard,Yes,Breakfast included,"Bar, Restaurant",https://www.booking.com/hotel/eg/iberotel-luxor.html?aid=304142&label=gen173nr-10CAQoggI46wdIMVgEaEOIAQGYATO4ARfIAQzYAQPoAQH4AQGIAgGoAgG4Ata-_c8GwAIB0gIkMmFmYWYxMzUtYTE0Yi00ZWYxLTg1MDEtZWQyMTc0MTljN2M02AIB4AIB&ucfs=1&arphpl=1&checkin=2026-06-01&checkout=2026-06-02&group_adults=2&req_adults=2&no_rooms=1&group_children=0&req_children=0&hpos=10&hapos=10&sr_order=popularity&srpvid=b6e9732bc7a6002c&srepoch=1778343793&all_sr_blocks=0_0_2_1_0&highlighted_blocks=0_0_2_1_0&matching_block_id=0_0_2_1_0&sr_pri_blocks=0_0_2_1_0__6442&from_sustainable_property_sr=1&from=searchresults,5/9/2026
Luxor,S S Luxor Hotel,2017,EGP,2,0,1,8.2,340,"East Bank, Luxor",0.5 km from downtown,3,Hotel,Double or Twin Room,Yes,,"Bar, Free Wifi, 24-hour front desk",https://www.booking.com/hotel/eg/s-s-luxor.html?aid=304142&label=gen173nr-10CAQoggI46wdIMVgEaEOIAQGYATO4ARfIAQzYAQPoAQH4AQGIAgGoAgG4Ata-_c8GwAIB0gIkMmFmYWYxMzUtYTE0Yi00ZWYxLTg1MDEtZWQyMTc0MTljN2M02AIB4AIB&ucfs=1&arphpl=1&checkin=2026-06-01&checkout=2026-06-02&group_adults=2&req_adults=2&no_rooms=1&group_children=0&req_children=0&hpos=11&hapos=11&sr_order=popularity&srpvid=b6e9732bc7a6002c&srepoch=1778343793&all_sr_blocks=1491671303_420820992_0_2_0&highlighted_blocks=1491671303_420820992_0_2_0&matching_block_id=1491671303_420820992_0_2_0&sr_pri_blocks=1491671303_420820992_0_2_0__3825&from=searchresults,5/9/2026
Luxor,Luxor Oasis Guest House,1033,EGP,2,0,1,9.2,818,"West Bank, Luxor",1.5 km from downtown,,Guest house,Deluxe Double Room,Yes,Breakfast included,"Free parking, Bar, Restaurant",https://www.booking.com/hotel/eg/oasis-guest-house.html?aid=304142&label=gen173nr-10CAQoggI46wdIMVgEaEOIAQGYATO4ARfIAQzYAQPoAQH4AQGIAgGoAgG4Ata-_c8GwAIB0gIkMmFmYWYxMzUtYTE0Yi00ZWYxLTg1MDEtZWQyMTc0MTljN2M02AIB4AIB&ucfs=1&arphpl=1&checkin=2026-06-01&checkout=2026-06-02&group_adults=2&req_adults=2&no_rooms=1&group_children=0&req_children=0&hpos=12&hapos=12&sr_order=popularity&srpvid=b6e9732bc7a6002c&srepoch=1778343793&all_sr_blocks=856658702_353513273_0_9_0&highlighted_blocks=856658702_353513273_0_9_0&matching_block_id=856658702_353513273_0_9_0&sr_pri_blocks=856658702_353513273_0_9_0__1960&from=searchresults,5/9/2026
Luxor,Abeer Guest House,974,EGP,2,0,1,9.5,544,"East Bank, Luxor",1.4 km from downtown,,Guest house,Double Room with Shared Bathroom,Yes,Breakfast included,"Bar, Free Wifi, 24-hour front desk",https://www.booking.com/hotel/eg/aber-guest-house.html?aid=304142&label=gen173nr-10CAQoggI46wdIMVgEaEOIAQGYATO4ARfIAQzYAQPoAQH4AQGIAgGoAgG4Ata-_c8GwAIB0gIkMmFmYWYxMzUtYTE0Yi00ZWYxLTg1MDEtZWQyMTc0MTljN2M02AIB4AIB&ucfs=1&arphpl=1&checkin=2026-06-01&checkout=2026-06-02&group_adults=2&req_adults=2&no_rooms=1&group_children=0&req_children=0&hpos=13&hapos=13&sr_order=popularity&srpvid=b6e9732bc7a6002c&srepoch=1778343793&all_sr_blocks=1111735616_384135291_2_41_0&highlighted_blocks=1111735616_384135291_2_41_0&matching_block_id=1111735616_384135291_2_41_0&sr_pri_blocks=1111735616_384135291_2_41_0__1848&from=searchresults,5/9/2026
Luxor,Malkata House - Boutique hotel and restaurant,7875,EGP,2,0,1,9.4,672,"West Bank, Luxor",5.4 km from downtown,4,Hotel,Suite with Garden View,No,Breakfast included,"Free parking, Restaurant, Free Wifi",https://www.booking.com/hotel/eg/malkata-house.html?aid=304142&label=gen173nr-10CAQoggI46wdIMVgEaEOIAQGYATO4ARfIAQzYAQPoAQH4AQGIAgGoAgG4Ata-_c8GwAIB0gIkMmFmYWYxMzUtYTE0Yi00ZWYxLTg1MDEtZWQyMTc0MTljN2M02AIB4AIB&ucfs=1&arphpl=1&checkin=2026-06-01&checkout=2026-06-02&group_adults=2&req_adults=2&no_rooms=1&group_children=0&req_children=0&hpos=14&hapos=14&sr_order=popularity&srpvid=b6e9732bc7a6002c&srepoch=1778343793&all_sr_blocks=576749308_243848082_2_1_0&highlighted_blocks=576749308_243848082_2_1_0&matching_block_id=576749308_243848082_2_1_0&sr_pri_blocks=576749308_243848082_2_1_0__14937&from=searchresults,5/9/2026
Luxor,Sheherazade Hotel Nile Villa,1152,EGP,2,0,1,8.9,135,"West Bank, Luxor",1.7 km from downtown,4,Villa,Deluxe King Studio,Yes,,"Free parking, Restaurant, Free Wifi",https://www.booking.com/hotel/eg/mountain-bloom-retreat.html?aid=304142&label=gen173nr-10CAQoggI46wdIMVgEaEOIAQGYATO4ARfIAQzYAQPoAQH4AQGIAgGoAgG4Ata-_c8GwAIB0gIkMmFmYWYxMzUtYTE0Yi00ZWYxLTg1MDEtZWQyMTc0MTljN2M02AIB4AIB&ucfs=1&arphpl=1&checkin=2026-06-01&checkout=2026-06-02&group_adults=2&req_adults=2&no_rooms=1&group_children=0&req_children=0&hpos=15&hapos=15&sr_order=popularity&srpvid=b6e9732bc7a6002c&srepoch=1778343793&all_sr_blocks=1322194305_404892948_2_42_0&highlighted_blocks=1322194305_404892948_2_42_0&matching_block_id=1322194305_404892948_2_42_0&sr_pri_blocks=1322194305_404892948_2_42_0__2186&from=searchresults,5/9/2026
Luxor,Luxor View Hotel,718,EGP,2,0,1,8.2,223,"West Bank, Luxor",3.1 km from downtown,3,Hotel,Double Room,No,Breakfast included,"Free parking, Bar, Free Wifi",https://www.booking.com/hotel/eg/winter-palace-hostel.html?aid=304142&label=gen173nr-10CAQoggI46wdIMVgEaEOIAQGYATO4ARfIAQzYAQPoAQH4AQGIAgGoAgG4Ata-_c8GwAIB0gIkMmFmYWYxMzUtYTE0Yi00ZWYxLTg1MDEtZWQyMTc0MTljN2M02AIB4AIB&ucfs=1&arphpl=1&checkin=2026-06-01&checkout=2026-06-02&group_adults=2&req_adults=2&no_rooms=1&group_children=0&req_children=0&hpos=16&hapos=16&sr_order=popularity&srpvid=b6e9732bc7a6002c&srepoch=1778343793&all_sr_blocks=1273505303_406559620_0_41_0&highlighted_blocks=1273505303_406559620_0_41_0&matching_block_id=1273505303_406559620_0_41_0&sr_pri_blocks=1273505303_406559620_0_41_0__1362&from=searchresults,5/9/2026
Luxor,Yasmine Guest House,902,EGP,2,0,1,9,363,"West Bank, Luxor",1.7 km from downtown,3,Guest house,Deluxe Double Room,No,Breakfast included,"Free parking, Free Wifi",https://www.booking.com/hotel/eg/yasmine-guest-house.html?aid=304142&label=gen173nr-10CAQoggI46wdIMVgEaEOIAQGYATO4ARfIAQzYAQPoAQH4AQGIAgGoAgG4Ata-_c8GwAIB0gIkMmFmYWYxMzUtYTE0Yi00ZWYxLTg1MDEtZWQyMTc0MTljN2M02AIB4AIB&ucfs=1&arphpl=1&checkin=2026-06-01&checkout=2026-06-02&group_adults=2&req_adults=2&no_rooms=1&group_children=0&req_children=0&hpos=17&hapos=17&sr_order=popularity&srpvid=b6e9732bc7a6002c&srepoch=1778343793&all_sr_blocks=1118850901_384711855_2_1_0&highlighted_blocks=1118850901_384711855_2_1_0&matching_block_id=1118850901_384711855_2_1_0&sr_pri_blocks=1118850901_384711855_2_1_0__1710&from=searchresults,5/9/2026
Luxor,Sonesta St. George Hotel - Convention Center,4139,EGP,2,0,1,9.1,3889,"East Bank, Luxor",2.2 km from downtown,5,Hotel,Run of House,Yes,,"Hot tub/Jacuzzi, Spa, Bar",https://www.booking.com/hotel/eg/sonesta-st-george-luxor.html?aid=304142&label=gen173nr-10CAQoggI46wdIMVgEaEOIAQGYATO4ARfIAQzYAQPoAQH4AQGIAgGoAgG4Ata-_c8GwAIB0gIkMmFmYWYxMzUtYTE0Yi00ZWYxLTg1MDEtZWQyMTc0MTljN2M02AIB4AIB&ucfs=1&arphpl=1&checkin=2026-06-01&checkout=2026-06-02&group_adults=2&req_adults=2&no_rooms=1&group_children=0&req_children=0&hpos=18&hapos=18&sr_order=popularity&srpvid=b6e9732bc7a6002c&srepoch=1778343793&all_sr_blocks=0_0_2_0_0&highlighted_blocks=0_0_2_0_0&matching_block_id=0_0_2_0_0&sr_pri_blocks=0_0_2_0_0__7851&from=searchresults,5/9/2026
Luxor,Bab Al Shams Palace,1750,EGP,2,0,1,9.9,54,"West Bank, Luxor",5.5 km from downtown,4,Hotel,Triple Room with Garden View,No,Breakfast included,"Free parking, Free Wifi, 24-hour front desk",https://www.booking.com/hotel/eg/bab-al-shams-palace-luxor3.html?aid=304142&label=gen173nr-10CAQoggI46wdIMVgEaEOIAQGYATO4ARfIAQzYAQPoAQH4AQGIAgGoAgG4Ata-_c8GwAIB0gIkMmFmYWYxMzUtYTE0Yi00ZWYxLTg1MDEtZWQyMTc0MTljN2M02AIB4AIB&ucfs=1&arphpl=1&checkin=2026-06-01&checkout=2026-06-02&group_adults=2&req_adults=2&no_rooms=1&group_children=0&req_children=0&hpos=19&hapos=19&sr_order=popularity&srpvid=b6e9732bc7a6002c&srepoch=1778343793&all_sr_blocks=1547250704_425972038_2_41_0_1303616&highlighted_blocks=1547250704_425972038_2_41_0_1303616&matching_block_id=1547250704_425972038_2_41_0_1303616&sr_pri_blocks=1547250704_425972038_2_41_0_1303616_3320&from=searchresults,5/9/2026
Luxor,KR Hotel,1673,EGP,2,0,1,9.1,188,"West Bank, Luxor",1.8 km from downtown,4,Hotel,Double Room with Balcony,Yes,Breakfast included,"Heated pool, Free parking, Bar",https://www.booking.com/hotel/eg/kr.html?aid=304142&label=gen173nr-10CAQoggI46wdIMVgEaEOIAQGYATO4ARfIAQzYAQPoAQH4AQGIAgGoAgG4Ata-_c8GwAIB0gIkMmFmYWYxMzUtYTE0Yi00ZWYxLTg1MDEtZWQyMTc0MTljN2M02AIB4AIB&ucfs=1&arphpl=1&checkin=2026-06-01&checkout=2026-06-02&group_adults=2&req_adults=2&no_rooms=1&group_children=0&req_children=0&hpos=20&hapos=20&sr_order=popularity&srpvid=b6e9732bc7a6002c&srepoch=1778343793&all_sr_blocks=1396203607_428269126_2_1_0&highlighted_blocks=1396203607_428269126_2_1_0&matching_block_id=1396203607_428269126_2_1_0&sr_pri_blocks=1396203607_428269126_2_1_0__3173&from=searchresults,5/9/2026
Luxor,Saray El Omda - Egyptian Rural Village,4660,EGP,2,0,1,9.3,123,"West Bank, Luxor",4.1 km from downtown,4,Apartment,One-Bedroom Apartment with Balcony,Yes,Breakfast included,"Free parking, Bar, Restaurant",https://www.booking.com/hotel/eg/saray-el-omda-wellness-amp-retreat-village-luxor.html?aid=304142&label=gen173nr-10CAQoggI46wdIMVgEaEOIAQGYATO4ARfIAQzYAQPoAQH4AQGIAgGoAgG4Ata-_c8GwAIB0gIkMmFmYWYxMzUtYTE0Yi00ZWYxLTg1MDEtZWQyMTc0MTljN2M02AIB4AIB&ucfs=1&arphpl=1&checkin=2026-06-01&checkout=2026-06-02&group_adults=2&req_adults=2&no_rooms=1&group_children=0&req_children=0&hpos=21&hapos=21&sr_order=popularity&srpvid=b6e9732bc7a6002c&srepoch=1778343793&all_sr_blocks=1569350506_431287364_2_41_0_1346499&highlighted_blocks=1569350506_431287364_2_41_0_1346499&matching_block_id=1569350506_431287364_2_41_0_1346499&sr_pri_blocks=1569350506_431287364_2_41_0_1346499_8840&from=searchresults,5/9/2026
Luxor,Celia House,1054,EGP,2,0,1,9.5,38,"West Bank, Luxor",1.8 km from downtown,4,Hotel,King Studio with Sofa Bed,Yes,,"Free parking, Bar, Free Wifi",https://www.booking.com/hotel/eg/celias-house.html?aid=304142&label=gen173nr-10CAQoggI46wdIMVgEaEOIAQGYATO4ARfIAQzYAQPoAQH4AQGIAgGoAgG4Ata-_c8GwAIB0gIkMmFmYWYxMzUtYTE0Yi00ZWYxLTg1MDEtZWQyMTc0MTljN2M02AIB4AIB&ucfs=1&arphpl=1&checkin=2026-06-01&checkout=2026-06-02&group_adults=2&req_adults=2&no_rooms=1&group_children=0&req_children=0&hpos=22&hapos=22&sr_order=popularity&srpvid=b6e9732bc7a6002c&srepoch=1778343793&all_sr_blocks=1519058201_426700790_2_2_0&highlighted_blocks=1519058201_426700790_2_2_0&matching_block_id=1519058201_426700790_2_2_0&sr_pri_blocks=1519058201_426700790_2_2_0__2000&from=searchresults,5/9/2026
Luxor,New Pola Hotel,1344,EGP,2,0,1,6.6,138,"East Bank, Luxor",1.8 km from downtown,3,Hotel,Budget Double Room,Yes,,"Bar, Free Wifi, 24-hour front desk",https://www.booking.com/hotel/eg/new-pola-luxor.html?aid=304142&label=gen173nr-10CAQoggI46wdIMVgEaEOIAQGYATO4ARfIAQzYAQPoAQH4AQGIAgGoAgG4Ata-_c8GwAIB0gIkMmFmYWYxMzUtYTE0Yi00ZWYxLTg1MDEtZWQyMTc0MTljN2M02AIB4AIB&ucfs=1&arphpl=1&checkin=2026-06-01&checkout=2026-06-02&group_adults=2&req_adults=2&no_rooms=1&group_children=0&req_children=0&hpos=23&hapos=23&sr_order=popularity&srpvid=b6e9732bc7a6002c&srepoch=1778343793&all_sr_blocks=945278201_405748631_2_2_0&highlighted_blocks=945278201_405748631_2_2_0&matching_block_id=945278201_405748631_2_2_0&sr_pri_blocks=945278201_405748631_2_2_0__2550&from=searchresults,5/9/2026
Luxor,Queens Valley Hotel,1687,EGP,2,0,1,6.5,1457,"East Bank, Luxor",400 m from downtown,3,Hotel,Double Room,Yes,Breakfast included,"Free parking, Spa, Bar",https://www.booking.com/hotel/eg/queens-valley-luxor.html?aid=304142&label=gen173nr-10CAQoggI46wdIMVgEaEOIAQGYATO4ARfIAQzYAQPoAQH4AQGIAgGoAgG4Ata-_c8GwAIB0gIkMmFmYWYxMzUtYTE0Yi00ZWYxLTg1MDEtZWQyMTc0MTljN2M02AIB4AIB&ucfs=1&arphpl=1&checkin=2026-06-01&checkout=2026-06-02&group_adults=2&req_adults=2&no_rooms=1&group_children=0&req_children=0&hpos=24&hapos=24&sr_order=popularity&srpvid=b6e9732bc7a6002c&srepoch=1778343793&all_sr_blocks=1049420901_428468439_2_41_0&highlighted_blocks=1049420901_428468439_2_41_0&matching_block_id=1049420901_428468439_2_41_0&sr_pri_blocks=1049420901_428468439_2_41_0__3200&from=searchresults,5/9/2026
Luxor,Pharaohs Guest House,949,EGP,2,0,1,8.8,135,"West Bank, Luxor",1.6 km from downtown,3,Guest house,Budget Double Room,No,Breakfast included,"Bar, Restaurant, Free Wifi",https://www.booking.com/hotel/eg/pharaohs-guest-house-lqrn.html?aid=304142&label=gen173nr-10CAQoggI46wdIMVgEaEOIAQGYATO4ARfIAQzYAQPoAQH4AQGIAgGoAgG4Ata-_c8GwAIB0gIkMmFmYWYxMzUtYTE0Yi00ZWYxLTg1MDEtZWQyMTc0MTljN2M02AIB4AIB&ucfs=1&arphpl=1&checkin=2026-06-01&checkout=2026-06-02&group_adults=2&req_adults=2&no_rooms=1&group_children=0&req_children=0&hpos=25&hapos=25&sr_order=popularity&srpvid=b6e9732bc7a6002c&srepoch=1778343793&all_sr_blocks=1356406105_407941331_0_1_0_1394153&highlighted_blocks=1356406105_407941331_0_1_0_1394153&matching_block_id=1356406105_407941331_0_1_0_1394153&sr_pri_blocks=1356406105_407941331_0_1_0_1394153_1800&from=searchresults,5/9/2026
Luxor,Moonlight Home,887,EGP,2,0,1,9.5,323,"West Bank, Luxor",2.3 km from downtown,4,Apartment,One-Bedroom Apartment,Yes,Breakfast included,"Free parking, Free Wifi",https://www.booking.com/hotel/eg/moonlight-home-luxor.html?aid=304142&label=gen173nr-10CAQoggI46wdIMVgEaEOIAQGYATO4ARfIAQzYAQPoAQH4AQGIAgGoAgG4Ata-_c8GwAIB0gIkMmFmYWYxMzUtYTE0Yi00ZWYxLTg1MDEtZWQyMTc0MTljN2M02AIB4AIB&ucfs=1&arphpl=1&checkin=2026-06-01&checkout=2026-06-02&group_adults=2&req_adults=2&no_rooms=1&group_children=0&req_children=0&hpos=1&hapos=26&sr_order=popularity&srpvid=b6e9732bc7a6002c&srepoch=1778343772&all_sr_blocks=715897802_298824458_2_41_0&highlighted_blocks=715897802_298824458_2_41_0&matching_block_id=715897802_298824458_2_41_0&sr_pri_blocks=715897802_298824458_2_41_0__1683&from=searchresults,5/9/2026
Luxor,Nile Panorama Hotel & Restaurant,1837,EGP,2,0,1,8.9,337,"West Bank, Luxor",2.4 km from downtown,5,Hotel,Deluxe King Room,Yes,Breakfast included,"Free parking, Bar, Restaurant",https://www.booking.com/hotel/eg/nile-panorama-apartments.html?aid=304142&label=gen173nr-10CAQoggI46wdIMVgEaEOIAQGYATO4ARfIAQzYAQPoAQH4AQGIAgGoAgG4Ata-_c8GwAIB0gIkMmFmYWYxMzUtYTE0Yi00ZWYxLTg1MDEtZWQyMTc0MTljN2M02AIB4AIB&ucfs=1&arphpl=1&checkin=2026-06-01&checkout=2026-06-02&group_adults=2&req_adults=2&no_rooms=1&group_children=0&req_children=0&hpos=2&hapos=27&sr_order=popularity&srpvid=b6e9732bc7a6002c&srepoch=1778343772&all_sr_blocks=553063006_416379481_2_41_0_1186656&highlighted_blocks=553063006_416379481_2_41_0_1186656&matching_block_id=553063006_416379481_2_41_0_1186656&sr_pri_blocks=553063006_416379481_2_41_0_1186656_3484&from=searchresults,5/9/2026
Luxor,Flower Of Life Hotel,1585,EGP,2,0,1,9.6,83,"West Bank, Luxor",2.2 km from downtown,3,Hotel,One-Bedroom House,Yes,,"Free parking, Bar, Restaurant",https://www.booking.com/hotel/eg/flower-of-life-luxor1.html?aid=304142&label=gen173nr-10CAQoggI46wdIMVgEaEOIAQGYATO4ARfIAQzYAQPoAQH4AQGIAgGoAgG4Ata-_c8GwAIB0gIkMmFmYWYxMzUtYTE0Yi00ZWYxLTg1MDEtZWQyMTc0MTljN2M02AIB4AIB&ucfs=1&arphpl=1&checkin=2026-06-01&checkout=2026-06-02&group_adults=2&req_adults=2&no_rooms=1&group_children=0&req_children=0&hpos=3&hapos=28&sr_order=popularity&srpvid=b6e9732bc7a6002c&srepoch=1778343772&all_sr_blocks=1023611910_425462178_2_2_0&highlighted_blocks=1023611910_425462178_2_2_0&matching_block_id=1023611910_425462178_2_2_0&sr_pri_blocks=1023611910_425462178_2_2_0__3006&from=searchresults,5/9/2026
Luxor,King Nile Luxor,717,EGP,2,0,1,9.3,173,"West Bank, Luxor",2.7 km from downtown,4,Apartment,Deluxe One-Bedroom Apartment,No,Breakfast included,"Free parking, Bar, Free Wifi",https://www.booking.com/hotel/eg/king-nile-luxor.html?aid=304142&label=gen173nr-10CAQoggI46wdIMVgEaEOIAQGYATO4ARfIAQzYAQPoAQH4AQGIAgGoAgG4Ata-_c8GwAIB0gIkMmFmYWYxMzUtYTE0Yi00ZWYxLTg1MDEtZWQyMTc0MTljN2M02AIB4AIB&ucfs=1&arphpl=1&checkin=2026-06-01&checkout=2026-06-02&group_adults=2&req_adults=2&no_rooms=1&group_children=0&req_children=0&hpos=4&hapos=29&sr_order=popularity&srpvid=b6e9732bc7a6002c&srepoch=1778343772&all_sr_blocks=1517382804_423459268_2_41_0&highlighted_blocks=1517382804_423459268_2_41_0&matching_block_id=1517382804_423459268_2_41_0&sr_pri_blocks=1517382804_423459268_2_41_0__1360&from=searchresults,5/9/2026
Luxor,Qasr El Nil,1972,EGP,2,0,1,9.1,33,"West Bank, Luxor",1.6 km from downtown,4,Apartment,One-Bedroom Apartment with Terrace,No,Breakfast included,"Free parking, Free Wifi, 24-hour front desk",https://www.booking.com/hotel/eg/qasr-el-nil-house.html?aid=304142&label=gen173nr-10CAQoggI46wdIMVgEaEOIAQGYATO4ARfIAQzYAQPoAQH4AQGIAgGoAgG4Ata-_c8GwAIB0gIkMmFmYWYxMzUtYTE0Yi00ZWYxLTg1MDEtZWQyMTc0MTljN2M02AIB4AIB&ucfs=1&arphpl=1&checkin=2026-06-01&checkout=2026-06-02&group_adults=2&req_adults=2&no_rooms=1&group_children=0&req_children=0&hpos=5&hapos=30&sr_order=popularity&srpvid=b6e9732bc7a6002c&srepoch=1778343772&all_sr_blocks=1560650202_427170422_2_41_0_1339680&highlighted_blocks=1560650202_427170422_2_41_0_1339680&matching_block_id=1560650202_427170422_2_41_0_1339680&sr_pri_blocks=1560650202_427170422_2_41_0_1339680_3740&from=searchresults,5/9/2026
Luxor,Eden on the Nile,3163,EGP,2,0,1,9.7,132,Luxor,6.7 km from downtown,,Hotel,Twin Room with Sea View,Yes,Breakfast included,"Free parking, Restaurant, Free Wifi",https://www.booking.com/hotel/eg/eden-resort.html?aid=304142&label=gen173nr-10CAQoggI46wdIMVgEaEOIAQGYATO4ARfIAQzYAQPoAQH4AQGIAgGoAgG4Ata-_c8GwAIB0gIkMmFmYWYxMzUtYTE0Yi00ZWYxLTg1MDEtZWQyMTc0MTljN2M02AIB4AIB&ucfs=1&arphpl=1&checkin=2026-06-01&checkout=2026-06-02&group_adults=2&req_adults=2&no_rooms=1&group_children=0&req_children=0&hpos=6&hapos=31&sr_order=popularity&srpvid=b6e9732bc7a6002c&srepoch=1778343772&all_sr_blocks=1354885304_413710235_2_1_0&highlighted_blocks=1354885304_413710235_2_1_0&matching_block_id=1354885304_413710235_2_1_0&sr_pri_blocks=1354885304_413710235_2_1_0__6000&from=searchresults,5/9/2026
Luxor,Luxor apartment,738,EGP,2,0,1,7.9,101,"West Bank, Luxor",1.8 km from downtown,4,Apartment,One-Bedroom Apartment,Yes,Breakfast included,"Hot tub/Jacuzzi, Free parking, Bar",https://www.booking.com/hotel/eg/luxor-apartment-lqrn.html?aid=304142&label=gen173nr-10CAQoggI46wdIMVgEaEOIAQGYATO4ARfIAQzYAQPoAQH4AQGIAgGoAgG4Ata-_c8GwAIB0gIkMmFmYWYxMzUtYTE0Yi00ZWYxLTg1MDEtZWQyMTc0MTljN2M02AIB4AIB&ucfs=1&arphpl=1&checkin=2026-06-01&checkout=2026-06-02&group_adults=2&req_adults=2&no_rooms=1&group_children=0&req_children=0&hpos=7&hapos=32&sr_order=popularity&srpvid=b6e9732bc7a6002c&srepoch=1778343772&all_sr_blocks=1155492201_427340166_2_1_0&highlighted_blocks=1155492201_427340166_2_1_0&matching_block_id=1155492201_427340166_2_1_0&sr_pri_blocks=1155492201_427340166_2_1_0__1400&from=searchresults,5/9/2026
Luxor,Jewel Luxor Hotel Nile View,2952,EGP,2,0,1,7.5,48,"East Bank, Luxor",1.3 km from downtown,3,Hotel,Double Room,Yes,Breakfast included,"Restaurant, Free Wifi, 24-hour front desk",https://www.booking.com/hotel/eg/jewel-luxor-krank-nile-view.html?aid=304142&label=gen173nr-10CAQoggI46wdIMVgEaEOIAQGYATO4ARfIAQzYAQPoAQH4AQGIAgGoAgG4Ata-_c8GwAIB0gIkMmFmYWYxMzUtYTE0Yi00ZWYxLTg1MDEtZWQyMTc0MTljN2M02AIB4AIB&ucfs=1&arphpl=1&checkin=2026-06-01&checkout=2026-06-02&group_adults=2&req_adults=2&no_rooms=1&group_children=0&req_children=0&hpos=8&hapos=33&sr_order=popularity&srpvid=b6e9732bc7a6002c&srepoch=1778343772&all_sr_blocks=1546120101_425892197_2_1_0&highlighted_blocks=1546120101_425892197_2_1_0&matching_block_id=1546120101_425892197_2_1_0&sr_pri_blocks=1546120101_425892197_2_1_0__5600&from=searchresults,5/9/2026
Luxor,El Juneina Villas,3918,EGP,2,0,1,9.5,94,"West Bank, Luxor",5.3 km from downtown,5,Villa,Cleopatra Villa with Garden View,No,Breakfast included,"Free parking, Airport shuttle (free), Bar",https://www.booking.com/hotel/eg/al-juneina-villas.html?aid=304142&label=gen173nr-10CAQoggI46wdIMVgEaEOIAQGYATO4ARfIAQzYAQPoAQH4AQGIAgGoAgG4Ata-_c8GwAIB0gIkMmFmYWYxMzUtYTE0Yi00ZWYxLTg1MDEtZWQyMTc0MTljN2M02AIB4AIB&ucfs=1&arphpl=1&checkin=2026-06-01&checkout=2026-06-02&group_adults=2&req_adults=2&no_rooms=1&group_children=0&req_children=0&hpos=9&hapos=34&sr_order=popularity&srpvid=b6e9732bc7a6002c&srepoch=1778343772&all_sr_blocks=1445669405_415967504_2_9_0_1361151&highlighted_blocks=1445669405_415967504_2_9_0_1361151&matching_block_id=1445669405_415967504_2_9_0_1361151&sr_pri_blocks=1445669405_415967504_2_9_0_1361151_7432&from=searchresults,5/9/2026
Luxor,Amenti House - Private Villa & Retreat Center,2636,EGP,2,0,1,9.5,106,"West Bank, Luxor",1.7 km from downtown,4,Apartment,One-Bedroom Apartment with Pool View,Yes,Breakfast included,"Free parking, Bar, Free Wifi",https://www.booking.com/hotel/eg/amarna-palace-apartments.html?aid=304142&label=gen173nr-10CAQoggI46wdIMVgEaEOIAQGYATO4ARfIAQzYAQPoAQH4AQGIAgGoAgG4Ata-_c8GwAIB0gIkMmFmYWYxMzUtYTE0Yi00ZWYxLTg1MDEtZWQyMTc0MTljN2M02AIB4AIB&ucfs=1&arphpl=1&checkin=2026-06-01&checkout=2026-06-02&group_adults=2&req_adults=2&no_rooms=1&group_children=0&req_children=0&hpos=10&hapos=35&sr_order=popularity&srpvid=b6e9732bc7a6002c&srepoch=1778343772&all_sr_blocks=1314340001_404201736_2_1_0&highlighted_blocks=1314340001_404201736_2_1_0&matching_block_id=1314340001_404201736_2_1_0&sr_pri_blocks=1314340001_404201736_2_1_0__5000&from=searchresults,5/9/2026
Luxor,Eyaru Palace Nile View,1429,EGP,2,0,1,8.6,155,Luxor,14 km from downtown,3,Hotel,Double Room with Sea View,No,,"Free parking, Bar, Restaurant",https://www.booking.com/hotel/eg/eyaru-palace-nile-view.html?aid=304142&label=gen173nr-10CAQoggI46wdIMVgEaEOIAQGYATO4ARfIAQzYAQPoAQH4AQGIAgGoAgG4Ata-_c8GwAIB0gIkMmFmYWYxMzUtYTE0Yi00ZWYxLTg1MDEtZWQyMTc0MTljN2M02AIB4AIB&ucfs=1&arphpl=1&checkin=2026-06-01&checkout=2026-06-02&group_adults=2&req_adults=2&no_rooms=1&group_children=0&req_children=0&hpos=11&hapos=36&sr_order=popularity&srpvid=b6e9732bc7a6002c&srepoch=1778343772&all_sr_blocks=1284681301_401402885_0_42_0&highlighted_blocks=1284681301_401402885_0_42_0&matching_block_id=1284681301_401402885_0_42_0&sr_pri_blocks=1284681301_401402885_0_42_0__2710&from=searchresults,5/9/2026
Luxor,New Saint Catherine Hotel,1054,EGP,2,0,1,7.2,464,"East Bank, Luxor",250 m from downtown,2,Hotel,Budget Double or Twin Room,No,Breakfast included,"Free parking, Bar, Restaurant",https://www.booking.com/hotel/eg/new-sant-cathren.html?aid=304142&label=gen173nr-10CAQoggI46wdIMVgEaEOIAQGYATO4ARfIAQzYAQPoAQH4AQGIAgGoAgG4Ata-_c8GwAIB0gIkMmFmYWYxMzUtYTE0Yi00ZWYxLTg1MDEtZWQyMTc0MTljN2M02AIB4AIB&ucfs=1&arphpl=1&checkin=2026-06-01&checkout=2026-06-02&group_adults=2&req_adults=2&no_rooms=1&group_children=0&req_children=0&hpos=12&hapos=37&sr_order=popularity&srpvid=b6e9732bc7a6002c&srepoch=1778343772&all_sr_blocks=804674509_378812186_2_41_0&highlighted_blocks=804674509_378812186_2_41_0&matching_block_id=804674509_378812186_2_41_0&sr_pri_blocks=804674509_378812186_2_41_0__2000&from=searchresults,5/9/2026
Luxor,White Gorf Hotel,1972,EGP,2,0,1,9.2,74,"West Bank, Luxor",3.3 km from downtown,4,Apartment,One-Bedroom Apartment with Pool View,Yes,Breakfast included,"Free parking, Restaurant, Free Wifi",https://www.booking.com/hotel/eg/white-gorf-luxor.html?aid=304142&label=gen173nr-10CAQoggI46wdIMVgEaEOIAQGYATO4ARfIAQzYAQPoAQH4AQGIAgGoAgG4Ata-_c8GwAIB0gIkMmFmYWYxMzUtYTE0Yi00ZWYxLTg1MDEtZWQyMTc0MTljN2M02AIB4AIB&ucfs=1&arphpl=1&checkin=2026-06-01&checkout=2026-06-02&group_adults=2&req_adults=2&no_rooms=1&group_children=0&req_children=0&hpos=13&hapos=38&sr_order=popularity&srpvid=b6e9732bc7a6002c&srepoch=1778343772&all_sr_blocks=1573040803_431351581_2_41_0_1347110&highlighted_blocks=1573040803_431351581_2_41_0_1347110&matching_block_id=1573040803_431351581_2_41_0_1347110&sr_pri_blocks=1573040803_431351581_2_41_0_1347110_3740&from=searchresults,5/9/2026
Luxor,Boutique hotel Neferu Stay,5762,EGP,2,0,1,9.5,63,"West Bank, Luxor",1.7 km from downtown,,Hotel,Double Room,No,Breakfast included,"Free parking, Restaurant, 24-hour front desk",https://www.booking.com/hotel/eg/boutique-neferu-stay.html?aid=304142&label=gen173nr-10CAQoggI46wdIMVgEaEOIAQGYATO4ARfIAQzYAQPoAQH4AQGIAgGoAgG4Ata-_c8GwAIB0gIkMmFmYWYxMzUtYTE0Yi00ZWYxLTg1MDEtZWQyMTc0MTljN2M02AIB4AIB&ucfs=1&arphpl=1&checkin=2026-06-01&checkout=2026-06-02&group_adults=2&req_adults=2&no_rooms=1&group_children=0&req_children=0&hpos=14&hapos=39&sr_order=popularity&srpvid=b6e9732bc7a6002c&srepoch=1778343772&all_sr_blocks=1422722502_421085776_2_1_0&highlighted_blocks=1422722502_421085776_2_1_0&matching_block_id=1422722502_421085776_2_1_0&sr_pri_blocks=1422722502_421085776_2_1_0__10930&from=searchresults,5/9/2026
Luxor,Eldeak Hotel Apartments,1729,EGP,2,0,1,9.2,72,"West Bank, Luxor",1.5 km from downtown,4,Apartment,Two-Bedroom Studio Apartment,Yes,Breakfast included,"Free parking, Airport shuttle (free), Restaurant",https://www.booking.com/hotel/eg/eldeak-apartment.html?aid=304142&label=gen173nr-10CAQoggI46wdIMVgEaEOIAQGYATO4ARfIAQzYAQPoAQH4AQGIAgGoAgG4Ata-_c8GwAIB0gIkMmFmYWYxMzUtYTE0Yi00ZWYxLTg1MDEtZWQyMTc0MTljN2M02AIB4AIB&ucfs=1&arphpl=1&checkin=2026-06-01&checkout=2026-06-02&group_adults=2&req_adults=2&no_rooms=1&group_children=0&req_children=0&hpos=15&hapos=40&sr_order=popularity&srpvid=b6e9732bc7a6002c&srepoch=1778343772&all_sr_blocks=1355057708_421217467_4_1_0&highlighted_blocks=1355057708_421217467_4_1_0&matching_block_id=1355057708_421217467_4_1_0&sr_pri_blocks=1355057708_421217467_4_1_0__3279&from=searchresults,5/9/2026
Luxor,Luxor Villa Hatshepsut,1089,EGP,2,0,1,9.3,225,"West Bank, Luxor",4.3 km from downtown,3,Villa,Double or Twin Room with Bathroom,Yes,Breakfast included,"Free parking, Free Wifi, 24-hour front desk",https://www.booking.com/hotel/eg/luxor-apartment-hatshepsut.html?aid=304142&label=gen173nr-10CAQoggI46wdIMVgEaEOIAQGYATO4ARfIAQzYAQPoAQH4AQGIAgGoAgG4Ata-_c8GwAIB0gIkMmFmYWYxMzUtYTE0Yi00ZWYxLTg1MDEtZWQyMTc0MTljN2M02AIB4AIB&ucfs=1&arphpl=1&checkin=2026-06-01&checkout=2026-06-02&group_adults=2&req_adults=2&no_rooms=1&group_children=0&req_children=0&hpos=16&hapos=41&sr_order=popularity&srpvid=b6e9732bc7a6002c&srepoch=1778343772&all_sr_blocks=845457404_419977689_0_1_0_1185195&highlighted_blocks=845457404_419977689_0_1_0_1185195&matching_block_id=845457404_419977689_0_1_0_1185195&sr_pri_blocks=845457404_419977689_0_1_0_1185195_2066&from=searchresults,5/9/2026
Luxor,Al Mansi Luxury Retreat 1,2001,EGP,2,0,1,9.5,41,"West Bank, Luxor",1.9 km from downtown,4,Hotel,Deluxe Double Studio,Yes,Breakfast included,"Free parking, Bar, Free Wifi",https://www.booking.com/hotel/eg/al-mansi-luxury-retreat-luxor.html?aid=304142&label=gen173nr-10CAQoggI46wdIMVgEaEOIAQGYATO4ARfIAQzYAQPoAQH4AQGIAgGoAgG4Ata-_c8GwAIB0gIkMmFmYWYxMzUtYTE0Yi00ZWYxLTg1MDEtZWQyMTc0MTljN2M02AIB4AIB&ucfs=1&arphpl=1&checkin=2026-06-01&checkout=2026-06-02&group_adults=2&req_adults=2&no_rooms=1&group_children=0&req_children=0&hpos=17&hapos=42&sr_order=popularity&srpvid=b6e9732bc7a6002c&srepoch=1778343772&all_sr_blocks=1491078802_432749190_2_1_0&highlighted_blocks=1491078802_432749190_2_1_0&matching_block_id=1491078802_432749190_2_1_0&sr_pri_blocks=1491078802_432749190_2_1_0__3795&from=searchresults,5/9/2026
Luxor,Eye of Horus House,1582,EGP,2,0,1,8,122,"East Bank, Luxor",1.8 km from downtown,3,Apartment,Two-Bedroom Apartment,Yes,,"Free parking, Free Wifi",https://www.booking.com/hotel/eg/luxor-house.html?aid=304142&label=gen173nr-10CAQoggI46wdIMVgEaEOIAQGYATO4ARfIAQzYAQPoAQH4AQGIAgGoAgG4Ata-_c8GwAIB0gIkMmFmYWYxMzUtYTE0Yi00ZWYxLTg1MDEtZWQyMTc0MTljN2M02AIB4AIB&ucfs=1&arphpl=1&checkin=2026-06-01&checkout=2026-06-02&group_adults=2&req_adults=2&no_rooms=1&group_children=0&req_children=0&hpos=18&hapos=43&sr_order=popularity&srpvid=b6e9732bc7a6002c&srepoch=1778343772&all_sr_blocks=1302304001_403103466_4_0_0&highlighted_blocks=1302304001_403103466_4_0_0&matching_block_id=1302304001_403103466_4_0_0&sr_pri_blocks=1302304001_403103466_4_0_0__3000&from=searchresults,5/9/2026
Luxor,Tasneem Palace,928,EGP,2,0,1,9.7,236,"West Bank, Luxor",1.8 km from downtown,4,Apartment,Apartment - Ground Floor,Yes,,"Free parking, Bar, Free Wifi",https://www.booking.com/hotel/eg/tasnim-palace.html?aid=304142&label=gen173nr-10CAQoggI46wdIMVgEaEOIAQGYATO4ARfIAQzYAQPoAQH4AQGIAgGoAgG4Ata-_c8GwAIB0gIkMmFmYWYxMzUtYTE0Yi00ZWYxLTg1MDEtZWQyMTc0MTljN2M02AIB4AIB&ucfs=1&arphpl=1&checkin=2026-06-01&checkout=2026-06-02&group_adults=2&req_adults=2&no_rooms=1&group_children=0&req_children=0&hpos=19&hapos=44&sr_order=popularity&srpvid=b6e9732bc7a6002c&srepoch=1778343772&all_sr_blocks=798605703_340614494_2_0_0&highlighted_blocks=798605703_340614494_2_0_0&matching_block_id=798605703_340614494_2_0_0&sr_pri_blocks=798605703_340614494_2_0_0__1760&from=searchresults,5/9/2026
Luxor,Dar Lina Guesthouse Luxor,3370,EGP,2,0,1,9.5,75,"West Bank, Luxor",1.8 km from downtown,3,Hotel,Double Room with Balcony,Yes,,"Free parking, Free Wifi",https://www.booking.com/hotel/eg/sara-guesthouse-luxor.html?aid=304142&label=gen173nr-10CAQoggI46wdIMVgEaEOIAQGYATO4ARfIAQzYAQPoAQH4AQGIAgGoAgG4Ata-_c8GwAIB0gIkMmFmYWYxMzUtYTE0Yi00ZWYxLTg1MDEtZWQyMTc0MTljN2M02AIB4AIB&ucfs=1&arphpl=1&checkin=2026-06-01&checkout=2026-06-02&group_adults=2&req_adults=2&no_rooms=1&group_children=0&req_children=0&hpos=20&hapos=45&sr_order=popularity&srpvid=b6e9732bc7a6002c&srepoch=1778343772&all_sr_blocks=616288408_243367880_2_2_0&highlighted_blocks=616288408_243367880_2_2_0&matching_block_id=616288408_243367880_2_2_0&sr_pri_blocks=616288408_243367880_2_2_0__6393&from=searchresults,5/9/2026
Luxor,Happiness Guest House,1582,EGP,2,0,1,9.2,215,"West Bank, Luxor",1.7 km from downtown,4,Guest house,Deluxe Double Room,Yes,Breakfast included,"Free parking, Bar, Restaurant",https://www.booking.com/hotel/eg/happiness-guest-house.html?aid=304142&label=gen173nr-10CAQoggI46wdIMVgEaEOIAQGYATO4ARfIAQzYAQPoAQH4AQGIAgGoAgG4Ata-_c8GwAIB0gIkMmFmYWYxMzUtYTE0Yi00ZWYxLTg1MDEtZWQyMTc0MTljN2M02AIB4AIB&ucfs=1&arphpl=1&checkin=2026-06-01&checkout=2026-06-02&group_adults=2&req_adults=2&no_rooms=1&group_children=0&req_children=0&hpos=21&hapos=46&sr_order=popularity&srpvid=b6e9732bc7a6002c&srepoch=1778343772&all_sr_blocks=911495405_372220739_2_41_0&highlighted_blocks=911495405_372220739_2_41_0&matching_block_id=911495405_372220739_2_41_0&sr_pri_blocks=911495405_372220739_2_41_0__3000&from=searchresults,5/9/2026
Luxor,Jewel Howard Carter Hotel,1633,EGP,2,0,1,9,620,"West Bank, Luxor",3 km from downtown,,Hotel,Superior Double Room,No,Breakfast included,"Hot tub/Jacuzzi, Bar, Restaurant",https://www.booking.com/hotel/eg/howard-carter-guest-house.html?aid=304142&label=gen173nr-10CAQoggI46wdIMVgEaEOIAQGYATO4ARfIAQzYAQPoAQH4AQGIAgGoAgG4Ata-_c8GwAIB0gIkMmFmYWYxMzUtYTE0Yi00ZWYxLTg1MDEtZWQyMTc0MTljN2M02AIB4AIB&ucfs=1&arphpl=1&checkin=2026-06-01&checkout=2026-06-02&group_adults=2&req_adults=2&no_rooms=1&group_children=0&req_children=0&hpos=22&hapos=47&sr_order=popularity&srpvid=b6e9732bc7a6002c&srepoch=1778343772&all_sr_blocks=256638403_204600781_2_9_0&highlighted_blocks=256638403_204600781_2_9_0&matching_block_id=256638403_204600781_2_9_0&sr_pri_blocks=256638403_204600781_2_9_0__3097&from=searchresults,5/9/2026
Luxor,Blue Nile House,1921,EGP,2,0,1,9.3,499,"West Bank, Luxor",2.8 km from downtown,4,Apartment,One-Bedroom Apartment,Yes,Breakfast included,"Free parking, Restaurant, Free Wifi",https://www.booking.com/hotel/eg/blue-nile-house-luxor1.html?aid=304142&label=gen173nr-10CAQoggI46wdIMVgEaEOIAQGYATO4ARfIAQzYAQPoAQH4AQGIAgGoAgG4Ata-_c8GwAIB0gIkMmFmYWYxMzUtYTE0Yi00ZWYxLTg1MDEtZWQyMTc0MTljN2M02AIB4AIB&ucfs=1&arphpl=1&checkin=2026-06-01&checkout=2026-06-02&group_adults=2&req_adults=2&no_rooms=1&group_children=0&req_children=0&hpos=23&hapos=48&sr_order=popularity&srpvid=b6e9732bc7a6002c&srepoch=1778343772&all_sr_blocks=902884001_407384702_2_41_0_1140243&highlighted_blocks=902884001_407384702_2_41_0_1140243&matching_block_id=902884001_407384702_2_41_0_1140243&sr_pri_blocks=902884001_407384702_2_41_0_1140243_3643&from=searchresults,5/9/2026
Luxor,Golden Rose Guesthouse,474,EGP,2,0,1,9.5,75,"West Bank, Luxor",2.3 km from downtown,,Hotel,Triple Room with Shared Bathroom,Yes,Breakfast included,"Free parking, Free Wifi, 24-hour front desk",https://www.booking.com/hotel/eg/horus-guest-house-lqrn.html?aid=304142&label=gen173nr-10CAQoggI46wdIMVgEaEOIAQGYATO4ARfIAQzYAQPoAQH4AQGIAgGoAgG4Ata-_c8GwAIB0gIkMmFmYWYxMzUtYTE0Yi00ZWYxLTg1MDEtZWQyMTc0MTljN2M02AIB4AIB&ucfs=1&arphpl=1&checkin=2026-06-01&checkout=2026-06-02&group_adults=2&req_adults=2&no_rooms=1&group_children=0&req_children=0&hpos=24&hapos=49&sr_order=popularity&srpvid=b6e9732bc7a6002c&srepoch=1778343772&all_sr_blocks=1376211002_409753787_2_41_0&highlighted_blocks=1376211002_409753787_2_41_0&matching_block_id=1376211002_409753787_2_41_0&sr_pri_blocks=1376211002_409753787_2_41_0__900&from=searchresults,5/9/2026
Luxor,Ramla Palace House,2079,EGP,2,0,1,9.8,34,"West Bank, Luxor",1.5 km from downtown,4,Apartment,Two-Bedroom Apartment with Terrace,Yes,,"Free parking, Free Wifi, 24-hour front desk",https://www.booking.com/hotel/eg/qasr-el-nil-house-luxor.html?aid=304142&label=gen173nr-10CAQoggI46wdIMVgEaEOIAQGYATO4ARfIAQzYAQPoAQH4AQGIAgGoAgG4Ata-_c8GwAIB0gIkMmFmYWYxMzUtYTE0Yi00ZWYxLTg1MDEtZWQyMTc0MTljN2M02AIB4AIB&ucfs=1&arphpl=1&checkin=2026-06-01&checkout=2026-06-02&group_adults=2&req_adults=2&no_rooms=1&group_children=0&req_children=0&hpos=25&hapos=50&sr_order=popularity&srpvid=b6e9732bc7a6002c&srepoch=1778343772&all_sr_blocks=1573079203_431355494_2_42_0_1353576&highlighted_blocks=1573079203_431355494_2_42_0_1353576&matching_block_id=1573079203_431355494_2_42_0_1353576&sr_pri_blocks=1573079203_431355494_2_42_0_1353576_3944&from=searchresults,5/9/2026
Luxor,Winter House,2330,EGP,2,0,1,10,30,"East Bank, Luxor",1.3 km from downtown,4,Apartment,One-Bedroom Apartment,No,,"Free parking, Free Wifi, 24-hour front desk",https://www.booking.com/hotel/eg/winter-paradise.html?aid=304142&label=gen173nr-10CAQoggI46wdIMVgEaEOIAQGYATO4ARfIAQzYAQPoAQH4AQGIAgGoAgG4Ata-_c8GwAIB0gIkMmFmYWYxMzUtYTE0Yi00ZWYxLTg1MDEtZWQyMTc0MTljN2M02AIB4AIB&ucfs=1&arphpl=1&checkin=2026-06-01&checkout=2026-06-02&group_adults=2&req_adults=2&no_rooms=1&group_children=0&req_children=0&hpos=1&hapos=51&sr_order=popularity&srpvid=b6e9732bc7a6002c&srepoch=1778343775&all_sr_blocks=1396040907_411514669_2_0_0_889642&highlighted_blocks=1396040907_411514669_2_0_0_889642&matching_block_id=1396040907_411514669_2_0_0_889642&sr_pri_blocks=1396040907_411514669_2_0_0_889642_4420&from=searchresults,5/9/2026
Luxor,Morning Star Apartment,1300,EGP,2,0,1,8.7,82,"West Bank, Luxor",1.5 km from downtown,4,Apartment,Two-Bedroom Apartment with Balcony,Yes,Breakfast included,"Free parking, Free Wifi",https://www.booking.com/hotel/eg/morning-star.html?aid=304142&label=gen173nr-10CAQoggI46wdIMVgEaEOIAQGYATO4ARfIAQzYAQPoAQH4AQGIAgGoAgG4Ata-_c8GwAIB0gIkMmFmYWYxMzUtYTE0Yi00ZWYxLTg1MDEtZWQyMTc0MTljN2M02AIB4AIB&ucfs=1&arphpl=1&checkin=2026-06-01&checkout=2026-06-02&group_adults=2&req_adults=2&no_rooms=1&group_children=0&req_children=0&hpos=2&hapos=52&sr_order=popularity&srpvid=b6e9732bc7a6002c&srepoch=1778343775&all_sr_blocks=1283046509_427963498_2_41_0&highlighted_blocks=1283046509_427963498_2_41_0&matching_block_id=1283046509_427963498_2_41_0&sr_pri_blocks=1283046509_427963498_2_41_0__2465&from=searchresults,5/9/2026
Luxor,Grand Square Hostel Luxor,472,EGP,2,0,1,8.2,486,"East Bank, Luxor",1 km from downtown,,Hostel,Double or Twin Room with Shared Bathroom,Yes,Breakfast included,"Free parking, Free Wifi, 24-hour front desk",https://www.booking.com/hotel/eg/grand-square-hostel-luxor.html?aid=304142&label=gen173nr-10CAQoggI46wdIMVgEaEOIAQGYATO4ARfIAQzYAQPoAQH4AQGIAgGoAgG4Ata-_c8GwAIB0gIkMmFmYWYxMzUtYTE0Yi00ZWYxLTg1MDEtZWQyMTc0MTljN2M02AIB4AIB&ucfs=1&arphpl=1&checkin=2026-06-01&checkout=2026-06-02&group_adults=2&req_adults=2&no_rooms=1&group_children=0&req_children=0&hpos=3&hapos=53&sr_order=popularity&srpvid=b6e9732bc7a6002c&srepoch=1778343775&all_sr_blocks=1313986704_425563865_0_1_0&highlighted_blocks=1313986704_425563865_0_1_0&matching_block_id=1313986704_425563865_0_1_0&sr_pri_blocks=1313986704_425563865_0_1_0__895&from=searchresults,5/9/2026
Luxor,Rezeiky Hotel & Camp 您在盧克索的第二個家,1054,EGP,2,0,1,7.9,1890,"East Bank, Luxor",1 km from downtown,3,Hotel,Honeymoon Room,Yes,Breakfast included,"Bar, Restaurant, Free Wifi",https://www.booking.com/hotel/eg/rezeiky-campsite-and-luxor.html?aid=304142&label=gen173nr-10CAQoggI46wdIMVgEaEOIAQGYATO4ARfIAQzYAQPoAQH4AQGIAgGoAgG4Ata-_c8GwAIB0gIkMmFmYWYxMzUtYTE0Yi00ZWYxLTg1MDEtZWQyMTc0MTljN2M02AIB4AIB&ucfs=1&arphpl=1&checkin=2026-06-01&checkout=2026-06-02&group_adults=2&req_adults=2&no_rooms=1&group_children=0&req_children=0&hpos=4&hapos=54&sr_order=popularity&srpvid=b6e9732bc7a6002c&srepoch=1778343775&all_sr_blocks=36113919_426166517_0_41_0&highlighted_blocks=36113919_426166517_0_41_0&matching_block_id=36113919_426166517_0_41_0&sr_pri_blocks=36113919_426166517_0_41_0__2000&from=searchresults,5/9/2026
Luxor,Villa Desert Rose,1845,EGP,2,0,1,9,117,"West Bank, Luxor",2.4 km from downtown,3,Apartment,Superior Apartment,Yes,Breakfast included,"Free parking, Free Wifi, 24-hour front desk",https://www.booking.com/hotel/eg/villa-desert-rose.html?aid=304142&label=gen173nr-10CAQoggI46wdIMVgEaEOIAQGYATO4ARfIAQzYAQPoAQH4AQGIAgGoAgG4Ata-_c8GwAIB0gIkMmFmYWYxMzUtYTE0Yi00ZWYxLTg1MDEtZWQyMTc0MTljN2M02AIB4AIB&ucfs=1&arphpl=1&checkin=2026-06-01&checkout=2026-06-02&group_adults=2&req_adults=2&no_rooms=1&group_children=0&req_children=0&hpos=5&hapos=55&sr_order=popularity&srpvid=b6e9732bc7a6002c&srepoch=1778343775&all_sr_blocks=1145113102_387350774_2_1_0&highlighted_blocks=1145113102_387350774_2_1_0&matching_block_id=1145113102_387350774_2_1_0&sr_pri_blocks=1145113102_387350774_2_1_0__3500&from=searchresults,5/9/2026
Luxor,Luxor hotel Bella Vista Apartments and Hotel,717,EGP,2,0,1,8.2,157,"West Bank, Luxor",1.7 km from downtown,4,Apartment,Studio Apartment,Yes,,"Restaurant, 24-hour front desk",https://www.booking.com/hotel/eg/luxor-bella-vista-apartments.html?aid=304142&label=gen173nr-10CAQoggI46wdIMVgEaEOIAQGYATO4ARfIAQzYAQPoAQH4AQGIAgGoAgG4Ata-_c8GwAIB0gIkMmFmYWYxMzUtYTE0Yi00ZWYxLTg1MDEtZWQyMTc0MTljN2M02AIB4AIB&ucfs=1&arphpl=1&checkin=2026-06-01&checkout=2026-06-02&group_adults=2&req_adults=2&no_rooms=1&group_children=0&req_children=0&hpos=6&hapos=56&sr_order=popularity&srpvid=b6e9732bc7a6002c&srepoch=1778343775&all_sr_blocks=570553304_218156730_2_42_0&highlighted_blocks=570553304_218156730_2_42_0&matching_block_id=570553304_218156730_2_42_0&sr_pri_blocks=570553304_218156730_2_42_0__1360&from=searchresults,5/9/2026
Luxor,Villa Diletta Luxor,896,EGP,2,0,1,9.5,160,"West Bank, Luxor",1.6 km from downtown,4,Apartment,Deluxe Apartment with Garden,Yes,,"Free parking, Free Wifi, 24-hour front desk",https://www.booking.com/hotel/eg/villa-diletta-luxor.html?aid=304142&label=gen173nr-10CAQoggI46wdIMVgEaEOIAQGYATO4ARfIAQzYAQPoAQH4AQGIAgGoAgG4Ata-_c8GwAIB0gIkMmFmYWYxMzUtYTE0Yi00ZWYxLTg1MDEtZWQyMTc0MTljN2M02AIB4AIB&ucfs=1&arphpl=1&checkin=2026-06-01&checkout=2026-06-02&group_adults=2&req_adults=2&no_rooms=1&group_children=0&req_children=0&hpos=7&hapos=57&sr_order=popularity&srpvid=b6e9732bc7a6002c&srepoch=1778343775&all_sr_blocks=71576703_288297959_2_42_0&highlighted_blocks=71576703_288297959_2_42_0&matching_block_id=71576703_288297959_2_42_0&sr_pri_blocks=71576703_288297959_2_42_0__1700&from=searchresults,5/9/2026
Luxor,Luxor Old Nile Hotel,712,EGP,2,0,1,8.9,419,"West Bank, Luxor",1.6 km from downtown,,Hotel,Deluxe Double Room,No,,"Bar, Restaurant, Free Wifi",https://www.booking.com/hotel/eg/old-nile.html?aid=304142&label=gen173nr-10CAQoggI46wdIMVgEaEOIAQGYATO4ARfIAQzYAQPoAQH4AQGIAgGoAgG4Ata-_c8GwAIB0gIkMmFmYWYxMzUtYTE0Yi00ZWYxLTg1MDEtZWQyMTc0MTljN2M02AIB4AIB&ucfs=1&arphpl=1&checkin=2026-06-01&checkout=2026-06-02&group_adults=2&req_adults=2&no_rooms=1&group_children=0&req_children=0&hpos=8&hapos=58&sr_order=popularity&srpvid=b6e9732bc7a6002c&srepoch=1778343775&all_sr_blocks=727844901_311103060_2_42_0&highlighted_blocks=727844901_311103060_2_42_0&matching_block_id=727844901_311103060_2_42_0&sr_pri_blocks=727844901_311103060_2_42_0__1350&from=searchresults,5/9/2026
Luxor,New Memnon Hotel,2689,EGP,2,0,1,9.4,761,"West Bank, Luxor",4.1 km from downtown,3,Hotel,Double Room with Garden View,Yes,Breakfast included,"Restaurant, Free Wifi, 24-hour front desk",https://www.booking.com/hotel/eg/new-memnon.html?aid=304142&label=gen173nr-10CAQoggI46wdIMVgEaEOIAQGYATO4ARfIAQzYAQPoAQH4AQGIAgGoAgG4Ata-_c8GwAIB0gIkMmFmYWYxMzUtYTE0Yi00ZWYxLTg1MDEtZWQyMTc0MTljN2M02AIB4AIB&ucfs=1&arphpl=1&checkin=2026-06-01&checkout=2026-06-02&group_adults=2&req_adults=2&no_rooms=1&group_children=0&req_children=0&hpos=9&hapos=59&sr_order=popularity&srpvid=b6e9732bc7a6002c&srepoch=1778343775&all_sr_blocks=36845408_226094370_2_41_0&highlighted_blocks=36845408_226094370_2_41_0&matching_block_id=36845408_226094370_2_41_0&sr_pri_blocks=36845408_226094370_2_41_0__5100&from=searchresults,5/9/2026
Luxor,signature house Luxor,1285,EGP,2,0,1,8,41,"East Bank, Luxor",2.3 km from downtown,3,Apartment,One-Bedroom Apartment,No,,"Free Wifi, 24-hour front desk",https://www.booking.com/hotel/eg/signature-house-luxor.html?aid=304142&label=gen173nr-10CAQoggI46wdIMVgEaEOIAQGYATO4ARfIAQzYAQPoAQH4AQGIAgGoAgG4Ata-_c8GwAIB0gIkMmFmYWYxMzUtYTE0Yi00ZWYxLTg1MDEtZWQyMTc0MTljN2M02AIB4AIB&ucfs=1&arphpl=1&checkin=2026-06-01&checkout=2026-06-02&group_adults=2&req_adults=2&no_rooms=1&group_children=0&req_children=0&hpos=10&hapos=60&sr_order=popularity&srpvid=b6e9732bc7a6002c&srepoch=1778343775&all_sr_blocks=1529829201_424527268_0_2_0&highlighted_blocks=1529829201_424527268_0_2_0&matching_block_id=1529829201_424527268_0_2_0&sr_pri_blocks=1529829201_424527268_0_2_0__2438&from=searchresults,5/9/2026
Luxor,Villa Ramses,1993,EGP,2,0,1,9.1,20,"West Bank, Luxor",1.7 km from downtown,,Villa,Deluxe Double Room,No,Breakfast included,"Free parking, Free Wifi",https://www.booking.com/hotel/eg/villa-ramses.html?aid=304142&label=gen173nr-10CAQoggI46wdIMVgEaEOIAQGYATO4ARfIAQzYAQPoAQH4AQGIAgGoAgG4Ata-_c8GwAIB0gIkMmFmYWYxMzUtYTE0Yi00ZWYxLTg1MDEtZWQyMTc0MTljN2M02AIB4AIB&ucfs=1&arphpl=1&checkin=2026-06-01&checkout=2026-06-02&group_adults=2&req_adults=2&no_rooms=1&group_children=0&req_children=0&hpos=11&hapos=61&sr_order=popularity&srpvid=b6e9732bc7a6002c&srepoch=1778343775&all_sr_blocks=1549406701_426165319_2_1_0&highlighted_blocks=1549406701_426165319_2_1_0&matching_block_id=1549406701_426165319_2_1_0&sr_pri_blocks=1549406701_426165319_2_1_0__3780&from=searchresults,5/9/2026
Luxor,Nour House,1582,EGP,2,0,1,9.5,55,"West Bank, Luxor",3.2 km from downtown,4,Hotel,Studio with Pool View,Yes,Breakfast included,Free Wifi,https://www.booking.com/hotel/eg/nour-house.html?aid=304142&label=gen173nr-10CAQoggI46wdIMVgEaEOIAQGYATO4ARfIAQzYAQPoAQH4AQGIAgGoAgG4Ata-_c8GwAIB0gIkMmFmYWYxMzUtYTE0Yi00ZWYxLTg1MDEtZWQyMTc0MTljN2M02AIB4AIB&ucfs=1&arphpl=1&checkin=2026-06-01&checkout=2026-06-02&group_adults=2&req_adults=2&no_rooms=1&group_children=0&req_children=0&hpos=12&hapos=62&sr_order=popularity&srpvid=b6e9732bc7a6002c&srepoch=1778343775&all_sr_blocks=332273504_223974252_2_1_0&highlighted_blocks=332273504_223974252_2_1_0&matching_block_id=332273504_223974252_2_1_0&sr_pri_blocks=332273504_223974252_2_1_0__3000&from=searchresults,5/9/2026
Luxor,Blue Lotus House,633,EGP,2,0,1,8.3,87,"West Bank, Luxor",1.9 km from downtown,3,Hotel,Studio,Yes,,"Free parking, Free Wifi",https://www.booking.com/hotel/eg/white-house-luxor.html?aid=304142&label=gen173nr-10CAQoggI46wdIMVgEaEOIAQGYATO4ARfIAQzYAQPoAQH4AQGIAgGoAgG4Ata-_c8GwAIB0gIkMmFmYWYxMzUtYTE0Yi00ZWYxLTg1MDEtZWQyMTc0MTljN2M02AIB4AIB&ucfs=1&arphpl=1&checkin=2026-06-01&checkout=2026-06-02&group_adults=2&req_adults=2&no_rooms=1&group_children=0&req_children=0&hpos=13&hapos=63&sr_order=popularity&srpvid=b6e9732bc7a6002c&srepoch=1778343775&all_sr_blocks=1324262504_405074330_2_0_0&highlighted_blocks=1324262504_405074330_2_0_0&matching_block_id=1324262504_405074330_2_0_0&sr_pri_blocks=1324262504_405074330_2_0_0__1200&from=searchresults,5/9/2026
Luxor,House of Hathor,7644,EGP,2,0,1,8.9,31,Luxor,16.5 km from downtown,4,Hotel,Five-Bedroom House,No,,"Free parking, Bar, Free Wifi",https://www.booking.com/hotel/eg/house-of-hathor.html?aid=304142&label=gen173nr-10CAQoggI46wdIMVgEaEOIAQGYATO4ARfIAQzYAQPoAQH4AQGIAgGoAgG4Ata-_c8GwAIB0gIkMmFmYWYxMzUtYTE0Yi00ZWYxLTg1MDEtZWQyMTc0MTljN2M02AIB4AIB&ucfs=1&arphpl=1&checkin=2026-06-01&checkout=2026-06-02&group_adults=2&req_adults=2&no_rooms=1&group_children=0&req_children=0&hpos=14&hapos=64&sr_order=popularity&srpvid=b6e9732bc7a6002c&srepoch=1778343775&all_sr_blocks=154092201_88158277_2_42_0&highlighted_blocks=154092201_88158277_2_42_0&matching_block_id=154092201_88158277_2_42_0&sr_pri_blocks=154092201_88158277_2_42_0__14500&from=searchresults,5/9/2026
Luxor,Toutankhamon,2610,EGP,2,0,1,9.3,25,"West Bank, Luxor",1.3 km from downtown,,Hotel,Double Room with Private Bathroom,No,,Free Wifi,https://www.booking.com/hotel/eg/toutankhamon.html?aid=304142&label=gen173nr-10CAQoggI46wdIMVgEaEOIAQGYATO4ARfIAQzYAQPoAQH4AQGIAgGoAgG4Ata-_c8GwAIB0gIkMmFmYWYxMzUtYTE0Yi00ZWYxLTg1MDEtZWQyMTc0MTljN2M02AIB4AIB&ucfs=1&arphpl=1&checkin=2026-06-01&checkout=2026-06-02&group_adults=2&req_adults=2&no_rooms=1&group_children=0&req_children=0&hpos=15&hapos=65&sr_order=popularity&srpvid=b6e9732bc7a6002c&srepoch=1778343775&all_sr_blocks=1361576201_408469688_2_42_0&highlighted_blocks=1361576201_408469688_2_42_0&matching_block_id=1361576201_408469688_2_42_0&sr_pri_blocks=1361576201_408469688_2_42_0__4950&from=searchresults,5/9/2026
Luxor,Nile Cruises 5 Stars From From Aswan 03 Nights -From Luxor 04 Nights,48017,EGP,2,0,1,,,"East Bank, Luxor",1.3 km from downtown,5,Inn,Budget Double Room,Yes,All meals included,"Heated pool, Airport shuttle (free), Spa",https://www.booking.com/hotel/eg/nile-cruises-from-luxor-04-amp-07-nights-each-monday-from-aswan-03-amp-07-nights.html?aid=304142&label=gen173nr-10CAQoggI46wdIMVgEaEOIAQGYATO4ARfIAQzYAQPoAQH4AQGIAgGoAgG4Ata-_c8GwAIB0gIkMmFmYWYxMzUtYTE0Yi00ZWYxLTg1MDEtZWQyMTc0MTljN2M02AIB4AIB&ucfs=1&arphpl=1&checkin=2026-06-01&checkout=2026-06-02&group_adults=2&req_adults=2&no_rooms=1&group_children=0&req_children=0&hpos=16&hapos=66&sr_order=popularity&srpvid=b6e9732bc7a6002c&srepoch=1778343775&all_sr_blocks=441487118_147610078_2_21_0&highlighted_blocks=441487118_147610078_2_21_0&matching_block_id=441487118_147610078_2_21_0&sr_pri_blocks=441487118_147610078_2_21_0__91080&from=searchresults,5/9/2026
Luxor,Luxor flats and apartments,1561,EGP,2,0,1,9.1,13,"East Bank, Luxor",3.1 km from downtown,3,Apartment,Two-Bedroom Apartment with Balcony,Yes,Breakfast included,Free Wifi,https://www.booking.com/hotel/eg/quiet-mode.html?aid=304142&label=gen173nr-10CAQoggI46wdIMVgEaEOIAQGYATO4ARfIAQzYAQPoAQH4AQGIAgGoAgG4Ata-_c8GwAIB0gIkMmFmYWYxMzUtYTE0Yi00ZWYxLTg1MDEtZWQyMTc0MTljN2M02AIB4AIB&ucfs=1&arphpl=1&checkin=2026-06-01&checkout=2026-06-02&group_adults=2&req_adults=2&no_rooms=1&group_children=0&req_children=0&hpos=17&hapos=67&sr_order=popularity&srpvid=b6e9732bc7a6002c&srepoch=1778343775&all_sr_blocks=1570261801_429261443_0_1_0&highlighted_blocks=1570261801_429261443_0_1_0&matching_block_id=1570261801_429261443_0_1_0&sr_pri_blocks=1570261801_429261443_0_1_0__2960&from=searchresults,5/9/2026
Luxor,Home of ISIS,902,EGP,2,0,1,9.9,74,"West Bank, Luxor",1.8 km from downtown,3,Hotel,Deluxe Double or Twin Room with Balcony,No,Breakfast included,"Free parking, Restaurant, Free Wifi",https://www.booking.com/hotel/eg/home-of-isis-guesthouse.html?aid=304142&label=gen173nr-10CAQoggI46wdIMVgEaEOIAQGYATO4ARfIAQzYAQPoAQH4AQGIAgGoAgG4Ata-_c8GwAIB0gIkMmFmYWYxMzUtYTE0Yi00ZWYxLTg1MDEtZWQyMTc0MTljN2M02AIB4AIB&ucfs=1&arphpl=1&checkin=2026-06-01&checkout=2026-06-02&group_adults=2&req_adults=2&no_rooms=1&group_children=0&req_children=0&hpos=18&hapos=68&sr_order=popularity&srpvid=b6e9732bc7a6002c&srepoch=1778343775&all_sr_blocks=1542698205_425626872_2_1_0&highlighted_blocks=1542698205_425626872_2_1_0&matching_block_id=1542698205_425626872_2_1_0&sr_pri_blocks=1542698205_425626872_2_1_0__1710&from=searchresults,5/9/2026
Luxor,M/Y Alexander The Great Nile Cruise - 4 Nights Every Monday From Luxor - 3 Nights Every Friday from Aswan,32555,EGP,2,0,1,7.1,23,"East Bank, Luxor",6.7 km from downtown,5,Inn,Suite with River View without Sightseeing,No,All meals included,"Hot tub/Jacuzzi, Heated pool, Free parking",https://www.booking.com/hotel/eg/m-47-s-alexander-the-great.html?aid=304142&label=gen173nr-10CAQoggI46wdIMVgEaEOIAQGYATO4ARfIAQzYAQPoAQH4AQGIAgGoAgG4Ata-_c8GwAIB0gIkMmFmYWYxMzUtYTE0Yi00ZWYxLTg1MDEtZWQyMTc0MTljN2M02AIB4AIB&ucfs=1&arphpl=1&checkin=2026-06-01&checkout=2026-06-02&group_adults=2&req_adults=2&no_rooms=1&group_children=0&req_children=0&hpos=19&hapos=69&sr_order=popularity&srpvid=b6e9732bc7a6002c&srepoch=1778343775&all_sr_blocks=216985904_220501108_3_21_0_376055&highlighted_blocks=216985904_220501108_3_21_0_376055&matching_block_id=216985904_220501108_3_21_0_376055&sr_pri_blocks=216985904_220501108_3_21_0_376055_61750&from=searchresults,5/9/2026
Luxor,Lotus Luxor Hotel,2911,EGP,2,0,1,8.3,1386,"East Bank, Luxor (Nile River Luxor)",2.2 km from downtown,4,Hotel,Standard Twin Room Nile View,Yes,Breakfast included,"Free parking, Bar, Restaurant",https://www.booking.com/hotel/eg/lotus-luxor-luxor.html?aid=304142&label=gen173nr-10CAQoggI46wdIMVgEaEOIAQGYATO4ARfIAQzYAQPoAQH4AQGIAgGoAgG4Ata-_c8GwAIB0gIkMmFmYWYxMzUtYTE0Yi00ZWYxLTg1MDEtZWQyMTc0MTljN2M02AIB4AIB&ucfs=1&arphpl=1&checkin=2026-06-01&checkout=2026-06-02&group_adults=2&req_adults=2&no_rooms=1&group_children=0&req_children=0&hpos=20&hapos=70&sr_order=popularity&srpvid=b6e9732bc7a6002c&srepoch=1778343775&all_sr_blocks=17154801_0_2_1_0&highlighted_blocks=17154801_0_2_1_0&matching_block_id=17154801_0_2_1_0&sr_pri_blocks=17154801_0_2_1_0__5521&from=searchresults,5/9/2026
Luxor,Venus Hotel Luxor 日本人 大歓迎,1306,EGP,2,0,1,7.2,803,"East Bank, Luxor",350 m from downtown,,Hotel,Double or Twin Room,No,Breakfast included,"Free parking, Restaurant, Free Wifi",https://www.booking.com/hotel/eg/venus-hostel.html?aid=304142&label=gen173nr-10CAQoggI46wdIMVgEaEOIAQGYATO4ARfIAQzYAQPoAQH4AQGIAgGoAgG4Ata-_c8GwAIB0gIkMmFmYWYxMzUtYTE0Yi00ZWYxLTg1MDEtZWQyMTc0MTljN2M02AIB4AIB&ucfs=1&arphpl=1&checkin=2026-06-01&checkout=2026-06-02&group_adults=2&req_adults=2&no_rooms=1&group_children=0&req_children=0&hpos=21&hapos=71&sr_order=popularity&srpvid=b6e9732bc7a6002c&srepoch=1778343775&all_sr_blocks=102083501_0_2_1_0&highlighted_blocks=102083501_0_2_1_0&matching_block_id=102083501_0_2_1_0&sr_pri_blocks=102083501_0_2_1_0__2477&from=searchresults,5/9/2026
Luxor,Beit Al Madina,2636,EGP,2,0,1,9.8,43,"West Bank, Luxor",4.3 km from downtown,,Hotel,Deluxe Twin Room,Yes,Breakfast included,"Free parking, Free Wifi",https://www.booking.com/hotel/eg/beit-al-madina-luxor.html?aid=304142&label=gen173nr-10CAQoggI46wdIMVgEaEOIAQGYATO4ARfIAQzYAQPoAQH4AQGIAgGoAgG4Ata-_c8GwAIB0gIkMmFmYWYxMzUtYTE0Yi00ZWYxLTg1MDEtZWQyMTc0MTljN2M02AIB4AIB&ucfs=1&arphpl=1&checkin=2026-06-01&checkout=2026-06-02&group_adults=2&req_adults=2&no_rooms=1&group_children=0&req_children=0&hpos=22&hapos=72&sr_order=popularity&srpvid=b6e9732bc7a6002c&srepoch=1778343775&all_sr_blocks=1542613205_425621698_2_1_0&highlighted_blocks=1542613205_425621698_2_1_0&matching_block_id=1542613205_425621698_2_1_0&sr_pri_blocks=1542613205_425621698_2_1_0__5000&from=searchresults,5/9/2026
Luxor,Al Moudira Hotel,16002,EGP,2,0,1,9.6,557,Luxor,9.6 km from downtown,5,Hotel,Deluxe Suite Double or Twin Room,Yes,,"Heated pool, Free parking, Spa",https://www.booking.com/hotel/eg/al-moudira.html?aid=304142&label=gen173nr-10CAQoggI46wdIMVgEaEOIAQGYATO4ARfIAQzYAQPoAQH4AQGIAgGoAgG4Ata-_c8GwAIB0gIkMmFmYWYxMzUtYTE0Yi00ZWYxLTg1MDEtZWQyMTc0MTljN2M02AIB4AIB&ucfs=1&arphpl=1&checkin=2026-06-01&checkout=2026-06-02&group_adults=2&req_adults=2&no_rooms=1&group_children=0&req_children=0&hpos=23&hapos=73&sr_order=popularity&srpvid=b6e9732bc7a6002c&srepoch=1778343775&all_sr_blocks=43648001_334365040_2_42_0_175499&highlighted_blocks=43648001_334365040_2_42_0_175499&matching_block_id=43648001_334365040_2_42_0_175499&sr_pri_blocks=43648001_334365040_2_42_0_175499_30352&from=searchresults,5/9/2026
Luxor,Bob Marley Peace hotel luxor,949,EGP,2,0,1,8.9,777,"East Bank, Luxor",1 km from downtown,2,Hotel,Double Room with Private Bathroom,Yes,Breakfast included,"Free parking, Restaurant, Free Wifi",https://www.booking.com/hotel/eg/nubin-house-hostel-luxor.html?aid=304142&label=gen173nr-10CAQoggI46wdIMVgEaEOIAQGYATO4ARfIAQzYAQPoAQH4AQGIAgGoAgG4Ata-_c8GwAIB0gIkMmFmYWYxMzUtYTE0Yi00ZWYxLTg1MDEtZWQyMTc0MTljN2M02AIB4AIB&ucfs=1&arphpl=1&checkin=2026-06-01&checkout=2026-06-02&group_adults=2&req_adults=2&no_rooms=1&group_children=0&req_children=0&hpos=24&hapos=74&sr_order=popularity&srpvid=b6e9732bc7a6002c&srepoch=1778343775&all_sr_blocks=1053950121_377583954_2_1_0&highlighted_blocks=1053950121_377583954_2_1_0&matching_block_id=1053950121_377583954_2_1_0&sr_pri_blocks=1053950121_377583954_2_1_0__1800&from=searchresults,5/9/2026
Luxor,Tara Apartments,1292,EGP,2,0,1,9.2,180,"West Bank, Luxor",1.4 km from downtown,4,Apartment,Two-Bedroom Apartment with Pool View,Yes,,"Free parking, Bar, Free Wifi",https://www.booking.com/hotel/eg/tara-apartments.html?aid=304142&label=gen173nr-10CAQoggI46wdIMVgEaEOIAQGYATO4ARfIAQzYAQPoAQH4AQGIAgGoAgG4Ata-_c8GwAIB0gIkMmFmYWYxMzUtYTE0Yi00ZWYxLTg1MDEtZWQyMTc0MTljN2M02AIB4AIB&ucfs=1&arphpl=1&checkin=2026-06-01&checkout=2026-06-02&group_adults=2&req_adults=2&no_rooms=1&group_children=0&req_children=0&hpos=25&hapos=75&sr_order=popularity&srpvid=b6e9732bc7a6002c&srepoch=1778343775&all_sr_blocks=712342802_297721576_0_0_0&highlighted_blocks=712342802_297721576_0_0_0&matching_block_id=712342802_297721576_0_0_0&sr_pri_blocks=712342802_297721576_0_0_0__2450&from=searchresults,5/9/2026
Aswan,Pyramisa Island Hotel Aswan,4492,EGP,2,0,1,8.8,3015,Aswan,2.1 km from downtown,5,Hotel,Standard Double Room Garden View,Yes,Breakfast included,"Hot tub/Jacuzzi, Free parking, Spa",https://www.booking.com/hotel/eg/lti-pyramisa-isis-island-aswan.html?aid=304142&label=gen173nr-10CAQoggI46wdIMVgEaEOIAQGYATO4ARfIAQzYAQPoAQH4AQGIAgGoAgG4Are__c8GwAIB0gIkMWFjMzMzYWQtMmM1NC00OGY5LWJjNmYtYzNkNzEzMmRhMGJk2AIB4AIB&ucfs=1&arphpl=1&checkin=2026-06-01&checkout=2026-06-02&group_adults=2&req_adults=2&no_rooms=1&group_children=0&req_children=0&hpos=1&hapos=1&sr_order=popularity&srpvid=d38a735b0cb50700&srepoch=1778343885&all_sr_blocks=1603011_201862224_0_41_0&highlighted_blocks=1603011_201862224_0_41_0&matching_block_id=1603011_201862224_0_41_0&sr_pri_blocks=1603011_201862224_0_41_0__8521&from=searchresults,5/9/2026
Aswan,ASWAN NILE PALACE (swimming pool-rooftop-Nile view),1634,EGP,2,0,1,8.7,1332,Aswan,2.6 km from downtown,4,Hotel,Double or Twin Room with Private Bathroom,No,,"Free parking, Free Wifi",https://www.booking.com/hotel/eg/aswan-nile-palace-swimming-pool-rooftop-nile-view.html?aid=304142&label=gen173nr-10CAQoggI46wdIMVgEaEOIAQGYATO4ARfIAQzYAQPoAQH4AQGIAgGoAgG4Are__c8GwAIB0gIkMWFjMzMzYWQtMmM1NC00OGY5LWJjNmYtYzNkNzEzMmRhMGJk2AIB4AIB&ucfs=1&arphpl=1&checkin=2026-06-01&checkout=2026-06-02&group_adults=2&req_adults=2&no_rooms=1&group_children=0&req_children=0&hpos=2&hapos=2&sr_order=popularity&srpvid=d38a735b0cb50700&srepoch=1778343890&all_sr_blocks=802186806_364189535_0_0_0&highlighted_blocks=802186806_364189535_0_0_0&matching_block_id=802186806_364189535_0_0_0&sr_pri_blocks=802186806_364189535_0_0_0__3100&from=searchresults,5/9/2026
Aswan,Basma Hotel Aswan,5128,EGP,2,0,1,8.4,1290,Aswan,1.7 km from downtown,4,Hotel,Deluxe Double or Twin Room with City View,Yes,Breakfast included,"Free parking, Bar, Restaurant",https://www.booking.com/hotel/eg/basma-aswan.html?aid=304142&label=gen173nr-10CAQoggI46wdIMVgEaEOIAQGYATO4ARfIAQzYAQPoAQH4AQGIAgGoAgG4Are__c8GwAIB0gIkMWFjMzMzYWQtMmM1NC00OGY5LWJjNmYtYzNkNzEzMmRhMGJk2AIB4AIB&ucfs=1&arphpl=1&checkin=2026-06-01&checkout=2026-06-02&group_adults=2&req_adults=2&no_rooms=1&group_children=0&req_children=0&hpos=3&hapos=3&sr_order=popularity&srpvid=d38a735b0cb50700&srepoch=1778343890&all_sr_blocks=30591907_431676099_2_41_0&highlighted_blocks=30591907_431676099_2_41_0&matching_block_id=30591907_431676099_2_41_0&sr_pri_blocks=30591907_431676099_2_41_0__9727&from=searchresults,5/9/2026
Aswan,Pajama Hostel Nile View,1054,EGP,2,0,1,9.2,175,Aswan,450 m from downtown,,Hostel,4-Bed Male Dormitory Room,Yes,,"Free parking, Bar, Free Wifi",https://www.booking.com/hotel/eg/pajama-hostel.html?aid=304142&label=gen173nr-10CAQoggI46wdIMVgEaEOIAQGYATO4ARfIAQzYAQPoAQH4AQGIAgGoAgG4Are__c8GwAIB0gIkMWFjMzMzYWQtMmM1NC00OGY5LWJjNmYtYzNkNzEzMmRhMGJk2AIB4AIB&ucfs=1&arphpl=1&checkin=2026-06-01&checkout=2026-06-02&group_adults=2&req_adults=2&no_rooms=1&group_children=0&req_children=0&hpos=4&hapos=4&sr_order=popularity&srpvid=d38a735b0cb50700&srepoch=1778343890&all_sr_blocks=1504658402_422214026_2_0_0&highlighted_blocks=1504658402_422214026_2_0_0&matching_block_id=1504658402_422214026_2_0_0&sr_pri_blocks=1504658402_422214026_2_0_0__2000&from=searchresults,5/9/2026
Aswan,Kato Dool Wellness Resort,3822,EGP,2,0,1,9.1,707,Aswan,4 km from downtown,4,Resort,Wellness Room Nile View,No,,"Hot tub/Jacuzzi, Free parking, Spa",https://www.booking.com/hotel/eg/kato-dool-nubian-house.html?aid=304142&label=gen173nr-10CAQoggI46wdIMVgEaEOIAQGYATO4ARfIAQzYAQPoAQH4AQGIAgGoAgG4Are__c8GwAIB0gIkMWFjMzMzYWQtMmM1NC00OGY5LWJjNmYtYzNkNzEzMmRhMGJk2AIB4AIB&ucfs=1&arphpl=1&checkin=2026-06-01&checkout=2026-06-02&group_adults=2&req_adults=2&no_rooms=1&group_children=0&req_children=0&hpos=5&hapos=5&sr_order=popularity&srpvid=d38a735b0cb50700&srepoch=1778343890&all_sr_blocks=285191009_107958606_2_42_0_1112040&highlighted_blocks=285191009_107958606_2_42_0_1112040&matching_block_id=285191009_107958606_2_42_0_1112040&sr_pri_blocks=285191009_107958606_2_42_0_1112040_7250&from=searchresults,5/9/2026
Aswan,Aswan Plaza Hotel,3511,EGP,2,0,1,8.1,849,Aswan,0.7 km from downtown,4,Hotel,Standard Twin Room,Yes,,"Restaurant, Free Wifi",https://www.booking.com/hotel/eg/citymax-aswan-plaza.html?aid=304142&label=gen173nr-10CAQoggI46wdIMVgEaEOIAQGYATO4ARfIAQzYAQPoAQH4AQGIAgGoAgG4Are__c8GwAIB0gIkMWFjMzMzYWQtMmM1NC00OGY5LWJjNmYtYzNkNzEzMmRhMGJk2AIB4AIB&ucfs=1&arphpl=1&checkin=2026-06-01&checkout=2026-06-02&group_adults=2&req_adults=2&no_rooms=1&group_children=0&req_children=0&hpos=6&hapos=6&sr_order=popularity&srpvid=d38a735b0cb50700&srepoch=1778343890&all_sr_blocks=278628210_425620787_2_42_0&highlighted_blocks=278628210_425620787_2_42_0&matching_block_id=278628210_425620787_2_42_0&sr_pri_blocks=278628210_425620787_2_42_0__6660&from=searchresults,5/9/2026
Aswan,Obelisk Nile Hotel Aswan,3995,EGP,2,0,1,8.6,1850,Aswan,250 m from downtown,3,Hotel,Standard Room with Garden View,Yes,Breakfast included,"Bar, Restaurant, Free Wifi",https://www.booking.com/hotel/eg/pyramisa-isis-corniche-aswan-resort.html?aid=304142&label=gen173nr-10CAQoggI46wdIMVgEaEOIAQGYATO4ARfIAQzYAQPoAQH4AQGIAgGoAgG4Are__c8GwAIB0gIkMWFjMzMzYWQtMmM1NC00OGY5LWJjNmYtYzNkNzEzMmRhMGJk2AIB4AIB&ucfs=1&arphpl=1&checkin=2026-06-01&checkout=2026-06-02&group_adults=2&req_adults=2&no_rooms=1&group_children=0&req_children=0&hpos=7&hapos=7&sr_order=popularity&srpvid=d38a735b0cb50700&srepoch=1778343890&all_sr_blocks=17606501_431676115_2_41_0&highlighted_blocks=17606501_431676115_2_41_0&matching_block_id=17606501_431676115_2_41_0&sr_pri_blocks=17606501_431676115_2_41_0__7577&from=searchresults,5/9/2026
Aswan,Hapi Hotel,2595,EGP,2,0,1,7.4,1239,Aswan,200 m from downtown,,Hotel,Superior King Room,Yes,Breakfast included,"Restaurant, Free Wifi, 24-hour front desk",https://www.booking.com/hotel/eg/happi.html?aid=304142&label=gen173nr-10CAQoggI46wdIMVgEaEOIAQGYATO4ARfIAQzYAQPoAQH4AQGIAgGoAgG4Are__c8GwAIB0gIkMWFjMzMzYWQtMmM1NC00OGY5LWJjNmYtYzNkNzEzMmRhMGJk2AIB4AIB&ucfs=1&arphpl=1&checkin=2026-06-01&checkout=2026-06-02&group_adults=2&req_adults=2&no_rooms=1&group_children=0&req_children=0&hpos=8&hapos=8&sr_order=popularity&srpvid=d38a735b0cb50700&srepoch=1778343890&all_sr_blocks=220333322_418995458_2_1_0&highlighted_blocks=220333322_418995458_2_1_0&matching_block_id=220333322_418995458_2_1_0&sr_pri_blocks=220333322_418995458_2_1_0__4922&from=searchresults,5/9/2026
Aswan,Keylany Hotel Aswan,1307,EGP,2,0,1,8.5,49,Aswan,200 m from downtown,,Hotel,Double Room,Yes,Breakfast included,"Free Wifi, 24-hour front desk",https://www.booking.com/hotel/eg/keylany-downtown-aswan.html?aid=304142&label=gen173nr-10CAQoggI46wdIMVgEaEOIAQGYATO4ARfIAQzYAQPoAQH4AQGIAgGoAgG4Are__c8GwAIB0gIkMWFjMzMzYWQtMmM1NC00OGY5LWJjNmYtYzNkNzEzMmRhMGJk2AIB4AIB&ucfs=1&arphpl=1&checkin=2026-06-01&checkout=2026-06-02&group_adults=2&req_adults=2&no_rooms=1&group_children=0&req_children=0&hpos=9&hapos=9&sr_order=popularity&srpvid=d38a735b0cb50700&srepoch=1778343890&all_sr_blocks=1556291504_428966745_0_41_0&highlighted_blocks=1556291504_428966745_0_41_0&matching_block_id=1556291504_428966745_0_41_0&sr_pri_blocks=1556291504_428966745_0_41_0__2480&from=searchresults,5/9/2026
Aswan,Zena Toma Nubian Guest House,805,EGP,2,0,1,9,53,Aswan,5.2 km from downtown,,Guest house,Studio,Yes,,"Hot tub/Jacuzzi, Free parking, Bar",https://www.booking.com/hotel/eg/zena-toma-nubian-guest-house.html?aid=304142&label=gen173nr-10CAQoggI46wdIMVgEaEOIAQGYATO4ARfIAQzYAQPoAQH4AQGIAgGoAgG4Are__c8GwAIB0gIkMWFjMzMzYWQtMmM1NC00OGY5LWJjNmYtYzNkNzEzMmRhMGJk2AIB4AIB&ucfs=1&arphpl=1&checkin=2026-06-01&checkout=2026-06-02&group_adults=2&req_adults=2&no_rooms=1&group_children=0&req_children=0&hpos=10&hapos=10&sr_order=popularity&srpvid=d38a735b0cb50700&srepoch=1778343890&all_sr_blocks=1366492506_425951998_0_42_0&highlighted_blocks=1366492506_425951998_0_42_0&matching_block_id=1366492506_425951998_0_42_0&sr_pri_blocks=1366492506_425951998_0_42_0__1526&from=searchresults,5/9/2026
Aswan,Nebro Nubian Guest House - Adults Only,1729,EGP,2,0,1,9.6,264,Aswan,4.8 km from downtown,3,Guest house,Standard Twin Room,No,Breakfast included,"Adults only, Free parking, Restaurant",https://www.booking.com/hotel/eg/nebro-nubian-guest-house-adults-only.html?aid=304142&label=gen173nr-10CAQoggI46wdIMVgEaEOIAQGYATO4ARfIAQzYAQPoAQH4AQGIAgGoAgG4Are__c8GwAIB0gIkMWFjMzMzYWQtMmM1NC00OGY5LWJjNmYtYzNkNzEzMmRhMGJk2AIB4AIB&ucfs=1&arphpl=1&checkin=2026-06-01&checkout=2026-06-02&group_adults=2&req_adults=2&no_rooms=1&group_children=0&req_children=0&hpos=11&hapos=11&sr_order=popularity&srpvid=d38a735b0cb50700&srepoch=1778343890&all_sr_blocks=1332163801_405729386_2_1_0&highlighted_blocks=1332163801_405729386_2_1_0&matching_block_id=1332163801_405729386_2_1_0&sr_pri_blocks=1332163801_405729386_2_1_0__3279&from=searchresults,5/9/2026
Aswan,Crystala guest house,1582,EGP,2,0,1,9.7,403,Aswan,0.7 km from downtown,3,Guest house,Double Room with Private Bathroom,Yes,,"Bar, Restaurant, Free Wifi",https://www.booking.com/hotel/eg/crystala-guest-house-aswan.html?aid=304142&label=gen173nr-10CAQoggI46wdIMVgEaEOIAQGYATO4ARfIAQzYAQPoAQH4AQGIAgGoAgG4Are__c8GwAIB0gIkMWFjMzMzYWQtMmM1NC00OGY5LWJjNmYtYzNkNzEzMmRhMGJk2AIB4AIB&ucfs=1&arphpl=1&checkin=2026-06-01&checkout=2026-06-02&group_adults=2&req_adults=2&no_rooms=1&group_children=0&req_children=0&hpos=12&hapos=12&sr_order=popularity&srpvid=d38a735b0cb50700&srepoch=1778343890&all_sr_blocks=1134121613_425824355_2_2_0&highlighted_blocks=1134121613_425824355_2_2_0&matching_block_id=1134121613_425824355_2_2_0&sr_pri_blocks=1134121613_425824355_2_2_0__3000&from=searchresults,5/9/2026
Aswan,Benben by Dhara Hotels - Adults Only,8962,EGP,2,0,1,9.2,695,Aswan,8.3 km from downtown,,Hotel,Superior Room,Yes,Breakfast included,"Adults only, Hot tub/Jacuzzi, Spa",https://www.booking.com/hotel/eg/benben-by-dhara.html?aid=304142&label=gen173nr-10CAQoggI46wdIMVgEaEOIAQGYATO4ARfIAQzYAQPoAQH4AQGIAgGoAgG4Are__c8GwAIB0gIkMWFjMzMzYWQtMmM1NC00OGY5LWJjNmYtYzNkNzEzMmRhMGJk2AIB4AIB&ucfs=1&arphpl=1&checkin=2026-06-01&checkout=2026-06-02&group_adults=2&req_adults=2&no_rooms=1&group_children=0&req_children=0&hpos=13&hapos=13&sr_order=popularity&srpvid=d38a735b0cb50700&srepoch=1778343890&all_sr_blocks=805065925_407524040_2_41_0&highlighted_blocks=805065925_407524040_2_41_0&matching_block_id=805065925_407524040_2_41_0&sr_pri_blocks=805065925_407524040_2_41_0__17000&from=searchresults,5/9/2026
Aswan,The Mango Guest House,1674,EGP,2,0,1,9.4,1185,Aswan,0.9 km from downtown,4,Guest house,Double Room with Private Bathroom,No,,"Free parking, Bar, Restaurant",https://www.booking.com/hotel/eg/the-mango-guest-house.html?aid=304142&label=gen173nr-10CAQoggI46wdIMVgEaEOIAQGYATO4ARfIAQzYAQPoAQH4AQGIAgGoAgG4Are__c8GwAIB0gIkMWFjMzMzYWQtMmM1NC00OGY5LWJjNmYtYzNkNzEzMmRhMGJk2AIB4AIB&ucfs=1&arphpl=1&checkin=2026-06-01&checkout=2026-06-02&group_adults=2&req_adults=2&no_rooms=1&group_children=0&req_children=0&hpos=14&hapos=14&sr_order=popularity&srpvid=d38a735b0cb50700&srepoch=1778343890&all_sr_blocks=220415402_97950073_2_42_0&highlighted_blocks=220415402_97950073_2_42_0&matching_block_id=220415402_97950073_2_42_0&sr_pri_blocks=220415402_97950073_2_42_0__3176&from=searchresults,5/9/2026
Aswan,Tiba Hotel,1008,EGP,2,0,1,6.7,150,Aswan,1.6 km from downtown,2,Hotel,Superior Double or Twin Room,Yes,,"Free parking, Restaurant, Free Wifi",https://www.booking.com/hotel/eg/tiba-swn.html?aid=304142&label=gen173nr-10CAQoggI46wdIMVgEaEOIAQGYATO4ARfIAQzYAQPoAQH4AQGIAgGoAgG4Are__c8GwAIB0gIkMWFjMzMzYWQtMmM1NC00OGY5LWJjNmYtYzNkNzEzMmRhMGJk2AIB4AIB&ucfs=1&arphpl=1&checkin=2026-06-01&checkout=2026-06-02&group_adults=2&req_adults=2&no_rooms=1&group_children=0&req_children=0&hpos=15&hapos=15&sr_order=popularity&srpvid=d38a735b0cb50700&srepoch=1778343890&all_sr_blocks=755250109_401987069_2_42_0_868223&highlighted_blocks=755250109_401987069_2_42_0_868223&matching_block_id=755250109_401987069_2_42_0_868223&sr_pri_blocks=755250109_401987069_2_42_0_868223_1912&from=searchresults,5/9/2026
Aswan,Nala Narty Nubian House & Organic Farm,5402,EGP,2,0,1,9.4,356,Aswan,4.2 km from downtown,,Hotel,Double Room,No,Breakfast included,"Restaurant, 24-hour front desk",https://www.booking.com/hotel/eg/nala-narty-aswan1.html?aid=304142&label=gen173nr-10CAQoggI46wdIMVgEaEOIAQGYATO4ARfIAQzYAQPoAQH4AQGIAgGoAgG4Are__c8GwAIB0gIkMWFjMzMzYWQtMmM1NC00OGY5LWJjNmYtYzNkNzEzMmRhMGJk2AIB4AIB&ucfs=1&arphpl=1&checkin=2026-06-01&checkout=2026-06-02&group_adults=2&req_adults=2&no_rooms=1&group_children=0&req_children=0&hpos=16&hapos=16&sr_order=popularity&srpvid=d38a735b0cb50700&srepoch=1778343890&all_sr_blocks=1338078605_406255628_0_41_0&highlighted_blocks=1338078605_406255628_0_41_0&matching_block_id=1338078605_406255628_0_41_0&sr_pri_blocks=1338078605_406255628_0_41_0__10247&from=searchresults,5/9/2026
Aswan,Philae Hotel Aswan,3137,EGP,2,0,1,7.5,823,Aswan,400 m from downtown,,Hotel,Deluxe Double or Twin Room with River View,No,Breakfast included,"Free parking, Restaurant, Free Wifi",https://www.booking.com/hotel/eg/philae.html?aid=304142&label=gen173nr-10CAQoggI46wdIMVgEaEOIAQGYATO4ARfIAQzYAQPoAQH4AQGIAgGoAgG4Are__c8GwAIB0gIkMWFjMzMzYWQtMmM1NC00OGY5LWJjNmYtYzNkNzEzMmRhMGJk2AIB4AIB&ucfs=1&arphpl=1&checkin=2026-06-01&checkout=2026-06-02&group_adults=2&req_adults=2&no_rooms=1&group_children=0&req_children=0&hpos=17&hapos=17&sr_order=popularity&srpvid=d38a735b0cb50700&srepoch=1778343890&all_sr_blocks=43486401_430123327_2_1_0_1156473&highlighted_blocks=43486401_430123327_2_1_0_1156473&matching_block_id=43486401_430123327_2_1_0_1156473&sr_pri_blocks=43486401_430123327_2_1_0_1156473_5950&from=searchresults,5/9/2026
Aswan,Kana Kato,1845,EGP,2,0,1,9.1,853,Aswan,0.9 km from downtown,4,Hotel,Double Room with Balcony and Sea View,Yes,Breakfast included,"Bar, Restaurant, Free Wifi",https://www.booking.com/hotel/eg/kana-kato-aswan.html?aid=304142&label=gen173nr-10CAQoggI46wdIMVgEaEOIAQGYATO4ARfIAQzYAQPoAQH4AQGIAgGoAgG4Are__c8GwAIB0gIkMWFjMzMzYWQtMmM1NC00OGY5LWJjNmYtYzNkNzEzMmRhMGJk2AIB4AIB&ucfs=1&arphpl=1&checkin=2026-06-01&checkout=2026-06-02&group_adults=2&req_adults=2&no_rooms=1&group_children=0&req_children=0&hpos=18&hapos=18&sr_order=popularity&srpvid=d38a735b0cb50700&srepoch=1778343890&all_sr_blocks=942188201_367508614_2_1_0&highlighted_blocks=942188201_367508614_2_1_0&matching_block_id=942188201_367508614_2_1_0&sr_pri_blocks=942188201_367508614_2_1_0__3500&from=searchresults,5/9/2026
Aswan,Bakar Nubian Guest House,1107,EGP,2,0,1,9.4,104,Aswan,1.1 km from downtown,4,Guest house,Double Room with Private Bathroom,Yes,Breakfast included,"Free parking, Bar, Free Wifi",https://www.booking.com/hotel/eg/mastonkel.html?aid=304142&label=gen173nr-10CAQoggI46wdIMVgEaEOIAQGYATO4ARfIAQzYAQPoAQH4AQGIAgGoAgG4Are__c8GwAIB0gIkMWFjMzMzYWQtMmM1NC00OGY5LWJjNmYtYzNkNzEzMmRhMGJk2AIB4AIB&ucfs=1&arphpl=1&checkin=2026-06-01&checkout=2026-06-02&group_adults=2&req_adults=2&no_rooms=1&group_children=0&req_children=0&hpos=19&hapos=19&sr_order=popularity&srpvid=d38a735b0cb50700&srepoch=1778343890&all_sr_blocks=1091956703_382075499_2_1_0&highlighted_blocks=1091956703_382075499_2_1_0&matching_block_id=1091956703_382075499_2_1_0&sr_pri_blocks=1091956703_382075499_2_1_0__2100&from=searchresults,5/9/2026
Aswan,Nubian Popeye - Roof top - Nile View,932,EGP,2,0,1,8.5,336,Aswan,6 km from downtown,,Hotel,Double or Twin Room with Private External Bathroom,Yes,,"Free parking, Restaurant, Free Wifi",https://www.booking.com/hotel/eg/nubian-popeye-roof-top-nile-view.html?aid=304142&label=gen173nr-10CAQoggI46wdIMVgEaEOIAQGYATO4ARfIAQzYAQPoAQH4AQGIAgGoAgG4Are__c8GwAIB0gIkMWFjMzMzYWQtMmM1NC00OGY5LWJjNmYtYzNkNzEzMmRhMGJk2AIB4AIB&ucfs=1&arphpl=1&checkin=2026-06-01&checkout=2026-06-02&group_adults=2&req_adults=2&no_rooms=1&group_children=0&req_children=0&hpos=20&hapos=20&sr_order=popularity&srpvid=d38a735b0cb50700&srepoch=1778343890&all_sr_blocks=1134489903_402205898_0_42_0&highlighted_blocks=1134489903_402205898_0_42_0&matching_block_id=1134489903_402205898_0_42_0&sr_pri_blocks=1134489903_402205898_0_42_0__1768&from=searchresults,5/9/2026
Aswan,La Terrace,3427,EGP,2,0,1,9.7,807,Aswan,0.8 km from downtown,4,Hotel,Deluxe Queen Studio,No,,"Free Wifi, 24-hour front desk",https://www.booking.com/hotel/eg/la-terrace.html?aid=304142&label=gen173nr-10CAQoggI46wdIMVgEaEOIAQGYATO4ARfIAQzYAQPoAQH4AQGIAgGoAgG4Are__c8GwAIB0gIkMWFjMzMzYWQtMmM1NC00OGY5LWJjNmYtYzNkNzEzMmRhMGJk2AIB4AIB&ucfs=1&arphpl=1&checkin=2026-06-01&checkout=2026-06-02&group_adults=2&req_adults=2&no_rooms=1&group_children=0&req_children=0&hpos=21&hapos=21&sr_order=popularity&srpvid=d38a735b0cb50700&srepoch=1778343890&all_sr_blocks=982543206_423752839_2_2_0&highlighted_blocks=982543206_423752839_2_2_0&matching_block_id=982543206_423752839_2_2_0&sr_pri_blocks=982543206_423752839_2_2_0__6500&from=searchresults,5/9/2026
Aswan,Habibi Nubian Guest House-Nubian Hospitality,1423,EGP,2,0,1,9.5,197,Aswan,1.9 km from downtown,4,Guest house,Double Room with Private External Bathroom,Yes,Breakfast included,"Free parking, Bar, Restaurant",https://www.booking.com/hotel/eg/nubian-guesthouse-habibi.html?aid=304142&label=gen173nr-10CAQoggI46wdIMVgEaEOIAQGYATO4ARfIAQzYAQPoAQH4AQGIAgGoAgG4Are__c8GwAIB0gIkMWFjMzMzYWQtMmM1NC00OGY5LWJjNmYtYzNkNzEzMmRhMGJk2AIB4AIB&ucfs=1&arphpl=1&checkin=2026-06-01&checkout=2026-06-02&group_adults=2&req_adults=2&no_rooms=1&group_children=0&req_children=0&hpos=22&hapos=22&sr_order=popularity&srpvid=d38a735b0cb50700&srepoch=1778343890&all_sr_blocks=569673903_387843417_2_41_0&highlighted_blocks=569673903_387843417_2_41_0&matching_block_id=569673903_387843417_2_41_0&sr_pri_blocks=569673903_387843417_2_41_0__2700&from=searchresults,5/9/2026
Aswan,El-amin Guest House,1459,EGP,2,0,1,8.9,291,Aswan,0.5 km from downtown,,Guest house,Double Room with Shared Toilet,Yes,Breakfast included,"Free parking, Restaurant, Free Wifi",https://www.booking.com/hotel/eg/el-amin-swn.html?aid=304142&label=gen173nr-10CAQoggI46wdIMVgEaEOIAQGYATO4ARfIAQzYAQPoAQH4AQGIAgGoAgG4Are__c8GwAIB0gIkMWFjMzMzYWQtMmM1NC00OGY5LWJjNmYtYzNkNzEzMmRhMGJk2AIB4AIB&ucfs=1&arphpl=1&checkin=2026-06-01&checkout=2026-06-02&group_adults=2&req_adults=2&no_rooms=1&group_children=0&req_children=0&hpos=23&hapos=23&sr_order=popularity&srpvid=d38a735b0cb50700&srepoch=1778343890&all_sr_blocks=292294603_368011031_0_1_0&highlighted_blocks=292294603_368011031_0_1_0&matching_block_id=292294603_368011031_0_1_0&sr_pri_blocks=292294603_368011031_0_1_0__2767&from=searchresults,5/9/2026
Aswan,Palm Guest House,1582,EGP,2,0,1,9.1,186,Aswan,1.3 km from downtown,3,Guest house,Budget Double Room,Yes,Breakfast included,Free Wifi,https://www.booking.com/hotel/eg/palm-geust-house.html?aid=304142&label=gen173nr-10CAQoggI46wdIMVgEaEOIAQGYATO4ARfIAQzYAQPoAQH4AQGIAgGoAgG4Are__c8GwAIB0gIkMWFjMzMzYWQtMmM1NC00OGY5LWJjNmYtYzNkNzEzMmRhMGJk2AIB4AIB&ucfs=1&arphpl=1&checkin=2026-06-01&checkout=2026-06-02&group_adults=2&req_adults=2&no_rooms=1&group_children=0&req_children=0&hpos=24&hapos=24&sr_order=popularity&srpvid=d38a735b0cb50700&srepoch=1778343890&all_sr_blocks=1356118806_407912447_2_1_0&highlighted_blocks=1356118806_407912447_2_1_0&matching_block_id=1356118806_407912447_2_1_0&sr_pri_blocks=1356118806_407912447_2_1_0__3000&from=searchresults,5/9/2026
Aswan,Nuba Nile Hotel,3701,EGP,2,0,1,8.2,547,Aswan,1.2 km from downtown,3,Hotel,Superior Twin Room,No,Breakfast included,"Free parking, Restaurant, Free Wifi",https://www.booking.com/hotel/eg/nuba-nile-swn.html?aid=304142&label=gen173nr-10CAQoggI46wdIMVgEaEOIAQGYATO4ARfIAQzYAQPoAQH4AQGIAgGoAgG4Are__c8GwAIB0gIkMWFjMzMzYWQtMmM1NC00OGY5LWJjNmYtYzNkNzEzMmRhMGJk2AIB4AIB&ucfs=1&arphpl=1&checkin=2026-06-01&checkout=2026-06-02&group_adults=2&req_adults=2&no_rooms=1&group_children=0&req_children=0&hpos=25&hapos=25&sr_order=popularity&srpvid=d38a735b0cb50700&srepoch=1778343890&all_sr_blocks=1289983105_428809820_0_1_0&highlighted_blocks=1289983105_428809820_0_1_0&matching_block_id=1289983105_428809820_0_1_0&sr_pri_blocks=1289983105_428809820_0_1_0__7020&from=searchresults,5/9/2026
Aswan,DoroKa Nubian House,2591,EGP,2,0,1,9.2,512,Aswan,4.6 km from downtown,,Hotel,Superior Triple Room with Sea View,Yes,Breakfast included,"Restaurant, Free Wifi, 24-hour front desk",https://www.booking.com/hotel/eg/doroka-nubian-house.html?aid=304142&label=gen173nr-10CAQoggI46wdIMVgEaEOIAQGYATO4ARfIAQzYAQPoAQH4AQGIAgGoAgG4Are__c8GwAIB0gIkMWFjMzMzYWQtMmM1NC00OGY5LWJjNmYtYzNkNzEzMmRhMGJk2AIB4AIB&ucfs=1&arphpl=1&checkin=2026-06-01&checkout=2026-06-02&group_adults=2&req_adults=2&no_rooms=1&group_children=0&req_children=0&hpos=1&hapos=26&sr_order=popularity&srpvid=d38a735b0cb50700&srepoch=1778343873&all_sr_blocks=926879505_364460034_2_41_0&highlighted_blocks=926879505_364460034_2_41_0&matching_block_id=926879505_364460034_2_41_0&sr_pri_blocks=926879505_364460034_2_41_0__4914&from=searchresults,5/9/2026
Aswan,Baba Dool,1856,EGP,2,0,1,9.2,331,Aswan,0.8 km from downtown,3,Hotel,Double or Twin Room with Sea View,No,Breakfast included,"Restaurant, Free Wifi",https://www.booking.com/hotel/eg/baba-dool.html?aid=304142&label=gen173nr-10CAQoggI46wdIMVgEaEOIAQGYATO4ARfIAQzYAQPoAQH4AQGIAgGoAgG4Are__c8GwAIB0gIkMWFjMzMzYWQtMmM1NC00OGY5LWJjNmYtYzNkNzEzMmRhMGJk2AIB4AIB&ucfs=1&arphpl=1&checkin=2026-06-01&checkout=2026-06-02&group_adults=2&req_adults=2&no_rooms=1&group_children=0&req_children=0&hpos=2&hapos=27&sr_order=popularity&srpvid=d38a735b0cb50700&srepoch=1778343873&all_sr_blocks=203841205_115248924_2_41_0&highlighted_blocks=203841205_115248924_2_41_0&matching_block_id=203841205_115248924_2_41_0&sr_pri_blocks=203841205_115248924_2_41_0__3521&from=searchresults,5/9/2026
Aswan,Onaty Ka Guest House,1653,EGP,2,0,1,9.2,205,Aswan,4.5 km from downtown,,Guest house,Double Room with Private Bathroom,No,Breakfast included,"Restaurant, Free Wifi, 24-hour front desk",https://www.booking.com/hotel/eg/ounaty-ka-guest-house-swn.html?aid=304142&label=gen173nr-10CAQoggI46wdIMVgEaEOIAQGYATO4ARfIAQzYAQPoAQH4AQGIAgGoAgG4Are__c8GwAIB0gIkMWFjMzMzYWQtMmM1NC00OGY5LWJjNmYtYzNkNzEzMmRhMGJk2AIB4AIB&ucfs=1&arphpl=1&checkin=2026-06-01&checkout=2026-06-02&group_adults=2&req_adults=2&no_rooms=1&group_children=0&req_children=0&hpos=3&hapos=28&sr_order=popularity&srpvid=d38a735b0cb50700&srepoch=1778343873&all_sr_blocks=557298002_368631972_2_1_0&highlighted_blocks=557298002_368631972_2_1_0&matching_block_id=557298002_368631972_2_1_0&sr_pri_blocks=557298002_368631972_2_1_0__3135&from=searchresults,5/9/2026
Aswan,Fenti Nubian Resort,2372,EGP,2,0,1,8,545,Aswan,5.8 km from downtown,3,Resort,Standard Double or Twin Room,No,Breakfast included,"Adults only, Free parking, Airport shuttle (free)",https://www.booking.com/hotel/eg/fenti-camp-swn1.html?aid=304142&label=gen173nr-10CAQoggI46wdIMVgEaEOIAQGYATO4ARfIAQzYAQPoAQH4AQGIAgGoAgG4Are__c8GwAIB0gIkMWFjMzMzYWQtMmM1NC00OGY5LWJjNmYtYzNkNzEzMmRhMGJk2AIB4AIB&ucfs=1&arphpl=1&checkin=2026-06-01&checkout=2026-06-02&group_adults=2&req_adults=2&no_rooms=1&group_children=0&req_children=0&hpos=4&hapos=29&sr_order=popularity&srpvid=d38a735b0cb50700&srepoch=1778343873&all_sr_blocks=804896707_363471593_0_41_0_754505&highlighted_blocks=804896707_363471593_0_41_0_754505&matching_block_id=804896707_363471593_0_41_0_754505&sr_pri_blocks=804896707_363471593_0_41_0_754505_4500&from=searchresults,5/9/2026
Aswan,Queen House,1318,EGP,2,0,1,9.1,321,Aswan,1.3 km from downtown,3,Hotel,Twin Room with Private Bathroom,Yes,Breakfast included,"Restaurant, Free Wifi, 24-hour front desk",https://www.booking.com/hotel/eg/barsy-nubian-house.html?aid=304142&label=gen173nr-10CAQoggI46wdIMVgEaEOIAQGYATO4ARfIAQzYAQPoAQH4AQGIAgGoAgG4Are__c8GwAIB0gIkMWFjMzMzYWQtMmM1NC00OGY5LWJjNmYtYzNkNzEzMmRhMGJk2AIB4AIB&ucfs=1&arphpl=1&checkin=2026-06-01&checkout=2026-06-02&group_adults=2&req_adults=2&no_rooms=1&group_children=0&req_children=0&hpos=5&hapos=30&sr_order=popularity&srpvid=d38a735b0cb50700&srepoch=1778343873&all_sr_blocks=319279706_378991228_2_41_0&highlighted_blocks=319279706_378991228_2_41_0&matching_block_id=319279706_378991228_2_41_0&sr_pri_blocks=319279706_378991228_2_41_0__2500&from=searchresults,5/9/2026
Aswan,Nuba Dool,1318,EGP,2,0,1,9.1,406,Aswan,1.1 km from downtown,4,Hotel,Double Room with Private Bathroom,Yes,Breakfast included,"Free parking, Restaurant, Free Wifi",https://www.booking.com/hotel/eg/nuba-elephantina-guest-house.html?aid=304142&label=gen173nr-10CAQoggI46wdIMVgEaEOIAQGYATO4ARfIAQzYAQPoAQH4AQGIAgGoAgG4Are__c8GwAIB0gIkMWFjMzMzYWQtMmM1NC00OGY5LWJjNmYtYzNkNzEzMmRhMGJk2AIB4AIB&ucfs=1&arphpl=1&checkin=2026-06-01&checkout=2026-06-02&group_adults=2&req_adults=2&no_rooms=1&group_children=0&req_children=0&hpos=6&hapos=31&sr_order=popularity&srpvid=d38a735b0cb50700&srepoch=1778343873&all_sr_blocks=418587002_426345959_2_1_0&highlighted_blocks=418587002_426345959_2_1_0&matching_block_id=418587002_426345959_2_1_0&sr_pri_blocks=418587002_426345959_2_1_0__2500&from=searchresults,5/9/2026
Aswan,JJ Guesthouse,1582,EGP,2,0,1,9.4,408,Aswan,1 km from downtown,3,Hotel,Standard Double or Twin Room,Yes,Breakfast included,Free Wifi,https://www.booking.com/hotel/eg/jj-guesthouse.html?aid=304142&label=gen173nr-10CAQoggI46wdIMVgEaEOIAQGYATO4ARfIAQzYAQPoAQH4AQGIAgGoAgG4Are__c8GwAIB0gIkMWFjMzMzYWQtMmM1NC00OGY5LWJjNmYtYzNkNzEzMmRhMGJk2AIB4AIB&ucfs=1&arphpl=1&checkin=2026-06-01&checkout=2026-06-02&group_adults=2&req_adults=2&no_rooms=1&group_children=0&req_children=0&hpos=7&hapos=32&sr_order=popularity&srpvid=d38a735b0cb50700&srepoch=1778343873&all_sr_blocks=1347875001_407239419_2_41_0&highlighted_blocks=1347875001_407239419_2_41_0&matching_block_id=1347875001_407239419_2_41_0&sr_pri_blocks=1347875001_407239419_2_41_0__3000&from=searchresults,5/9/2026
Aswan,Seko Kato Nile View Hostel,474,EGP,2,0,1,8.7,455,Aswan,1.3 km from downtown,,Hostel,Double Room 2 with garden view,Yes,,"Free Wifi, 24-hour front desk",https://www.booking.com/hotel/eg/seko-nubian-house-qism-aswan.html?aid=304142&label=gen173nr-10CAQoggI46wdIMVgEaEOIAQGYATO4ARfIAQzYAQPoAQH4AQGIAgGoAgG4Are__c8GwAIB0gIkMWFjMzMzYWQtMmM1NC00OGY5LWJjNmYtYzNkNzEzMmRhMGJk2AIB4AIB&ucfs=1&arphpl=1&checkin=2026-06-01&checkout=2026-06-02&group_adults=2&req_adults=2&no_rooms=1&group_children=0&req_children=0&hpos=8&hapos=33&sr_order=popularity&srpvid=d38a735b0cb50700&srepoch=1778343873&all_sr_blocks=277040907_420091829_2_0_0&highlighted_blocks=277040907_420091829_2_0_0&matching_block_id=277040907_420091829_2_0_0&sr_pri_blocks=277040907_420091829_2_0_0__900&from=searchresults,5/9/2026
Aswan,Bob Marley Guest House,1362,EGP,2,0,1,9.2,583,Aswan,0.6 km from downtown,,Guest house,Double or Twin Room with Shared Bathroom,No,,"Bar, Restaurant, Free Wifi",https://www.booking.com/hotel/eg/aunati-guesthouse.html?aid=304142&label=gen173nr-10CAQoggI46wdIMVgEaEOIAQGYATO4ARfIAQzYAQPoAQH4AQGIAgGoAgG4Are__c8GwAIB0gIkMWFjMzMzYWQtMmM1NC00OGY5LWJjNmYtYzNkNzEzMmRhMGJk2AIB4AIB&ucfs=1&arphpl=1&checkin=2026-06-01&checkout=2026-06-02&group_adults=2&req_adults=2&no_rooms=1&group_children=0&req_children=0&hpos=9&hapos=34&sr_order=popularity&srpvid=d38a735b0cb50700&srepoch=1778343873&all_sr_blocks=415475805_347083067_2_42_0&highlighted_blocks=415475805_347083067_2_42_0&matching_block_id=415475805_347083067_2_42_0&sr_pri_blocks=415475805_347083067_2_42_0__2583&from=searchresults,5/9/2026
Aswan,Meshra Katto,1476,EGP,2,0,1,9.2,534,Aswan,1.3 km from downtown,3,Hotel,Deluxe Double Room with Side Sea View,Yes,,"Free parking, Bar, Free Wifi",https://www.booking.com/hotel/eg/meshra-katto.html?aid=304142&label=gen173nr-10CAQoggI46wdIMVgEaEOIAQGYATO4ARfIAQzYAQPoAQH4AQGIAgGoAgG4Are__c8GwAIB0gIkMWFjMzMzYWQtMmM1NC00OGY5LWJjNmYtYzNkNzEzMmRhMGJk2AIB4AIB&ucfs=1&arphpl=1&checkin=2026-06-01&checkout=2026-06-02&group_adults=2&req_adults=2&no_rooms=1&group_children=0&req_children=0&hpos=10&hapos=35&sr_order=popularity&srpvid=d38a735b0cb50700&srepoch=1778343873&all_sr_blocks=287361502_424868739_2_2_0&highlighted_blocks=287361502_424868739_2_2_0&matching_block_id=287361502_424868739_2_2_0&sr_pri_blocks=287361502_424868739_2_2_0__2800&from=searchresults,5/9/2026
Aswan,Artika Wadi Kiki Hotel,3193,EGP,2,0,1,9.1,592,Aswan,4.9 km from downtown,4,Hotel,Double Room with Terrace,No,Breakfast included,"Free parking, Bar, Restaurant",https://www.booking.com/hotel/eg/artika.html?aid=304142&label=gen173nr-10CAQoggI46wdIMVgEaEOIAQGYATO4ARfIAQzYAQPoAQH4AQGIAgGoAgG4Are__c8GwAIB0gIkMWFjMzMzYWQtMmM1NC00OGY5LWJjNmYtYzNkNzEzMmRhMGJk2AIB4AIB&ucfs=1&arphpl=1&checkin=2026-06-01&checkout=2026-06-02&group_adults=2&req_adults=2&no_rooms=1&group_children=0&req_children=0&hpos=11&hapos=36&sr_order=popularity&srpvid=d38a735b0cb50700&srepoch=1778343873&all_sr_blocks=786097101_338138723_2_41_0&highlighted_blocks=786097101_338138723_2_41_0&matching_block_id=786097101_338138723_2_41_0&sr_pri_blocks=786097101_338138723_2_41_0__6057&from=searchresults,5/9/2026
Aswan,ASSINGAR Island,3132,EGP,2,0,1,9.5,9,Aswan,4.7 km from downtown,,Hotel,Double Room,No,Breakfast included,"Restaurant, 24-hour front desk",https://www.booking.com/hotel/eg/assingar-island.html?aid=304142&label=gen173nr-10CAQoggI46wdIMVgEaEOIAQGYATO4ARfIAQzYAQPoAQH4AQGIAgGoAgG4Are__c8GwAIB0gIkMWFjMzMzYWQtMmM1NC00OGY5LWJjNmYtYzNkNzEzMmRhMGJk2AIB4AIB&ucfs=1&arphpl=1&checkin=2026-06-01&checkout=2026-06-02&group_adults=2&req_adults=2&no_rooms=1&group_children=0&req_children=0&hpos=12&hapos=37&sr_order=popularity&srpvid=d38a735b0cb50700&srepoch=1778343873&all_sr_blocks=1555944401_426732531_2_1_0&highlighted_blocks=1555944401_426732531_2_1_0&matching_block_id=1555944401_426732531_2_1_0&sr_pri_blocks=1555944401_426732531_2_1_0__5940&from=searchresults,5/9/2026
Aswan,Masa Nubian House,1634,EGP,2,0,1,9.8,137,Aswan,1 km from downtown,3,Hotel,Deluxe Double or Twin Room with Sea View,Yes,Breakfast included,"Free Wifi, 24-hour front desk",https://www.booking.com/hotel/eg/basmatic-sailing-boat.html?aid=304142&label=gen173nr-10CAQoggI46wdIMVgEaEOIAQGYATO4ARfIAQzYAQPoAQH4AQGIAgGoAgG4Are__c8GwAIB0gIkMWFjMzMzYWQtMmM1NC00OGY5LWJjNmYtYzNkNzEzMmRhMGJk2AIB4AIB&ucfs=1&arphpl=1&checkin=2026-06-01&checkout=2026-06-02&group_adults=2&req_adults=2&no_rooms=1&group_children=0&req_children=0&hpos=13&hapos=38&sr_order=popularity&srpvid=d38a735b0cb50700&srepoch=1778343873&all_sr_blocks=742926804_329447309_2_41_0&highlighted_blocks=742926804_329447309_2_41_0&matching_block_id=742926804_329447309_2_41_0&sr_pri_blocks=742926804_329447309_2_41_0__3100&from=searchresults,5/9/2026
Aswan,The Zen Wellness Resort,5475,EGP,2,0,1,8.4,313,Aswan,11.2 km from downtown,5,Resort,Duo Retreat Garden View Family Room,Yes,Breakfast included,"Free parking, Spa, Bar",https://www.booking.com/hotel/eg/the-zen-wellness-resort.html?aid=304142&label=gen173nr-10CAQoggI46wdIMVgEaEOIAQGYATO4ARfIAQzYAQPoAQH4AQGIAgGoAgG4Are__c8GwAIB0gIkMWFjMzMzYWQtMmM1NC00OGY5LWJjNmYtYzNkNzEzMmRhMGJk2AIB4AIB&ucfs=1&arphpl=1&checkin=2026-06-01&checkout=2026-06-02&group_adults=2&req_adults=2&no_rooms=1&group_children=0&req_children=0&hpos=14&hapos=39&sr_order=popularity&srpvid=d38a735b0cb50700&srepoch=1778343873&all_sr_blocks=1099311226_394370741_2_41_0&highlighted_blocks=1099311226_394370741_2_41_0&matching_block_id=1099311226_394370741_2_41_0&sr_pri_blocks=1099311226_394370741_2_41_0__10386&from=searchresults,5/9/2026
Aswan,Anakato Nubian Experience,5377,EGP,2,0,1,8.2,70,Aswan,4.5 km from downtown,4,Hotel,Anakato Nile View Room- Anakato Old House Building,No,,"Bar, Restaurant",https://www.booking.com/hotel/eg/anakato.html?aid=304142&label=gen173nr-10CAQoggI46wdIMVgEaEOIAQGYATO4ARfIAQzYAQPoAQH4AQGIAgGoAgG4Are__c8GwAIB0gIkMWFjMzMzYWQtMmM1NC00OGY5LWJjNmYtYzNkNzEzMmRhMGJk2AIB4AIB&ucfs=1&arphpl=1&checkin=2026-06-01&checkout=2026-06-02&group_adults=2&req_adults=2&no_rooms=1&group_children=0&req_children=0&hpos=15&hapos=40&sr_order=popularity&srpvid=d38a735b0cb50700&srepoch=1778343874&all_sr_blocks=27569412_139583081_0_42_0&highlighted_blocks=27569412_139583081_0_42_0&matching_block_id=27569412_139583081_0_42_0&sr_pri_blocks=27569412_139583081_0_42_0__10200&from=searchresults,5/9/2026
Aswan,Awi Guest House,2003,EGP,2,0,1,9.3,196,Aswan,0.8 km from downtown,4,Guest house,Studio with Sea View,Yes,Breakfast included,"Bar, Free Wifi, 24-hour front desk",https://www.booking.com/hotel/eg/awi-guest-house.html?aid=304142&label=gen173nr-10CAQoggI46wdIMVgEaEOIAQGYATO4ARfIAQzYAQPoAQH4AQGIAgGoAgG4Are__c8GwAIB0gIkMWFjMzMzYWQtMmM1NC00OGY5LWJjNmYtYzNkNzEzMmRhMGJk2AIB4AIB&ucfs=1&arphpl=1&checkin=2026-06-01&checkout=2026-06-02&group_adults=2&req_adults=2&no_rooms=1&group_children=0&req_children=0&hpos=16&hapos=41&sr_order=popularity&srpvid=d38a735b0cb50700&srepoch=1778343874&all_sr_blocks=348582906_385176647_0_1_0&highlighted_blocks=348582906_385176647_0_1_0&matching_block_id=348582906_385176647_0_1_0&sr_pri_blocks=348582906_385176647_0_1_0__3800&from=searchresults,5/9/2026
Aswan,Eka- Guesthouse,1556,EGP,2,0,1,9.2,144,Aswan,5.4 km from downtown,,Hotel,King Room,No,Breakfast included,"Free parking, Bar, Restaurant",https://www.booking.com/hotel/eg/ekadolli-nubian-guesthouse-aswan.html?aid=304142&label=gen173nr-10CAQoggI46wdIMVgEaEOIAQGYATO4ARfIAQzYAQPoAQH4AQGIAgGoAgG4Are__c8GwAIB0gIkMWFjMzMzYWQtMmM1NC00OGY5LWJjNmYtYzNkNzEzMmRhMGJk2AIB4AIB&ucfs=1&arphpl=1&checkin=2026-06-01&checkout=2026-06-02&group_adults=2&req_adults=2&no_rooms=1&group_children=0&req_children=0&hpos=17&hapos=42&sr_order=popularity&srpvid=d38a735b0cb50700&srepoch=1778343874&all_sr_blocks=46412604_343200120_0_1_0_793689&highlighted_blocks=46412604_343200120_0_1_0_793689&matching_block_id=46412604_343200120_0_1_0_793689&sr_pri_blocks=46412604_343200120_0_1_0_793689_2951&from=searchresults,5/9/2026
Aswan,Maghrabi's Guest house,1681,EGP,2,0,1,9.5,387,Aswan,1.7 km from downtown,3,Guest house,Double Room with Garden View,Yes,Breakfast included,"Free parking, Restaurant, Free Wifi",https://www.booking.com/hotel/eg/maghrabi-39-s-guest-house-byt-mgrby.html?aid=304142&label=gen173nr-10CAQoggI46wdIMVgEaEOIAQGYATO4ARfIAQzYAQPoAQH4AQGIAgGoAgG4Are__c8GwAIB0gIkMWFjMzMzYWQtMmM1NC00OGY5LWJjNmYtYzNkNzEzMmRhMGJk2AIB4AIB&ucfs=1&arphpl=1&checkin=2026-06-01&checkout=2026-06-02&group_adults=2&req_adults=2&no_rooms=1&group_children=0&req_children=0&hpos=18&hapos=43&sr_order=popularity&srpvid=d38a735b0cb50700&srepoch=1778343874&all_sr_blocks=407547103_240364397_2_1_0&highlighted_blocks=407547103_240364397_2_1_0&matching_block_id=407547103_240364397_2_1_0&sr_pri_blocks=407547103_240364397_2_1_0__3188&from=searchresults,5/9/2026
Aswan,"Old Cataract, Aswan - Operated by Mandarin Oriental",24884,EGP,2,0,1,9.4,518,Aswan,1.3 km from downtown,5,Hotel,Palace Garden View Room,No,Breakfast included,"Hot tub/Jacuzzi, Heated pool",https://www.booking.com/hotel/eg/old-cataract-aswan-operated-by-mandarin-oriental.html?aid=304142&label=gen173nr-10CAQoggI46wdIMVgEaEOIAQGYATO4ARfIAQzYAQPoAQH4AQGIAgGoAgG4Are__c8GwAIB0gIkMWFjMzMzYWQtMmM1NC00OGY5LWJjNmYtYzNkNzEzMmRhMGJk2AIB4AIB&ucfs=1&arphpl=1&checkin=2026-06-01&checkout=2026-06-02&group_adults=2&req_adults=2&no_rooms=1&group_children=0&req_children=0&hpos=19&hapos=44&sr_order=popularity&srpvid=d38a735b0cb50700&srepoch=1778343874&all_sr_blocks=33973705_94426346_0_33_0&highlighted_blocks=33973705_94426346_0_33_0&matching_block_id=33973705_94426346_0_33_0&sr_pri_blocks=33973705_94426346_0_33_0__47200&from_sustainable_property_sr=1&from=searchresults,5/9/2026
Aswan,malindy KA nubian houseماليندى كا,767,EGP,2,0,1,9.8,161,Aswan,5.3 km from downtown,3,Hotel,Twin Room with Private Bathroom,No,Breakfast included,"Free parking, Restaurant, Free Wifi",https://www.booking.com/hotel/eg/malindy-ka-swn.html?aid=304142&label=gen173nr-10CAQoggI46wdIMVgEaEOIAQGYATO4ARfIAQzYAQPoAQH4AQGIAgGoAgG4Are__c8GwAIB0gIkMWFjMzMzYWQtMmM1NC00OGY5LWJjNmYtYzNkNzEzMmRhMGJk2AIB4AIB&ucfs=1&arphpl=1&checkin=2026-06-01&checkout=2026-06-02&group_adults=2&req_adults=2&no_rooms=1&group_children=0&req_children=0&hpos=20&hapos=45&sr_order=popularity&srpvid=d38a735b0cb50700&srepoch=1778343874&all_sr_blocks=785233804_338035665_2_1_0&highlighted_blocks=785233804_338035665_2_1_0&matching_block_id=785233804_338035665_2_1_0&sr_pri_blocks=785233804_338035665_2_1_0__1454&from=searchresults,5/9/2026
Aswan,Aswan City Center Guest House,664,EGP,2,0,1,8.6,900,Aswan,200 m from downtown,,Guest house,Double Room,Yes,,"Free parking, Free Wifi, 24-hour front desk",https://www.booking.com/hotel/eg/my-place-hostel-aswan.html?aid=304142&label=gen173nr-10CAQoggI46wdIMVgEaEOIAQGYATO4ARfIAQzYAQPoAQH4AQGIAgGoAgG4Are__c8GwAIB0gIkMWFjMzMzYWQtMmM1NC00OGY5LWJjNmYtYzNkNzEzMmRhMGJk2AIB4AIB&ucfs=1&arphpl=1&checkin=2026-06-01&checkout=2026-06-02&group_adults=2&req_adults=2&no_rooms=1&group_children=0&req_children=0&hpos=21&hapos=46&sr_order=popularity&srpvid=d38a735b0cb50700&srepoch=1778343874&all_sr_blocks=943253204_366503009_2_0_0&highlighted_blocks=943253204_366503009_2_0_0&matching_block_id=943253204_366503009_2_0_0&sr_pri_blocks=943253204_366503009_2_0_0__1260&from=searchresults,5/9/2026
Aswan,Kato Waidi Nubian House,2402,EGP,2,0,1,8.8,692,Aswan,4.8 km from downtown,,Hotel,Budget Double or Twin Room,Yes,Breakfast included,"Free parking, Restaurant",https://www.booking.com/hotel/eg/ka-waidi-nubian-house.html?aid=304142&label=gen173nr-10CAQoggI46wdIMVgEaEOIAQGYATO4ARfIAQzYAQPoAQH4AQGIAgGoAgG4Are__c8GwAIB0gIkMWFjMzMzYWQtMmM1NC00OGY5LWJjNmYtYzNkNzEzMmRhMGJk2AIB4AIB&ucfs=1&arphpl=1&checkin=2026-06-01&checkout=2026-06-02&group_adults=2&req_adults=2&no_rooms=1&group_children=0&req_children=0&hpos=22&hapos=47&sr_order=popularity&srpvid=d38a735b0cb50700&srepoch=1778343874&all_sr_blocks=927432504_380365870_2_1_0&highlighted_blocks=927432504_380365870_2_1_0&matching_block_id=927432504_380365870_2_1_0&sr_pri_blocks=927432504_380365870_2_1_0__4556&from=searchresults,5/9/2026
Aswan,Nubian Life Nile View,580,EGP,2,0,1,8.8,62,Aswan,1.4 km from downtown,4,Hotel,Family Junior Suite,No,,"Free Wifi, 24-hour front desk",https://www.booking.com/hotel/eg/nubian-life-swn.html?aid=304142&label=gen173nr-10CAQoggI46wdIMVgEaEOIAQGYATO4ARfIAQzYAQPoAQH4AQGIAgGoAgG4Are__c8GwAIB0gIkMWFjMzMzYWQtMmM1NC00OGY5LWJjNmYtYzNkNzEzMmRhMGJk2AIB4AIB&ucfs=1&arphpl=1&checkin=2026-06-01&checkout=2026-06-02&group_adults=2&req_adults=2&no_rooms=1&group_children=0&req_children=0&hpos=23&hapos=48&sr_order=popularity&srpvid=d38a735b0cb50700&srepoch=1778343874&all_sr_blocks=1270318505_420137331_0_2_0&highlighted_blocks=1270318505_420137331_0_2_0&matching_block_id=1270318505_420137331_0_2_0&sr_pri_blocks=1270318505_420137331_0_2_0__1100&from=searchresults,5/9/2026
Aswan,Kendaka Nubian House,2109,EGP,2,0,1,9.1,305,Aswan,4.5 km from downtown,2,Hotel,King Room with Balcony and Nile View,No,Breakfast included,"Free parking, Bar, Restaurant",https://www.booking.com/hotel/eg/kendaka-nubian-house-swn.html?aid=304142&label=gen173nr-10CAQoggI46wdIMVgEaEOIAQGYATO4ARfIAQzYAQPoAQH4AQGIAgGoAgG4Are__c8GwAIB0gIkMWFjMzMzYWQtMmM1NC00OGY5LWJjNmYtYzNkNzEzMmRhMGJk2AIB4AIB&ucfs=1&arphpl=1&checkin=2026-06-01&checkout=2026-06-02&group_adults=2&req_adults=2&no_rooms=1&group_children=0&req_children=0&hpos=24&hapos=49&sr_order=popularity&srpvid=d38a735b0cb50700&srepoch=1778343874&all_sr_blocks=534415109_378621523_2_41_0&highlighted_blocks=534415109_378621523_2_41_0&matching_block_id=534415109_378621523_2_41_0&sr_pri_blocks=534415109_378621523_2_41_0__4000&from=searchresults,5/9/2026
Aswan,Crystala 2 guest house,2109,EGP,2,0,1,10,41,Aswan,0.8 km from downtown,3,Guest house,Double or Twin Room with Sea View,Yes,Breakfast included,Free Wifi,https://www.booking.com/hotel/eg/crystala-ll-guest-house.html?aid=304142&label=gen173nr-10CAQoggI46wdIMVgEaEOIAQGYATO4ARfIAQzYAQPoAQH4AQGIAgGoAgG4Are__c8GwAIB0gIkMWFjMzMzYWQtMmM1NC00OGY5LWJjNmYtYzNkNzEzMmRhMGJk2AIB4AIB&ucfs=1&arphpl=1&checkin=2026-06-01&checkout=2026-06-02&group_adults=2&req_adults=2&no_rooms=1&group_children=0&req_children=0&hpos=25&hapos=50&sr_order=popularity&srpvid=d38a735b0cb50700&srepoch=1778343874&all_sr_blocks=1514283705_423160573_2_41_0&highlighted_blocks=1514283705_423160573_2_41_0&matching_block_id=1514283705_423160573_2_41_0&sr_pri_blocks=1514283705_423160573_2_41_0__4000&from=searchresults,5/9/2026
Aswan,Bonita Chillhouse,1422,EGP,2,0,1,8.8,198,Aswan,1.6 km from downtown,,Hotel,Double Room with Private Bathroom,Yes,,"Free parking, Free Wifi",https://www.booking.com/hotel/eg/bonita-chillhouse-aswan-1.html?aid=304142&label=gen173nr-10CAQoggI46wdIMVgEaEOIAQGYATO4ARfIAQzYAQPoAQH4AQGIAgGoAgG4Are__c8GwAIB0gIkMWFjMzMzYWQtMmM1NC00OGY5LWJjNmYtYzNkNzEzMmRhMGJk2AIB4AIB&ucfs=1&arphpl=1&checkin=2026-06-01&checkout=2026-06-02&group_adults=2&req_adults=2&no_rooms=1&group_children=0&req_children=0&hpos=1&hapos=51&sr_order=popularity&srpvid=d38a735b0cb50700&srepoch=1778343877&all_sr_blocks=1370025103_432696741_2_42_0&highlighted_blocks=1370025103_432696741_2_42_0&matching_block_id=1370025103_432696741_2_42_0&sr_pri_blocks=1370025103_432696741_2_42_0__2698&from=searchresults,5/9/2026
Aswan,hooly nubian,1703,EGP,2,0,1,9.2,186,Aswan,1.2 km from downtown,3,Hotel,Economy Double Room,Yes,,"Free parking, Free Wifi",https://www.booking.com/hotel/eg/golden-nubian-guesthouse-aswan.html?aid=304142&label=gen173nr-10CAQoggI46wdIMVgEaEOIAQGYATO4ARfIAQzYAQPoAQH4AQGIAgGoAgG4Are__c8GwAIB0gIkMWFjMzMzYWQtMmM1NC00OGY5LWJjNmYtYzNkNzEzMmRhMGJk2AIB4AIB&ucfs=1&arphpl=1&checkin=2026-06-01&checkout=2026-06-02&group_adults=2&req_adults=2&no_rooms=1&group_children=0&req_children=0&hpos=2&hapos=52&sr_order=popularity&srpvid=d38a735b0cb50700&srepoch=1778343877&all_sr_blocks=915828303_367784247_0_2_0_187508&highlighted_blocks=915828303_367784247_0_2_0_187508&matching_block_id=915828303_367784247_0_2_0_187508&sr_pri_blocks=915828303_367784247_0_2_0_187508_3230&from=searchresults,5/9/2026
Aswan,MaMa Africa Nubian Guest House,1845,EGP,2,0,1,9.9,65,Aswan,0.9 km from downtown,3,Guest house,Deluxe Double or Twin Room with Sea View,Yes,Breakfast included,"Bar, Restaurant, Free Wifi",https://www.booking.com/hotel/eg/mama-africa-swn.html?aid=304142&label=gen173nr-10CAQoggI46wdIMVgEaEOIAQGYATO4ARfIAQzYAQPoAQH4AQGIAgGoAgG4Are__c8GwAIB0gIkMWFjMzMzYWQtMmM1NC00OGY5LWJjNmYtYzNkNzEzMmRhMGJk2AIB4AIB&ucfs=1&arphpl=1&checkin=2026-06-01&checkout=2026-06-02&group_adults=2&req_adults=2&no_rooms=1&group_children=0&req_children=0&hpos=3&hapos=53&sr_order=popularity&srpvid=d38a735b0cb50700&srepoch=1778343877&all_sr_blocks=1549965403_429821140_2_1_0&highlighted_blocks=1549965403_429821140_2_1_0&matching_block_id=1549965403_429821140_2_1_0&sr_pri_blocks=1549965403_429821140_2_1_0__3500&from=searchresults,5/9/2026
Aswan,Nubian Kulih house,864,EGP,2,0,1,7.3,155,Aswan,6.1 km from downtown,,Hotel,Standard Twin Room,No,,"Restaurant, 24-hour front desk",https://www.booking.com/hotel/eg/kulih-fndq-kwlyh.html?aid=304142&label=gen173nr-10CAQoggI46wdIMVgEaEOIAQGYATO4ARfIAQzYAQPoAQH4AQGIAgGoAgG4Are__c8GwAIB0gIkMWFjMzMzYWQtMmM1NC00OGY5LWJjNmYtYzNkNzEzMmRhMGJk2AIB4AIB&ucfs=1&arphpl=1&checkin=2026-06-01&checkout=2026-06-02&group_adults=2&req_adults=2&no_rooms=1&group_children=0&req_children=0&hpos=4&hapos=54&sr_order=popularity&srpvid=d38a735b0cb50700&srepoch=1778343877&all_sr_blocks=774018406_418809892_2_42_0_909355&highlighted_blocks=774018406_418809892_2_42_0_909355&matching_block_id=774018406_418809892_2_42_0_909355&sr_pri_blocks=774018406_418809892_2_42_0_909355_1639&from=searchresults,5/9/2026
Aswan,Nile Hotel,3058,EGP,2,0,1,7.6,87,Aswan,0.8 km from downtown,4,Hotel,Double Room,Yes,Breakfast included,"Hot tub/Jacuzzi, Free parking, Restaurant",https://www.booking.com/hotel/eg/nile-wl-swn1.html?aid=304142&label=gen173nr-10CAQoggI46wdIMVgEaEOIAQGYATO4ARfIAQzYAQPoAQH4AQGIAgGoAgG4Are__c8GwAIB0gIkMWFjMzMzYWQtMmM1NC00OGY5LWJjNmYtYzNkNzEzMmRhMGJk2AIB4AIB&ucfs=1&arphpl=1&checkin=2026-06-01&checkout=2026-06-02&group_adults=2&req_adults=2&no_rooms=1&group_children=0&req_children=0&hpos=5&hapos=55&sr_order=popularity&srpvid=d38a735b0cb50700&srepoch=1778343877&all_sr_blocks=1542122901_428902425_2_1_0&highlighted_blocks=1542122901_428902425_2_1_0&matching_block_id=1542122901_428902425_2_1_0&sr_pri_blocks=1542122901_428902425_2_1_0__5800&from=searchresults,5/9/2026
Aswan,Wanees Hostel,1054,EGP,2,0,1,8.7,573,Aswan,40 m from downtown,,Hostel,Economy Double Room,Yes,,Free Wifi,https://www.booking.com/hotel/eg/wanees-hostel.html?aid=304142&label=gen173nr-10CAQoggI46wdIMVgEaEOIAQGYATO4ARfIAQzYAQPoAQH4AQGIAgGoAgG4Are__c8GwAIB0gIkMWFjMzMzYWQtMmM1NC00OGY5LWJjNmYtYzNkNzEzMmRhMGJk2AIB4AIB&ucfs=1&arphpl=1&checkin=2026-06-01&checkout=2026-06-02&group_adults=2&req_adults=2&no_rooms=1&group_children=0&req_children=0&hpos=6&hapos=56&sr_order=popularity&srpvid=d38a735b0cb50700&srepoch=1778343877&all_sr_blocks=1280046103_423767341_2_0_0_678916&highlighted_blocks=1280046103_423767341_2_0_0_678916&matching_block_id=1280046103_423767341_2_0_0_678916&sr_pri_blocks=1280046103_423767341_2_0_0_678916_2000&from=searchresults,5/9/2026
Aswan,david hostel,350,EGP,2,0,1,8.2,1050,Aswan,3.3 km from downtown,,Hostel,Classic Quadruple Room,Yes,Breakfast included,"Free parking, Restaurant, Free Wifi",https://www.booking.com/hotel/eg/david-hostel.html?aid=304142&label=gen173nr-10CAQoggI46wdIMVgEaEOIAQGYATO4ARfIAQzYAQPoAQH4AQGIAgGoAgG4Are__c8GwAIB0gIkMWFjMzMzYWQtMmM1NC00OGY5LWJjNmYtYzNkNzEzMmRhMGJk2AIB4AIB&ucfs=1&arphpl=1&checkin=2026-06-01&checkout=2026-06-02&group_adults=2&req_adults=2&no_rooms=1&group_children=0&req_children=0&hpos=7&hapos=57&sr_order=popularity&srpvid=d38a735b0cb50700&srepoch=1778343877&all_sr_blocks=333797542_360416687_2_41_0&highlighted_blocks=333797542_360416687_2_41_0&matching_block_id=333797542_360416687_2_41_0&sr_pri_blocks=333797542_360416687_2_41_0__664&from=searchresults,5/9/2026
Aswan,Fadlos Anay Nubian Guesthouse فضلوس أناي,1805,EGP,2,0,1,8.4,138,Aswan,5 km from downtown,3,Hotel,Triple Room with Bathroom,Yes,Breakfast included,"Free parking, Restaurant, Free Wifi",https://www.booking.com/hotel/eg/fadhalos-anai.html?aid=304142&label=gen173nr-10CAQoggI46wdIMVgEaEOIAQGYATO4ARfIAQzYAQPoAQH4AQGIAgGoAgG4Are__c8GwAIB0gIkMWFjMzMzYWQtMmM1NC00OGY5LWJjNmYtYzNkNzEzMmRhMGJk2AIB4AIB&ucfs=1&arphpl=1&checkin=2026-06-01&checkout=2026-06-02&group_adults=2&req_adults=2&no_rooms=1&group_children=0&req_children=0&hpos=8&hapos=58&sr_order=popularity&srpvid=d38a735b0cb50700&srepoch=1778343877&all_sr_blocks=195191307_433312558_2_41_0&highlighted_blocks=195191307_433312558_2_41_0&matching_block_id=195191307_433312558_2_41_0&sr_pri_blocks=195191307_433312558_2_41_0__3424&from=searchresults,5/9/2026
Aswan,NUB INN,4105,EGP,2,0,1,8.9,253,Aswan,4.5 km from downtown,4,Inn,Economy Double Room,No,Breakfast included,"Free parking, Bar, Restaurant",https://www.booking.com/hotel/eg/nub-inn.html?aid=304142&label=gen173nr-10CAQoggI46wdIMVgEaEOIAQGYATO4ARfIAQzYAQPoAQH4AQGIAgGoAgG4Are__c8GwAIB0gIkMWFjMzMzYWQtMmM1NC00OGY5LWJjNmYtYzNkNzEzMmRhMGJk2AIB4AIB&ucfs=1&arphpl=1&checkin=2026-06-01&checkout=2026-06-02&group_adults=2&req_adults=2&no_rooms=1&group_children=0&req_children=0&hpos=9&hapos=59&sr_order=popularity&srpvid=d38a735b0cb50700&srepoch=1778343877&all_sr_blocks=785643301_338094057_0_41_0&highlighted_blocks=785643301_338094057_0_41_0&matching_block_id=785643301_338094057_0_41_0&sr_pri_blocks=785643301_338094057_0_41_0__7787&from=searchresults,5/9/2026
Aswan,Villa Swenet,2636,EGP,2,0,1,9.5,94,Aswan,0.8 km from downtown,3,Villa,Double Room with Lake View,Yes,,Free Wifi,https://www.booking.com/hotel/eg/swenet-villa.html?aid=304142&label=gen173nr-10CAQoggI46wdIMVgEaEOIAQGYATO4ARfIAQzYAQPoAQH4AQGIAgGoAgG4Are__c8GwAIB0gIkMWFjMzMzYWQtMmM1NC00OGY5LWJjNmYtYzNkNzEzMmRhMGJk2AIB4AIB&ucfs=1&arphpl=1&checkin=2026-06-01&checkout=2026-06-02&group_adults=2&req_adults=2&no_rooms=1&group_children=0&req_children=0&hpos=10&hapos=60&sr_order=popularity&srpvid=d38a735b0cb50700&srepoch=1778343877&all_sr_blocks=1458812001_417197771_2_0_0&highlighted_blocks=1458812001_417197771_2_0_0&matching_block_id=1458812001_417197771_2_0_0&sr_pri_blocks=1458812001_417197771_2_0_0__5000&from=searchresults,5/9/2026
Aswan,Eshyan Guest House,1550,EGP,2,0,1,9.9,83,Aswan,1.1 km from downtown,3,Guest house,Double Room with Private External Bathroom,Yes,Breakfast included,"Free Wifi, 24-hour front desk",https://www.booking.com/hotel/eg/eshyan-guest-house.html?aid=304142&label=gen173nr-10CAQoggI46wdIMVgEaEOIAQGYATO4ARfIAQzYAQPoAQH4AQGIAgGoAgG4Are__c8GwAIB0gIkMWFjMzMzYWQtMmM1NC00OGY5LWJjNmYtYzNkNzEzMmRhMGJk2AIB4AIB&ucfs=1&arphpl=1&checkin=2026-06-01&checkout=2026-06-02&group_adults=2&req_adults=2&no_rooms=1&group_children=0&req_children=0&hpos=11&hapos=61&sr_order=popularity&srpvid=d38a735b0cb50700&srepoch=1778343877&all_sr_blocks=1442564204_415688553_2_1_0&highlighted_blocks=1442564204_415688553_2_1_0&matching_block_id=1442564204_415688553_2_1_0&sr_pri_blocks=1442564204_415688553_2_1_0__2940&from=searchresults,5/9/2026
Aswan,Casa Nile View rooms - Nubian House -by kerma hospitality,3454,EGP,2,0,1,9.1,27,Aswan,4.6 km from downtown,3,Hotel,Deluxe Double Room with Balcony,Yes,Breakfast included,"Free parking, Free Wifi",https://www.booking.com/hotel/eg/casa-nile-view-rooms-nubian-house.html?aid=304142&label=gen173nr-10CAQoggI46wdIMVgEaEOIAQGYATO4ARfIAQzYAQPoAQH4AQGIAgGoAgG4Are__c8GwAIB0gIkMWFjMzMzYWQtMmM1NC00OGY5LWJjNmYtYzNkNzEzMmRhMGJk2AIB4AIB&ucfs=1&arphpl=1&checkin=2026-06-01&checkout=2026-06-02&group_adults=2&req_adults=2&no_rooms=1&group_children=0&req_children=0&hpos=12&hapos=62&sr_order=popularity&srpvid=d38a735b0cb50700&srepoch=1778343877&all_sr_blocks=1504873901_424577078_2_1_0&highlighted_blocks=1504873901_424577078_2_1_0&matching_block_id=1504873901_424577078_2_1_0&sr_pri_blocks=1504873901_424577078_2_1_0__6552&from=searchresults,5/9/2026
Aswan,Lawanda Nubian B&B,1213,EGP,2,0,1,9.3,240,Aswan,4.9 km from downtown,4,Hotel,Double Room with Private Bathroom,Yes,Breakfast included,"Free parking, Bar, Restaurant",https://www.booking.com/hotel/eg/lawanda-nubian-guest-house.html?aid=304142&label=gen173nr-10CAQoggI46wdIMVgEaEOIAQGYATO4ARfIAQzYAQPoAQH4AQGIAgGoAgG4Are__c8GwAIB0gIkMWFjMzMzYWQtMmM1NC00OGY5LWJjNmYtYzNkNzEzMmRhMGJk2AIB4AIB&ucfs=1&arphpl=1&checkin=2026-06-01&checkout=2026-06-02&group_adults=2&req_adults=2&no_rooms=1&group_children=0&req_children=0&hpos=13&hapos=63&sr_order=popularity&srpvid=d38a735b0cb50700&srepoch=1778343877&all_sr_blocks=802397401_387998126_2_41_0&highlighted_blocks=802397401_387998126_2_41_0&matching_block_id=802397401_387998126_2_41_0&sr_pri_blocks=802397401_387998126_2_41_0__2300&from=searchresults,5/9/2026
Aswan,El Prince Guesthouse,1054,EGP,2,0,1,8,206,Aswan,0.9 km from downtown,4,Hotel,Deluxe Double or Twin Room with River View,Yes,Breakfast included,"Free parking, Bar, Restaurant",https://www.booking.com/hotel/eg/el-prince-guesthouse.html?aid=304142&label=gen173nr-10CAQoggI46wdIMVgEaEOIAQGYATO4ARfIAQzYAQPoAQH4AQGIAgGoAgG4Are__c8GwAIB0gIkMWFjMzMzYWQtMmM1NC00OGY5LWJjNmYtYzNkNzEzMmRhMGJk2AIB4AIB&ucfs=1&arphpl=1&checkin=2026-06-01&checkout=2026-06-02&group_adults=2&req_adults=2&no_rooms=1&group_children=0&req_children=0&hpos=14&hapos=64&sr_order=popularity&srpvid=d38a735b0cb50700&srepoch=1778343877&all_sr_blocks=293443502_295743812_2_41_0&highlighted_blocks=293443502_295743812_2_41_0&matching_block_id=293443502_295743812_2_41_0&sr_pri_blocks=293443502_295743812_2_41_0__2000&from=searchresults,5/9/2026
Aswan,Nubian Farm Aswan,3025,EGP,2,0,1,7.8,104,Aswan,2.9 km from downtown,,Hotel,Three-Bedroom Chalet,Yes,Breakfast included,"Free parking, Bar, Restaurant",https://www.booking.com/hotel/eg/nubian-farm-aswan.html?aid=304142&label=gen173nr-10CAQoggI46wdIMVgEaEOIAQGYATO4ARfIAQzYAQPoAQH4AQGIAgGoAgG4Are__c8GwAIB0gIkMWFjMzMzYWQtMmM1NC00OGY5LWJjNmYtYzNkNzEzMmRhMGJk2AIB4AIB&ucfs=1&arphpl=1&checkin=2026-06-01&checkout=2026-06-02&group_adults=2&req_adults=2&no_rooms=1&group_children=0&req_children=0&hpos=15&hapos=65&sr_order=popularity&srpvid=d38a735b0cb50700&srepoch=1778343877&all_sr_blocks=569607404_340985730_2_41_0_643527&highlighted_blocks=569607404_340985730_2_41_0_643527&matching_block_id=569607404_340985730_2_41_0_643527&sr_pri_blocks=569607404_340985730_2_41_0_643527_5738&from=searchresults,5/9/2026
Aswan,Nubian Soul Guest Houses,1281,EGP,2,0,1,9.5,205,Aswan,1.2 km from downtown,3,Guest house,Twin Room with Bathroom,Yes,Breakfast included,"Bar, Restaurant, Free Wifi",https://www.booking.com/hotel/eg/nubian-soul.html?aid=304142&label=gen173nr-10CAQoggI46wdIMVgEaEOIAQGYATO4ARfIAQzYAQPoAQH4AQGIAgGoAgG4Are__c8GwAIB0gIkMWFjMzMzYWQtMmM1NC00OGY5LWJjNmYtYzNkNzEzMmRhMGJk2AIB4AIB&ucfs=1&arphpl=1&checkin=2026-06-01&checkout=2026-06-02&group_adults=2&req_adults=2&no_rooms=1&group_children=0&req_children=0&hpos=16&hapos=66&sr_order=popularity&srpvid=d38a735b0cb50700&srepoch=1778343877&all_sr_blocks=1329316705_405490191_0_1_0&highlighted_blocks=1329316705_405490191_0_1_0&matching_block_id=1329316705_405490191_0_1_0&sr_pri_blocks=1329316705_405490191_0_1_0__2430&from=searchresults,5/9/2026
Aswan,Nuba Narty,2336,EGP,2,0,1,8.9,83,Aswan,2.2 km from downtown,3,Hotel,Deluxe Twin Room,No,,"Free parking, Bar, Restaurant",https://www.booking.com/hotel/eg/nuba-narty.html?aid=304142&label=gen173nr-10CAQoggI46wdIMVgEaEOIAQGYATO4ARfIAQzYAQPoAQH4AQGIAgGoAgG4Are__c8GwAIB0gIkMWFjMzMzYWQtMmM1NC00OGY5LWJjNmYtYzNkNzEzMmRhMGJk2AIB4AIB&ucfs=1&arphpl=1&checkin=2026-06-01&checkout=2026-06-02&group_adults=2&req_adults=2&no_rooms=1&group_children=0&req_children=0&hpos=17&hapos=67&sr_order=popularity&srpvid=d38a735b0cb50700&srepoch=1778343877&all_sr_blocks=214659101_421591566_0_0_0&highlighted_blocks=214659101_421591566_0_0_0&matching_block_id=214659101_421591566_0_0_0&sr_pri_blocks=214659101_421591566_0_0_0__4431&from=searchresults,5/9/2026
Aswan,Hadouta Masreya Nubian Guest House,2163,EGP,2,0,1,8.3,10,Aswan,5 km from downtown,3,Guest house,Small Twin Room,No,Breakfast included,"Restaurant, Free Wifi, 24-hour front desk",https://www.booking.com/hotel/eg/hadouta-masreya-nubian-guest-house.html?aid=304142&label=gen173nr-10CAQoggI46wdIMVgEaEOIAQGYATO4ARfIAQzYAQPoAQH4AQGIAgGoAgG4Are__c8GwAIB0gIkMWFjMzMzYWQtMmM1NC00OGY5LWJjNmYtYzNkNzEzMmRhMGJk2AIB4AIB&ucfs=1&arphpl=1&checkin=2026-06-01&checkout=2026-06-02&group_adults=2&req_adults=2&no_rooms=1&group_children=0&req_children=0&hpos=18&hapos=68&sr_order=popularity&srpvid=d38a735b0cb50700&srepoch=1778343877&all_sr_blocks=258996802_104580078_2_41_0&highlighted_blocks=258996802_104580078_2_41_0&matching_block_id=258996802_104580078_2_41_0&sr_pri_blocks=258996802_104580078_2_41_0__4103&from=searchresults,5/9/2026
Aswan,New El Amin Guesthouse,1068,EGP,2,0,1,9.3,11,Aswan,0.8 km from downtown,3,Hotel,Double Room with Balcony,No,Breakfast included,"Free parking, Restaurant, Free Wifi",https://www.booking.com/hotel/eg/new-el-amin-guesthouse.html?aid=304142&label=gen173nr-10CAQoggI46wdIMVgEaEOIAQGYATO4ARfIAQzYAQPoAQH4AQGIAgGoAgG4Are__c8GwAIB0gIkMWFjMzMzYWQtMmM1NC00OGY5LWJjNmYtYzNkNzEzMmRhMGJk2AIB4AIB&ucfs=1&arphpl=1&checkin=2026-06-01&checkout=2026-06-02&group_adults=2&req_adults=2&no_rooms=1&group_children=0&req_children=0&hpos=19&hapos=69&sr_order=popularity&srpvid=d38a735b0cb50700&srepoch=1778343877&all_sr_blocks=1460246304_423269055_2_41_0&highlighted_blocks=1460246304_423269055_2_41_0&matching_block_id=1460246304_423269055_2_41_0&sr_pri_blocks=1460246304_423269055_2_41_0__2025&from=searchresults,5/9/2026
Aswan,sunset guest house,1065,EGP,2,0,1,9.7,93,Aswan,1.3 km from downtown,3,Guest house,Double Room with Balcony (3 Adults),Yes,Breakfast included,Free Wifi,https://www.booking.com/hotel/eg/sunset-guest-house-wl-swn.html?aid=304142&label=gen173nr-10CAQoggI46wdIMVgEaEOIAQGYATO4ARfIAQzYAQPoAQH4AQGIAgGoAgG4Are__c8GwAIB0gIkMWFjMzMzYWQtMmM1NC00OGY5LWJjNmYtYzNkNzEzMmRhMGJk2AIB4AIB&ucfs=1&arphpl=1&checkin=2026-06-01&checkout=2026-06-02&group_adults=2&req_adults=2&no_rooms=1&group_children=0&req_children=0&hpos=20&hapos=70&sr_order=popularity&srpvid=d38a735b0cb50700&srepoch=1778343877&all_sr_blocks=1318454001_404564785_2_1_0&highlighted_blocks=1318454001_404564785_2_1_0&matching_block_id=1318454001_404564785_2_1_0&sr_pri_blocks=1318454001_404564785_2_1_0__2020&from=searchresults,5/9/2026
Aswan,FADL Kato,1582,EGP,2,0,1,9.4,299,Aswan,1.1 km from downtown,4,Hotel,Classic Triple Room,Yes,Breakfast included,Free Wifi,https://www.booking.com/hotel/eg/fadl-kato.html?aid=304142&label=gen173nr-10CAQoggI46wdIMVgEaEOIAQGYATO4ARfIAQzYAQPoAQH4AQGIAgGoAgG4Are__c8GwAIB0gIkMWFjMzMzYWQtMmM1NC00OGY5LWJjNmYtYzNkNzEzMmRhMGJk2AIB4AIB&ucfs=1&arphpl=1&checkin=2026-06-01&checkout=2026-06-02&group_adults=2&req_adults=2&no_rooms=1&group_children=0&req_children=0&hpos=21&hapos=71&sr_order=popularity&srpvid=d38a735b0cb50700&srepoch=1778343877&all_sr_blocks=1064041505_411269148_2_1_0&highlighted_blocks=1064041505_411269148_2_1_0&matching_block_id=1064041505_411269148_2_1_0&sr_pri_blocks=1064041505_411269148_2_1_0__3000&from=searchresults,5/9/2026
Aswan,Blue Lotus Nile Suites Hotel Aswan,4093,EGP,2,0,1,7.9,253,Aswan,2.6 km from downtown,3,Hotel,Double or Twin Room,No,Breakfast included,"Restaurant, Free Wifi, 24-hour front desk",https://www.booking.com/hotel/eg/new-marwa-palace-cairo.html?aid=304142&label=gen173nr-10CAQoggI46wdIMVgEaEOIAQGYATO4ARfIAQzYAQPoAQH4AQGIAgGoAgG4Are__c8GwAIB0gIkMWFjMzMzYWQtMmM1NC00OGY5LWJjNmYtYzNkNzEzMmRhMGJk2AIB4AIB&ucfs=1&arphpl=1&checkin=2026-06-01&checkout=2026-06-02&group_adults=2&req_adults=2&no_rooms=1&group_children=0&req_children=0&hpos=22&hapos=72&sr_order=popularity&srpvid=d38a735b0cb50700&srepoch=1778343877&all_sr_blocks=1270618901_399829278_2_41_0&highlighted_blocks=1270618901_399829278_2_41_0&matching_block_id=1270618901_399829278_2_41_0&sr_pri_blocks=1270618901_399829278_2_41_0__7764&from=searchresults,5/9/2026
Aswan,Ekadolli Nubian house- by kerma hospitality,1255,EGP,2,0,1,9.3,55,Aswan,5.4 km from downtown,,Hotel,Standard King Room,No,Breakfast included,"Free parking, Restaurant, 24-hour front desk",https://www.booking.com/hotel/eg/kerma-hospitality.html?aid=304142&label=gen173nr-10CAQoggI46wdIMVgEaEOIAQGYATO4ARfIAQzYAQPoAQH4AQGIAgGoAgG4Are__c8GwAIB0gIkMWFjMzMzYWQtMmM1NC00OGY5LWJjNmYtYzNkNzEzMmRhMGJk2AIB4AIB&ucfs=1&arphpl=1&checkin=2026-06-01&checkout=2026-06-02&group_adults=2&req_adults=2&no_rooms=1&group_children=0&req_children=0&hpos=23&hapos=73&sr_order=popularity&srpvid=d38a735b0cb50700&srepoch=1778343877&all_sr_blocks=1441017404_415551111_2_1_0&highlighted_blocks=1441017404_415551111_2_1_0&matching_block_id=1441017404_415551111_2_1_0&sr_pri_blocks=1441017404_415551111_2_1_0__2380&from=searchresults,5/9/2026
Aswan,Nile View Guest House,1922,EGP,2,0,1,9.6,436,Aswan,1.2 km from downtown,3,Guest house,Triple Room,Yes,Breakfast included,"Bar, Free Wifi",https://www.booking.com/hotel/eg/nile-guesthouse.html?aid=304142&label=gen173nr-10CAQoggI46wdIMVgEaEOIAQGYATO4ARfIAQzYAQPoAQH4AQGIAgGoAgG4Are__c8GwAIB0gIkMWFjMzMzYWQtMmM1NC00OGY5LWJjNmYtYzNkNzEzMmRhMGJk2AIB4AIB&ucfs=1&arphpl=1&checkin=2026-06-01&checkout=2026-06-02&group_adults=2&req_adults=2&no_rooms=1&group_children=0&req_children=0&hpos=24&hapos=74&sr_order=popularity&srpvid=d38a735b0cb50700&srepoch=1778343877&all_sr_blocks=919208003_424008437_2_41_0&highlighted_blocks=919208003_424008437_2_41_0&matching_block_id=919208003_424008437_2_41_0&sr_pri_blocks=919208003_424008437_2_41_0__3645&from=searchresults,5/9/2026
Aswan,Nubian Kingdom Aragheed House,2109,EGP,2,0,1,9.8,260,Aswan,1.8 km from downtown,,Hotel,Classic Triple Room,Yes,Breakfast included,"Free parking, Free Wifi",https://www.booking.com/hotel/eg/aragheed-nubian-guest-house-swn.html?aid=304142&label=gen173nr-10CAQoggI46wdIMVgEaEOIAQGYATO4ARfIAQzYAQPoAQH4AQGIAgGoAgG4Are__c8GwAIB0gIkMWFjMzMzYWQtMmM1NC00OGY5LWJjNmYtYzNkNzEzMmRhMGJk2AIB4AIB&ucfs=1&arphpl=1&checkin=2026-06-01&checkout=2026-06-02&group_adults=2&req_adults=2&no_rooms=1&group_children=0&req_children=0&hpos=25&hapos=75&sr_order=popularity&srpvid=d38a735b0cb50700&srepoch=1778343877&all_sr_blocks=471032202_238392008_2_1_0&highlighted_blocks=471032202_238392008_2_1_0&matching_block_id=471032202_238392008_2_1_0&sr_pri_blocks=471032202_238392008_2_1_0__4000&from=searchresults,5/9/2026
Marsa Matruh,Hostmark Blue Beach Hotel,4178,EGP,2,0,1,9.1,445,Marsa Matruh,1.6 km from downtown,4,Hotel,Superior Double or Twin Room,Yes,Breakfast included,"Spa, Bar, Restaurant",https://www.booking.com/hotel/eg/host-mark-blue-beach.html?aid=304142&label=gen173nr-10CAQoggI46wdIMVgEaEOIAQGYATO4ARfIAQzYAQPoAQH4AQGIAgGoAgG4AqHA_c8GwAIB0gIkNjczZDZkZTMtZDQ3Zi00Njk5LWEwNmYtYTBhODhlNjIwNDgx2AIB4AIB&ucfs=1&arphpl=1&checkin=2026-06-01&checkout=2026-06-02&group_adults=2&req_adults=2&no_rooms=1&group_children=0&req_children=0&hpos=1&hapos=1&sr_order=popularity&srpvid=44c2739040d0051c&srepoch=1778343988&all_sr_blocks=1431390703_434077459_2_1_0&highlighted_blocks=1431390703_434077459_2_1_0&matching_block_id=1431390703_434077459_2_1_0&sr_pri_blocks=1431390703_434077459_2_1_0__7924&from=searchresults,5/9/2026
Marsa Matruh,Delmar Hotel Matrouh,2636,EGP,2,0,1,7.9,558,Marsa Matruh,20 m from downtown,4,Hotel,Economy Twin Room,Yes,,"Restaurant, Free Wifi, 24-hour front desk",https://www.booking.com/hotel/eg/delmar-matrouh-marsa-matruh.html?aid=304142&label=gen173nr-10CAQoggI46wdIMVgEaEOIAQGYATO4ARfIAQzYAQPoAQH4AQGIAgGoAgG4AqHA_c8GwAIB0gIkNjczZDZkZTMtZDQ3Zi00Njk5LWEwNmYtYTBhODhlNjIwNDgx2AIB4AIB&ucfs=1&arphpl=1&checkin=2026-06-01&checkout=2026-06-02&group_adults=2&req_adults=2&no_rooms=1&group_children=0&req_children=0&hpos=2&hapos=2&sr_order=popularity&srpvid=44c2739040d0051c&srepoch=1778343995&all_sr_blocks=597039328_411066293_0_42_0&highlighted_blocks=597039328_411066293_0_42_0&matching_block_id=597039328_411066293_0_42_0&sr_pri_blocks=597039328_411066293_0_42_0__5000&from=searchresults,5/9/2026
Marsa Matruh,Safir Marsa Matrouh Resort,4175,EGP,2,0,1,8.6,573,Marsa Matruh,4 km from downtown,4,Resort,Standard Twin Room,No,,"Free parking, Restaurant, 24-hour front desk",https://www.booking.com/hotel/eg/safir-marsa-matrouh-resort.html?aid=304142&label=gen173nr-10CAQoggI46wdIMVgEaEOIAQGYATO4ARfIAQzYAQPoAQH4AQGIAgGoAgG4AqHA_c8GwAIB0gIkNjczZDZkZTMtZDQ3Zi00Njk5LWEwNmYtYTBhODhlNjIwNDgx2AIB4AIB&ucfs=1&arphpl=1&checkin=2026-06-01&checkout=2026-06-02&group_adults=2&req_adults=2&no_rooms=1&group_children=0&req_children=0&hpos=3&hapos=3&sr_order=popularity&srpvid=44c2739040d0051c&srepoch=1778343995&all_sr_blocks=1065873202_378988988_2_0_0_508015&highlighted_blocks=1065873202_378988988_2_0_0_508015&matching_block_id=1065873202_378988988_2_0_0_508015&sr_pri_blocks=1065873202_378988988_2_0_0_508015_7920&from=searchresults,5/9/2026
Marsa Matruh,Halla Matrouh Premium,1568,EGP,2,0,1,8,60,Marsa Matruh,0.8 km from downtown,3,Apartment,Two-Bedroom Apartment,Yes,,24-hour front desk,https://www.booking.com/hotel/eg/halla-matrouh-premium-mersa-matruh.html?aid=304142&label=gen173nr-10CAQoggI46wdIMVgEaEOIAQGYATO4ARfIAQzYAQPoAQH4AQGIAgGoAgG4AqHA_c8GwAIB0gIkNjczZDZkZTMtZDQ3Zi00Njk5LWEwNmYtYTBhODhlNjIwNDgx2AIB4AIB&ucfs=1&arphpl=1&checkin=2026-06-01&checkout=2026-06-02&group_adults=2&req_adults=2&no_rooms=1&group_children=0&req_children=0&hpos=4&hapos=4&sr_order=popularity&srpvid=44c2739040d0051c&srepoch=1778343995&all_sr_blocks=1381324301_410225352_4_0_0&highlighted_blocks=1381324301_410225352_4_0_0&matching_block_id=1381324301_410225352_4_0_0&sr_pri_blocks=1381324301_410225352_4_0_0__2975&from=searchresults,5/9/2026
Marsa Matruh,بورتو مطروح أكوا بارك,3385,EGP,2,0,1,9.1,45,Marsa Matruh,6.6 km from downtown,5,Hotel,Chalet,Yes,,"Free parking, 24-hour front desk",https://www.booking.com/hotel/eg/bwrtw-mtrwh-kw-brk.html?aid=304142&label=gen173nr-10CAQoggI46wdIMVgEaEOIAQGYATO4ARfIAQzYAQPoAQH4AQGIAgGoAgG4AqHA_c8GwAIB0gIkNjczZDZkZTMtZDQ3Zi00Njk5LWEwNmYtYTBhODhlNjIwNDgx2AIB4AIB&ucfs=1&arphpl=1&checkin=2026-06-01&checkout=2026-06-02&group_adults=2&req_adults=2&no_rooms=1&group_children=0&req_children=0&hpos=5&hapos=5&sr_order=popularity&srpvid=44c2739040d0051c&srepoch=1778343995&all_sr_blocks=667635801_419572727_0_0_0&highlighted_blocks=667635801_419572727_0_0_0&matching_block_id=667635801_419572727_0_0_0&sr_pri_blocks=667635801_419572727_0_0_0__6421&from=searchresults,5/9/2026
Marsa Matruh,"JAZ Neo Almazino, Almaza Bay",11769,EGP,2,0,1,7,82,"Almaza Bay, Marsa Matruh",34.2 km from downtown,4,Hotel,Superior Twin Room with Garden View,Yes,Breakfast included,"Free parking, Restaurant, 24-hour front desk",https://www.booking.com/hotel/eg/almazino-almaza-bay.html?aid=304142&label=gen173nr-10CAQoggI46wdIMVgEaEOIAQGYATO4ARfIAQzYAQPoAQH4AQGIAgGoAgG4AqHA_c8GwAIB0gIkNjczZDZkZTMtZDQ3Zi00Njk5LWEwNmYtYTBhODhlNjIwNDgx2AIB4AIB&ucfs=1&arphpl=1&checkin=2026-06-01&checkout=2026-06-02&group_adults=2&req_adults=2&no_rooms=1&group_children=0&req_children=0&hpos=6&hapos=6&sr_order=popularity&srpvid=44c2739040d0051c&srepoch=1778343995&all_sr_blocks=901312001_422435186_2_1_0_262481&highlighted_blocks=901312001_422435186_2_1_0_262481&matching_block_id=901312001_422435186_2_1_0_262481&sr_pri_blocks=901312001_422435186_2_1_0_262481_22324&from=searchresults,5/9/2026
Marsa Matruh,Cleopatra Sidi Heneish,14499,EGP,2,0,1,9.5,562,Marsa Matruh,37.9 km from downtown,5,Hotel,Deluxe Double or Twin Room with Garden View,Yes,Breakfast included,"Hot tub/Jacuzzi, Heated pool, Free parking",https://www.booking.com/hotel/eg/cleopatra-luxury-resort-sidi-heneish-north-coast.html?aid=304142&label=gen173nr-10CAQoggI46wdIMVgEaEOIAQGYATO4ARfIAQzYAQPoAQH4AQGIAgGoAgG4AqHA_c8GwAIB0gIkNjczZDZkZTMtZDQ3Zi00Njk5LWEwNmYtYTBhODhlNjIwNDgx2AIB4AIB&ucfs=1&arphpl=1&checkin=2026-06-01&checkout=2026-06-02&group_adults=2&req_adults=2&no_rooms=1&group_children=0&req_children=0&hpos=7&hapos=7&sr_order=popularity&srpvid=44c2739040d0051c&srepoch=1778343995&all_sr_blocks=1023156601_411980340_2_1_0&highlighted_blocks=1023156601_411980340_2_1_0&matching_block_id=1023156601_411980340_2_1_0&sr_pri_blocks=1023156601_411980340_2_1_0__27501&from=searchresults,5/9/2026
Marsa Matruh,Beau Site Belle Vue Hotel,6975,EGP,2,0,1,8.7,142,Marsa Matruh,1.8 km from downtown,4,Inn,Double or Twin Room with City View,Yes,Breakfast & dinner included,"Hot tub/Jacuzzi, Spa, Bar",https://www.booking.com/hotel/eg/belle-vue-marsa-matrou.html?aid=304142&label=gen173nr-10CAQoggI46wdIMVgEaEOIAQGYATO4ARfIAQzYAQPoAQH4AQGIAgGoAgG4AqHA_c8GwAIB0gIkNjczZDZkZTMtZDQ3Zi00Njk5LWEwNmYtYTBhODhlNjIwNDgx2AIB4AIB&ucfs=1&arphpl=1&checkin=2026-06-01&checkout=2026-06-02&group_adults=2&req_adults=2&no_rooms=1&group_children=0&req_children=0&hpos=8&hapos=8&sr_order=popularity&srpvid=44c2739040d0051c&srepoch=1778343995&all_sr_blocks=108226701_100736728_0_17_0&highlighted_blocks=108226701_100736728_0_17_0&matching_block_id=108226701_100736728_0_17_0&sr_pri_blocks=108226701_100736728_0_17_0__13230&from=searchresults,5/9/2026
Marsa Matruh,Beau Site Hotel,5022,EGP,2,0,1,8.1,127,Marsa Matruh,1.8 km from downtown,3,Inn,Budget Double Room,Yes,Breakfast & dinner included,"Bar, Restaurant, 24-hour front desk",https://www.booking.com/hotel/eg/beau-site-marsa-matrouh.html?aid=304142&label=gen173nr-10CAQoggI46wdIMVgEaEOIAQGYATO4ARfIAQzYAQPoAQH4AQGIAgGoAgG4AqHA_c8GwAIB0gIkNjczZDZkZTMtZDQ3Zi00Njk5LWEwNmYtYTBhODhlNjIwNDgx2AIB4AIB&ucfs=1&arphpl=1&checkin=2026-06-01&checkout=2026-06-02&group_adults=2&req_adults=2&no_rooms=1&group_children=0&req_children=0&hpos=9&hapos=9&sr_order=popularity&srpvid=44c2739040d0051c&srepoch=1778343995&all_sr_blocks=48658215_195211695_2_25_0&highlighted_blocks=48658215_195211695_2_25_0&matching_block_id=48658215_195211695_2_25_0&sr_pri_blocks=48658215_195211695_2_25_0__9525&from=searchresults,5/9/2026
Marsa Matruh,Porto Matrouh - la vista,5694,EGP,2,0,1,,,Marsa Matruh,4.6 km from downtown,,Apartment,One-Bedroom Apartment with Pool View,No,,"Free parking, Airport shuttle (free), Restaurant",https://www.booking.com/hotel/eg/porto-matrouh-la-vista.html?aid=304142&label=gen173nr-10CAQoggI46wdIMVgEaEOIAQGYATO4ARfIAQzYAQPoAQH4AQGIAgGoAgG4AqHA_c8GwAIB0gIkNjczZDZkZTMtZDQ3Zi00Njk5LWEwNmYtYTBhODhlNjIwNDgx2AIB4AIB&ucfs=1&arphpl=1&checkin=2026-06-01&checkout=2026-06-02&group_adults=2&req_adults=2&no_rooms=1&group_children=0&req_children=0&hpos=10&hapos=10&sr_order=popularity&srpvid=44c2739040d0051c&srepoch=1778343995&all_sr_blocks=1636759701_434045520_4_0_0&highlighted_blocks=1636759701_434045520_4_0_0&matching_block_id=1636759701_434045520_4_0_0&sr_pri_blocks=1636759701_434045520_4_0_0__10800&from=searchresults,5/9/2026
Marsa Matruh,"JAZ Tamerina, Almaza Bay",15899,EGP,2,0,1,8.6,299,"Almaza Bay, Marsa Matruh",34.7 km from downtown,5,Hotel,"Superior, Queen or Twin Bed, Garden or Pool View",Yes,Breakfast included,"Free parking, Spa, Bar",https://www.booking.com/hotel/eg/jaz-tamerina.html?aid=304142&label=gen173nr-10CAQoggI46wdIMVgEaEOIAQGYATO4ARfIAQzYAQPoAQH4AQGIAgGoAgG4AqHA_c8GwAIB0gIkNjczZDZkZTMtZDQ3Zi00Njk5LWEwNmYtYTBhODhlNjIwNDgx2AIB4AIB&ucfs=1&arphpl=1&checkin=2026-06-01&checkout=2026-06-02&group_adults=2&req_adults=2&no_rooms=1&group_children=0&req_children=0&hpos=11&hapos=11&sr_order=popularity&srpvid=44c2739040d0051c&srepoch=1778343995&all_sr_blocks=746844001_422437532_2_33_0_262477&highlighted_blocks=746844001_422437532_2_33_0_262477&matching_block_id=746844001_422437532_2_33_0_262477&sr_pri_blocks=746844001_422437532_2_33_0_262477_30157&from=searchresults,5/9/2026
Marsa Matruh,Golden Porto Matruh Families only,1845,EGP,2,0,1,7.2,32,Marsa Matruh,6.6 km from downtown,3,Apartment,Apartment - Ground Floor,Yes,,"Free parking, 24-hour front desk",https://www.booking.com/hotel/eg/golden-porto-matruh.html?aid=304142&label=gen173nr-10CAQoggI46wdIMVgEaEOIAQGYATO4ARfIAQzYAQPoAQH4AQGIAgGoAgG4AqHA_c8GwAIB0gIkNjczZDZkZTMtZDQ3Zi00Njk5LWEwNmYtYTBhODhlNjIwNDgx2AIB4AIB&ucfs=1&arphpl=1&checkin=2026-06-01&checkout=2026-06-02&group_adults=2&req_adults=2&no_rooms=1&group_children=0&req_children=0&hpos=12&hapos=12&sr_order=popularity&srpvid=44c2739040d0051c&srepoch=1778343995&all_sr_blocks=1104767401_421812563_0_0_0&highlighted_blocks=1104767401_421812563_0_0_0&matching_block_id=1104767401_421812563_0_0_0&sr_pri_blocks=1104767401_421812563_0_0_0__3500&from=searchresults,5/9/2026
Marsa Matruh,"JAZ Almaza Beach Resort, Almaza Bay",19863,EGP,2,0,1,8.3,642,"Almaza Bay, Marsa Matruh",34.8 km from downtown,5,Resort,"Superior, Queen or Twin Bed, Pool View",Yes,Breakfast included,"Hot tub/Jacuzzi, Free parking, Bar",https://www.booking.com/hotel/eg/jaz-almaza-beach.html?aid=304142&label=gen173nr-10CAQoggI46wdIMVgEaEOIAQGYATO4ARfIAQzYAQPoAQH4AQGIAgGoAgG4AqHA_c8GwAIB0gIkNjczZDZkZTMtZDQ3Zi00Njk5LWEwNmYtYTBhODhlNjIwNDgx2AIB4AIB&ucfs=1&arphpl=1&checkin=2026-06-01&checkout=2026-06-02&group_adults=2&req_adults=2&no_rooms=1&group_children=0&req_children=0&hpos=13&hapos=13&sr_order=popularity&srpvid=44c2739040d0051c&srepoch=1778343995&all_sr_blocks=17295610_422434994_2_33_0_262478&highlighted_blocks=17295610_422434994_2_33_0_262478&matching_block_id=17295610_422434994_2_33_0_262478&sr_pri_blocks=17295610_422434994_2_33_0_262478_37677&from=searchresults,5/9/2026
Marsa Matruh,Juliana Resort North coast,3005,EGP,2,0,1,,,Marsa Matruh,20 m from downtown,,Resort,Two-Bedroom Apartment,Yes,,Free parking,https://www.booking.com/hotel/eg/juliana-resort-north-coast.html?aid=304142&label=gen173nr-10CAQoggI46wdIMVgEaEOIAQGYATO4ARfIAQzYAQPoAQH4AQGIAgGoAgG4AqHA_c8GwAIB0gIkNjczZDZkZTMtZDQ3Zi00Njk5LWEwNmYtYTBhODhlNjIwNDgx2AIB4AIB&ucfs=1&arphpl=1&checkin=2026-06-01&checkout=2026-06-02&group_adults=2&req_adults=2&no_rooms=1&group_children=0&req_children=0&hpos=14&hapos=14&sr_order=popularity&srpvid=44c2739040d0051c&srepoch=1778343995&all_sr_blocks=1636628602_434038001_4_0_0&highlighted_blocks=1636628602_434038001_4_0_0&matching_block_id=1636628602_434038001_4_0_0&sr_pri_blocks=1636628602_434038001_4_0_0__5700&from=searchresults,5/9/2026
Marsa Matruh,"JAZ Oriental, Almaza Bay",19863,EGP,2,0,1,9.2,83,"Almaza Bay, Marsa Matruh",34.7 km from downtown,5,Hotel,"Superior, Queen or Twin Bed, Pool View",Yes,Breakfast included,"Hot tub/Jacuzzi, Free parking",https://www.booking.com/hotel/eg/jaz-oriental-resort.html?aid=304142&label=gen173nr-10CAQoggI46wdIMVgEaEOIAQGYATO4ARfIAQzYAQPoAQH4AQGIAgGoAgG4AqHA_c8GwAIB0gIkNjczZDZkZTMtZDQ3Zi00Njk5LWEwNmYtYTBhODhlNjIwNDgx2AIB4AIB&ucfs=1&arphpl=1&checkin=2026-06-01&checkout=2026-06-02&group_adults=2&req_adults=2&no_rooms=1&group_children=0&req_children=0&hpos=15&hapos=15&sr_order=popularity&srpvid=44c2739040d0051c&srepoch=1778343995&all_sr_blocks=30665703_422437652_2_1_0_262480&highlighted_blocks=30665703_422437652_2_1_0_262480&matching_block_id=30665703_422437652_2_1_0_262480&sr_pri_blocks=30665703_422437652_2_1_0_262480_37677&from_sustainable_property_sr=1&from=searchresults,5/9/2026
Marsa Matruh,Porto Matrouh Majestic,2733,EGP,2,0,1,9.5,2,Marsa Matruh,6.6 km from downtown,,Hotel,Superior Chalet,No,Breakfast included,"Free parking, Restaurant",https://www.booking.com/hotel/eg/porto-matrouh-majestic.html?aid=304142&label=gen173nr-10CAQoggI46wdIMVgEaEOIAQGYATO4ARfIAQzYAQPoAQH4AQGIAgGoAgG4AqHA_c8GwAIB0gIkNjczZDZkZTMtZDQ3Zi00Njk5LWEwNmYtYTBhODhlNjIwNDgx2AIB4AIB&ucfs=1&arphpl=1&checkin=2026-06-01&checkout=2026-06-02&group_adults=2&req_adults=2&no_rooms=1&group_children=0&req_children=0&hpos=16&hapos=16&sr_order=popularity&srpvid=44c2739040d0051c&srepoch=1778343995&all_sr_blocks=1421034701_413738899_2_33_0&highlighted_blocks=1421034701_413738899_2_33_0&matching_block_id=1421034701_413738899_2_33_0&sr_pri_blocks=1421034701_413738899_2_33_0__5184&from=searchresults,5/9/2026
Marsa Matruh,Porto Matrouh Elabd Family,3326,EGP,2,0,1,9.6,5,Marsa Matruh,6.6 km from downtown,3,Hotel,One-Bedroom Chalet,Yes,,Free parking,https://www.booking.com/hotel/eg/elabd-family-chalet.html?aid=304142&label=gen173nr-10CAQoggI46wdIMVgEaEOIAQGYATO4ARfIAQzYAQPoAQH4AQGIAgGoAgG4AqHA_c8GwAIB0gIkNjczZDZkZTMtZDQ3Zi00Njk5LWEwNmYtYTBhODhlNjIwNDgx2AIB4AIB&ucfs=1&arphpl=1&checkin=2026-06-01&checkout=2026-06-02&group_adults=2&req_adults=2&no_rooms=1&group_children=0&req_children=0&hpos=17&hapos=17&sr_order=popularity&srpvid=44c2739040d0051c&srepoch=1778343995&all_sr_blocks=1458889511_417505549_2_0_0&highlighted_blocks=1458889511_417505549_2_0_0&matching_block_id=1458889511_417505549_2_0_0&sr_pri_blocks=1458889511_417505549_2_0_0__6308&from=searchresults,5/9/2026
Marsa Matruh,Hotel 59,13549,EGP,2,0,1,8.7,11,Marsa Matruh,20 m from downtown,5,Hotel,Double Room with City View,No,All-inclusive,"Hot tub/Jacuzzi, Spa, Bar",https://www.booking.com/hotel/eg/59.html?aid=304142&label=gen173nr-10CAQoggI46wdIMVgEaEOIAQGYATO4ARfIAQzYAQPoAQH4AQGIAgGoAgG4AqHA_c8GwAIB0gIkNjczZDZkZTMtZDQ3Zi00Njk5LWEwNmYtYTBhODhlNjIwNDgx2AIB4AIB&ucfs=1&arphpl=1&checkin=2026-06-01&checkout=2026-06-02&group_adults=2&req_adults=2&no_rooms=1&group_children=0&req_children=0&hpos=18&hapos=18&sr_order=popularity&srpvid=44c2739040d0051c&srepoch=1778343995&all_sr_blocks=1272274604_430248225_0_85_0&highlighted_blocks=1272274604_430248225_0_85_0&matching_block_id=1272274604_430248225_0_85_0&sr_pri_blocks=1272274604_430248225_0_85_0__25700&from=searchresults,5/9/2026
Marsa Matruh,Halla Matrouh Sea View,1845,EGP,2,0,1,8,302,Marsa Matruh,0.8 km from downtown,3,Apartment,Two-Bedroom Apartment,Yes,,Free Wifi,https://www.booking.com/hotel/eg/halla-matrouh-premium.html?aid=304142&label=gen173nr-10CAQoggI46wdIMVgEaEOIAQGYATO4ARfIAQzYAQPoAQH4AQGIAgGoAgG4AqHA_c8GwAIB0gIkNjczZDZkZTMtZDQ3Zi00Njk5LWEwNmYtYTBhODhlNjIwNDgx2AIB4AIB&ucfs=1&arphpl=1&checkin=2026-06-01&checkout=2026-06-02&group_adults=2&req_adults=2&no_rooms=1&group_children=0&req_children=0&hpos=19&hapos=19&sr_order=popularity&srpvid=44c2739040d0051c&srepoch=1778343995&all_sr_blocks=987883402_371158667_4_0_0&highlighted_blocks=987883402_371158667_4_0_0&matching_block_id=987883402_371158667_4_0_0&sr_pri_blocks=987883402_371158667_4_0_0__3500&from=searchresults,5/9/2026
Marsa Matruh,Makai BY Dhara Hotels,19770,EGP,2,0,1,8.5,84,Marsa Matruh,74.6 km from downtown,5,Hotel,Deluxe Twin Room with Sea View,Yes,Breakfast included,"Free parking, Bar, Restaurant",https://www.booking.com/hotel/eg/makai-by-dhara-hotels.html?aid=304142&label=gen173nr-10CAQoggI46wdIMVgEaEOIAQGYATO4ARfIAQzYAQPoAQH4AQGIAgGoAgG4AqHA_c8GwAIB0gIkNjczZDZkZTMtZDQ3Zi00Njk5LWEwNmYtYTBhODhlNjIwNDgx2AIB4AIB&ucfs=1&arphpl=1&checkin=2026-06-01&checkout=2026-06-02&group_adults=2&req_adults=2&no_rooms=1&group_children=0&req_children=0&hpos=20&hapos=20&sr_order=popularity&srpvid=44c2739040d0051c&srepoch=1778343995&all_sr_blocks=1425472902_433577387_2_1_0&highlighted_blocks=1425472902_433577387_2_1_0&matching_block_id=1425472902_433577387_2_1_0&sr_pri_blocks=1425472902_433577387_2_1_0__37500&from=searchresults,5/9/2026
Marsa Matruh,بورتو مطروح - الساحره,2593,EGP,2,0,1,7,12,Marsa Matruh,6.7 km from downtown,5,Hotel,Studio with Pool View,No,,"Free parking, Restaurant",https://www.booking.com/hotel/eg/porto-matrouh-aqua-viva-qsm-mrs-mtrwh3.html?aid=304142&label=gen173nr-10CAQoggI46wdIMVgEaEOIAQGYATO4ARfIAQzYAQPoAQH4AQGIAgGoAgG4AqHA_c8GwAIB0gIkNjczZDZkZTMtZDQ3Zi00Njk5LWEwNmYtYTBhODhlNjIwNDgx2AIB4AIB&ucfs=1&arphpl=1&checkin=2026-06-01&checkout=2026-06-02&group_adults=2&req_adults=2&no_rooms=1&group_children=0&req_children=0&hpos=21&hapos=21&sr_order=popularity&srpvid=44c2739040d0051c&srepoch=1778343995&all_sr_blocks=1403947502_412196697_4_0_0&highlighted_blocks=1403947502_412196697_4_0_0&matching_block_id=1403947502_412196697_4_0_0&sr_pri_blocks=1403947502_412196697_4_0_0__4918&from=searchresults,5/9/2026
Marsa Matruh,Asmaa Rental Chalets Porto Matrouh for families,3025,EGP,2,0,1,8.4,19,Marsa Matruh,6.6 km from downtown,4,Hotel,One-Bedroom Chalet,No,,"Free parking, Restaurant",https://www.booking.com/hotel/eg/porto-vacation.html?aid=304142&label=gen173nr-10CAQoggI46wdIMVgEaEOIAQGYATO4ARfIAQzYAQPoAQH4AQGIAgGoAgG4AqHA_c8GwAIB0gIkNjczZDZkZTMtZDQ3Zi00Njk5LWEwNmYtYTBhODhlNjIwNDgx2AIB4AIB&ucfs=1&arphpl=1&checkin=2026-06-01&checkout=2026-06-02&group_adults=2&req_adults=2&no_rooms=1&group_children=0&req_children=0&hpos=22&hapos=22&sr_order=popularity&srpvid=44c2739040d0051c&srepoch=1778343995&all_sr_blocks=759354704_422001085_2_0_0&highlighted_blocks=759354704_422001085_2_0_0&matching_block_id=759354704_422001085_2_0_0&sr_pri_blocks=759354704_422001085_2_0_0__5738&from=searchresults,5/9/2026
Marsa Matruh,شاليهات بورتو مطروح فيو بحر Porto Matrouh Sea View Families Only,3490,EGP,2,0,1,8.5,108,Marsa Matruh,6.5 km from downtown,4,Hotel,Studio with Garden View,No,,"Free parking, Restaurant",https://www.booking.com/hotel/eg/bwrtw-mtrwh-fyw-bhr-porto-matrouh-sea-view.html?aid=304142&label=gen173nr-10CAQoggI46wdIMVgEaEOIAQGYATO4ARfIAQzYAQPoAQH4AQGIAgGoAgG4AqHA_c8GwAIB0gIkNjczZDZkZTMtZDQ3Zi00Njk5LWEwNmYtYTBhODhlNjIwNDgx2AIB4AIB&ucfs=1&arphpl=1&checkin=2026-06-01&checkout=2026-06-02&group_adults=2&req_adults=2&no_rooms=1&group_children=0&req_children=0&hpos=23&hapos=23&sr_order=popularity&srpvid=44c2739040d0051c&srepoch=1778343995&all_sr_blocks=661359303_270729170_3_0_0&highlighted_blocks=661359303_270729170_3_0_0&matching_block_id=661359303_270729170_3_0_0&sr_pri_blocks=661359303_270729170_3_0_0__6620&from=searchresults,5/9/2026
Marsa Matruh,Fouka bay luxurious chalet,10756,EGP,2,0,1,10,11,Marsa Matruh,73.2 km from downtown,4,Apartment,Two-Bedroom Apartment,No,,"Free parking, Restaurant",https://www.booking.com/hotel/eg/fouka-bay-luxurious-chalet.html?aid=304142&label=gen173nr-10CAQoggI46wdIMVgEaEOIAQGYATO4ARfIAQzYAQPoAQH4AQGIAgGoAgG4AqHA_c8GwAIB0gIkNjczZDZkZTMtZDQ3Zi00Njk5LWEwNmYtYTBhODhlNjIwNDgx2AIB4AIB&ucfs=1&arphpl=1&checkin=2026-06-01&checkout=2026-06-02&group_adults=2&req_adults=2&no_rooms=1&group_children=0&req_children=0&hpos=24&hapos=24&sr_order=popularity&srpvid=44c2739040d0051c&srepoch=1778343995&all_sr_blocks=758471801_332882155_4_0_0&highlighted_blocks=758471801_332882155_4_0_0&matching_block_id=758471801_332882155_4_0_0&sr_pri_blocks=758471801_332882155_4_0_0__20402&from=searchresults,5/9/2026
Marsa Matruh,Halla Matrouh Al Bosphorus,1524,EGP,2,0,1,7.8,159,Marsa Matruh,0.9 km from downtown,3,Apartment,Two-Bedroom Apartment with City View,Yes,,24-hour front desk,https://www.booking.com/hotel/eg/halla-matrouh-al-bosphorus-u-o3u-u-o-o3u-0-u-o-o-u-o.html?aid=304142&label=gen173nr-10CAQoggI46wdIMVgEaEOIAQGYATO4ARfIAQzYAQPoAQH4AQGIAgGoAgG4AqHA_c8GwAIB0gIkNjczZDZkZTMtZDQ3Zi00Njk5LWEwNmYtYTBhODhlNjIwNDgx2AIB4AIB&ucfs=1&arphpl=1&checkin=2026-06-01&checkout=2026-06-02&group_adults=2&req_adults=2&no_rooms=1&group_children=0&req_children=0&hpos=25&hapos=25&sr_order=popularity&srpvid=44c2739040d0051c&srepoch=1778343995&all_sr_blocks=1195613106_391837059_4_0_0&highlighted_blocks=1195613106_391837059_4_0_0&matching_block_id=1195613106_391837059_4_0_0&sr_pri_blocks=1195613106_391837059_4_0_0__2890&from=searchresults,5/9/2026
Marsa Matruh,"JAZ Viva Almaza Blu, Almaza Bay",15692,EGP,2,0,1,8.7,29,"Almaza Bay, Marsa Matruh",35.1 km from downtown,5,Hotel,"Superior, Queen or Twin, Garden View",Yes,Breakfast included,"Free parking, Restaurant, 24-hour front desk",https://www.booking.com/hotel/eg/jaz-almaza-blue-almaza-bay.html?aid=304142&label=gen173nr-10CAQoggI46wdIMVgEaEOIAQGYATO4ARfIAQzYAQPoAQH4AQGIAgGoAgG4AqHA_c8GwAIB0gIkNjczZDZkZTMtZDQ3Zi00Njk5LWEwNmYtYTBhODhlNjIwNDgx2AIB4AIB&ucfs=1&arphpl=1&checkin=2026-06-01&checkout=2026-06-02&group_adults=2&req_adults=2&no_rooms=1&group_children=0&req_children=0&hpos=1&hapos=26&sr_order=popularity&srpvid=44c2739040d0051c&srepoch=1778343976&all_sr_blocks=1392994601_411988343_2_1_0&highlighted_blocks=1392994601_411988343_2_1_0&matching_block_id=1392994601_411988343_2_1_0&sr_pri_blocks=1392994601_411988343_2_1_0__29765&from=searchresults,5/9/2026
Marsa Matruh,بورتو مطروح - فاكيشن تايم,2768,EGP,2,0,1,9.9,7,Marsa Matruh,6.6 km from downtown,5,Hotel,Chalet,Yes,,"Free parking, Restaurant",https://www.booking.com/hotel/eg/bwrtw-mtrwh-fkyshn-tym-qsm-mrs-mtrwh.html?aid=304142&label=gen173nr-10CAQoggI46wdIMVgEaEOIAQGYATO4ARfIAQzYAQPoAQH4AQGIAgGoAgG4AqHA_c8GwAIB0gIkNjczZDZkZTMtZDQ3Zi00Njk5LWEwNmYtYTBhODhlNjIwNDgx2AIB4AIB&ucfs=1&arphpl=1&checkin=2026-06-01&checkout=2026-06-02&group_adults=2&req_adults=2&no_rooms=1&group_children=0&req_children=0&hpos=2&hapos=27&sr_order=popularity&srpvid=44c2739040d0051c&srepoch=1778343976&all_sr_blocks=1586109401_429793346_4_42_0&highlighted_blocks=1586109401_429793346_4_42_0&matching_block_id=1586109401_429793346_4_42_0&sr_pri_blocks=1586109401_429793346_4_42_0__5250&from=searchresults,5/9/2026
Marsa Matruh,Tent,1371,EGP,2,0,1,8.3,58,Marsa Matruh,400 m from downtown,,Hotel,Budget Double Room,No,,"Free parking, Free Wifi",https://www.booking.com/hotel/eg/tent.html?aid=304142&label=gen173nr-10CAQoggI46wdIMVgEaEOIAQGYATO4ARfIAQzYAQPoAQH4AQGIAgGoAgG4AqHA_c8GwAIB0gIkNjczZDZkZTMtZDQ3Zi00Njk5LWEwNmYtYTBhODhlNjIwNDgx2AIB4AIB&ucfs=1&arphpl=1&checkin=2026-06-01&checkout=2026-06-02&group_adults=2&req_adults=2&no_rooms=1&group_children=0&req_children=0&hpos=3&hapos=28&sr_order=popularity&srpvid=44c2739040d0051c&srepoch=1778343976&all_sr_blocks=1281299202_401040313_2_0_0&highlighted_blocks=1281299202_401040313_2_0_0&matching_block_id=1281299202_401040313_2_0_0&sr_pri_blocks=1281299202_401040313_2_0_0__2600&from=searchresults,5/9/2026
Marsa Matruh,Caesar Bay Resort,18932,EGP,2,0,1,9.2,68,Marsa Matruh,80 km from downtown,5,Resort,Superior Twin Room,No,Breakfast & dinner included,"Hot tub/Jacuzzi, Heated pool, Spa",https://www.booking.com/hotel/eg/caesar-bay-resort-el-alamein.html?aid=304142&label=gen173nr-10CAQoggI46wdIMVgEaEOIAQGYATO4ARfIAQzYAQPoAQH4AQGIAgGoAgG4AqHA_c8GwAIB0gIkNjczZDZkZTMtZDQ3Zi00Njk5LWEwNmYtYTBhODhlNjIwNDgx2AIB4AIB&ucfs=1&arphpl=1&checkin=2026-06-01&checkout=2026-06-02&group_adults=2&req_adults=2&no_rooms=1&group_children=0&req_children=0&hpos=4&hapos=29&sr_order=popularity&srpvid=44c2739040d0051c&srepoch=1778343976&all_sr_blocks=134860518_413855827_0_25_0&highlighted_blocks=134860518_413855827_0_25_0&matching_block_id=134860518_413855827_0_25_0&sr_pri_blocks=134860518_413855827_0_25_0__35910&from=searchresults,5/9/2026
Marsa Matruh,See you soon Matrouh 1,2366,EGP,2,0,1,8.2,36,Marsa Matruh,1 km from downtown,3,Apartment,Two-Bedroom Apartment,Yes,,"Free parking, Free Wifi",https://www.booking.com/hotel/eg/nshwfk-ly-khyr-mtrwh-mrsy-mtrwh.html?aid=304142&label=gen173nr-10CAQoggI46wdIMVgEaEOIAQGYATO4ARfIAQzYAQPoAQH4AQGIAgGoAgG4AqHA_c8GwAIB0gIkNjczZDZkZTMtZDQ3Zi00Njk5LWEwNmYtYTBhODhlNjIwNDgx2AIB4AIB&ucfs=1&arphpl=1&checkin=2026-06-01&checkout=2026-06-02&group_adults=2&req_adults=2&no_rooms=1&group_children=0&req_children=0&hpos=5&hapos=30&sr_order=popularity&srpvid=44c2739040d0051c&srepoch=1778343976&all_sr_blocks=1311707401_425289130_2_0_0&highlighted_blocks=1311707401_425289130_2_0_0&matching_block_id=1311707401_425289130_2_0_0&sr_pri_blocks=1311707401_425289130_2_0_0__4488&from=searchresults,5/9/2026
Marsa Matruh,See you soon Rommel Matrouh,2491,EGP,2,0,1,8.8,26,Marsa Matruh,1.3 km from downtown,4,Apartment,Three-Bedroom Apartment with Sea View,No,,"Free parking, Free Wifi",https://www.booking.com/hotel/eg/see-you-soon.html?aid=304142&label=gen173nr-10CAQoggI46wdIMVgEaEOIAQGYATO4ARfIAQzYAQPoAQH4AQGIAgGoAgG4AqHA_c8GwAIB0gIkNjczZDZkZTMtZDQ3Zi00Njk5LWEwNmYtYTBhODhlNjIwNDgx2AIB4AIB&ucfs=1&arphpl=1&checkin=2026-06-01&checkout=2026-06-02&group_adults=2&req_adults=2&no_rooms=1&group_children=0&req_children=0&hpos=6&hapos=31&sr_order=popularity&srpvid=44c2739040d0051c&srepoch=1778343976&all_sr_blocks=1378028001_409922779_2_0_0&highlighted_blocks=1378028001_409922779_2_0_0&matching_block_id=1378028001_409922779_2_0_0&sr_pri_blocks=1378028001_409922779_2_0_0__4725&from=searchresults,5/9/2026
Marsa Matruh,porto matrouh-original,2175,EGP,2,0,1,6.5,10,Marsa Matruh,6.6 km from downtown,5,Hotel,Chalet,Yes,,"Free parking, Restaurant",https://www.booking.com/hotel/eg/porto-matrouh-original-qsm-mrs-mtrwh.html?aid=304142&label=gen173nr-10CAQoggI46wdIMVgEaEOIAQGYATO4ARfIAQzYAQPoAQH4AQGIAgGoAgG4AqHA_c8GwAIB0gIkNjczZDZkZTMtZDQ3Zi00Njk5LWEwNmYtYTBhODhlNjIwNDgx2AIB4AIB&ucfs=1&arphpl=1&checkin=2026-06-01&checkout=2026-06-02&group_adults=2&req_adults=2&no_rooms=1&group_children=0&req_children=0&hpos=7&hapos=32&sr_order=popularity&srpvid=44c2739040d0051c&srepoch=1778343976&all_sr_blocks=1301431605_418128332_4_10_0&highlighted_blocks=1301431605_418128332_4_10_0&matching_block_id=1301431605_418128332_4_10_0&sr_pri_blocks=1301431605_418128332_4_10_0__4125&from=searchresults,5/9/2026
Marsa Matruh,Gewan White Beach Resort-New Alamein,12126,EGP,2,0,1,7.6,205,Marsa Matruh,6 km from downtown,5,Resort,Deluxe Room Lake View,Yes,Breakfast included,"Hot tub/Jacuzzi, Bar, Restaurant",https://www.booking.com/hotel/eg/tolip-resort-paradise.html?aid=304142&label=gen173nr-10CAQoggI46wdIMVgEaEOIAQGYATO4ARfIAQzYAQPoAQH4AQGIAgGoAgG4AqHA_c8GwAIB0gIkNjczZDZkZTMtZDQ3Zi00Njk5LWEwNmYtYTBhODhlNjIwNDgx2AIB4AIB&ucfs=1&arphpl=1&checkin=2026-06-01&checkout=2026-06-02&group_adults=2&req_adults=2&no_rooms=1&group_children=0&req_children=0&hpos=8&hapos=33&sr_order=popularity&srpvid=44c2739040d0051c&srepoch=1778343976&all_sr_blocks=1015026904_414003313_2_1_0&highlighted_blocks=1015026904_414003313_2_1_0&matching_block_id=1015026904_414003313_2_1_0&sr_pri_blocks=1015026904_414003313_2_1_0__23000&from=searchresults,5/9/2026
Marsa Matruh,See you soon blue Beach,1234,EGP,2,0,1,8.3,20,Marsa Matruh,16.3 km from downtown,3,Apartment,Two-Bedroom Apartment,No,,Free parking,https://www.booking.com/hotel/eg/msyf-blwbytsh-l-byd.html?aid=304142&label=gen173nr-10CAQoggI46wdIMVgEaEOIAQGYATO4ARfIAQzYAQPoAQH4AQGIAgGoAgG4AqHA_c8GwAIB0gIkNjczZDZkZTMtZDQ3Zi00Njk5LWEwNmYtYTBhODhlNjIwNDgx2AIB4AIB&ucfs=1&arphpl=1&checkin=2026-06-01&checkout=2026-06-02&group_adults=2&req_adults=2&no_rooms=1&group_children=0&req_children=0&hpos=9&hapos=34&sr_order=popularity&srpvid=44c2739040d0051c&srepoch=1778343976&all_sr_blocks=1431558901_414714741_2_0_0&highlighted_blocks=1431558901_414714741_2_0_0&matching_block_id=1431558901_414714741_2_0_0&sr_pri_blocks=1431558901_414714741_2_0_0__2340&from=searchresults,5/9/2026
Marsa Matruh,شاليه مكيف بقريه الأندلسيه,2273,EGP,2,0,1,8,5,Marsa Matruh,5.4 km from downtown,4,Apartment,Two-Bedroom Apartment,Yes,,"Free parking, Restaurant",https://www.booking.com/hotel/eg/shlyh-grftyn-bhdyqh-bqryh-ndlsyh.html?aid=304142&label=gen173nr-10CAQoggI46wdIMVgEaEOIAQGYATO4ARfIAQzYAQPoAQH4AQGIAgGoAgG4AqHA_c8GwAIB0gIkNjczZDZkZTMtZDQ3Zi00Njk5LWEwNmYtYTBhODhlNjIwNDgx2AIB4AIB&ucfs=1&arphpl=1&checkin=2026-06-01&checkout=2026-06-02&group_adults=2&req_adults=2&no_rooms=1&group_children=0&req_children=0&hpos=10&hapos=35&sr_order=popularity&srpvid=44c2739040d0051c&srepoch=1778343976&all_sr_blocks=1045584301_376885919_0_0_0&highlighted_blocks=1045584301_376885919_0_0_0&matching_block_id=1045584301_376885919_0_0_0&sr_pri_blocks=1045584301_376885919_0_0_0__4312&from=searchresults,5/9/2026
Marsa Matruh,بيت العز للشقق الفندقية - علم الروم Bet Elezz Apartments-Alam Elrom,2003,EGP,2,0,1,8.9,43,Marsa Matruh,10.1 km from downtown,4,Apartment,Two-Bedroom Apartment with Terrace and Sea View,No,,Free parking,https://www.booking.com/hotel/eg/byt-l-z-bet-elezz.html?aid=304142&label=gen173nr-10CAQoggI46wdIMVgEaEOIAQGYATO4ARfIAQzYAQPoAQH4AQGIAgGoAgG4AqHA_c8GwAIB0gIkNjczZDZkZTMtZDQ3Zi00Njk5LWEwNmYtYTBhODhlNjIwNDgx2AIB4AIB&ucfs=1&arphpl=1&checkin=2026-06-01&checkout=2026-06-02&group_adults=2&req_adults=2&no_rooms=1&group_children=0&req_children=0&hpos=11&hapos=36&sr_order=popularity&srpvid=44c2739040d0051c&srepoch=1778343976&all_sr_blocks=535320702_422884825_2_0_0&highlighted_blocks=535320702_422884825_2_0_0&matching_block_id=535320702_422884825_2_0_0&sr_pri_blocks=535320702_422884825_2_0_0__3800&from=searchresults,5/9/2026
Marsa Matruh,Amwaj Fayrouz,2479,EGP,2,0,1,,,Marsa Matruh,3 km from downtown,,Apartment,Two-Bedroom Apartment,No,,"Free parking, Bar, Free Wifi",https://www.booking.com/hotel/eg/amwaj-fayrouz.html?aid=304142&label=gen173nr-10CAQoggI46wdIMVgEaEOIAQGYATO4ARfIAQzYAQPoAQH4AQGIAgGoAgG4AqHA_c8GwAIB0gIkNjczZDZkZTMtZDQ3Zi00Njk5LWEwNmYtYTBhODhlNjIwNDgx2AIB4AIB&ucfs=1&arphpl=1&checkin=2026-06-01&checkout=2026-06-02&group_adults=2&req_adults=2&no_rooms=1&group_children=0&req_children=0&hpos=12&hapos=37&sr_order=popularity&srpvid=44c2739040d0051c&srepoch=1778343976&all_sr_blocks=1624710001_433195788_2_0_0&highlighted_blocks=1624710001_433195788_2_0_0&matching_block_id=1624710001_433195788_2_0_0&sr_pri_blocks=1624710001_433195788_2_0_0__4702&from=searchresults,5/9/2026
Marsa Matruh,شالية قرية اصالة بلو باى مرسي مطروح,1503,EGP,2,0,1,6.9,7,Marsa Matruh,3.8 km from downtown,3,Apartment,Three-Bedroom Apartment,No,,"Free parking, Restaurant",https://www.booking.com/hotel/eg/shly-mrsy-mtrwh-mrs-mtrwh.html?aid=304142&label=gen173nr-10CAQoggI46wdIMVgEaEOIAQGYATO4ARfIAQzYAQPoAQH4AQGIAgGoAgG4AqHA_c8GwAIB0gIkNjczZDZkZTMtZDQ3Zi00Njk5LWEwNmYtYTBhODhlNjIwNDgx2AIB4AIB&ucfs=1&arphpl=1&checkin=2026-06-01&checkout=2026-06-02&group_adults=2&req_adults=2&no_rooms=1&group_children=0&req_children=0&hpos=13&hapos=38&sr_order=popularity&srpvid=44c2739040d0051c&srepoch=1778343976&all_sr_blocks=1427249501_414297622_6_0_0_1362344&highlighted_blocks=1427249501_414297622_6_0_0_1362344&matching_block_id=1427249501_414297622_6_0_0_1362344&sr_pri_blocks=1427249501_414297622_6_0_0_1362344_2850&from=searchresults,5/9/2026
Marsa Matruh,Sea Front Zen Chalet Families Only,8013,EGP,2,0,1,9.8,8,Marsa Matruh,3.1 km from downtown,,Apartment,Three-Bedroom Apartment,No,,"Free parking, Free Wifi",https://www.booking.com/hotel/eg/sea-front-zen-chalet.html?aid=304142&label=gen173nr-10CAQoggI46wdIMVgEaEOIAQGYATO4ARfIAQzYAQPoAQH4AQGIAgGoAgG4AqHA_c8GwAIB0gIkNjczZDZkZTMtZDQ3Zi00Njk5LWEwNmYtYTBhODhlNjIwNDgx2AIB4AIB&ucfs=1&arphpl=1&checkin=2026-06-01&checkout=2026-06-02&group_adults=2&req_adults=2&no_rooms=1&group_children=0&req_children=0&hpos=14&hapos=39&sr_order=popularity&srpvid=44c2739040d0051c&srepoch=1778343976&all_sr_blocks=1398260501_411698465_2_0_0&highlighted_blocks=1398260501_411698465_2_0_0&matching_block_id=1398260501_411698465_2_0_0&sr_pri_blocks=1398260501_411698465_2_0_0__15200&from=searchresults,5/9/2026
Marsa Matruh,بورتو مطروح,3943,EGP,2,0,1,6.9,12,Marsa Matruh,6.9 km from downtown,4,Hotel,Chalet,Yes,,"Hot tub/Jacuzzi, Restaurant",https://www.booking.com/hotel/eg/bwrtw-mtrwh-mrs-mtrwh1234.html?aid=304142&label=gen173nr-10CAQoggI46wdIMVgEaEOIAQGYATO4ARfIAQzYAQPoAQH4AQGIAgGoAgG4AqHA_c8GwAIB0gIkNjczZDZkZTMtZDQ3Zi00Njk5LWEwNmYtYTBhODhlNjIwNDgx2AIB4AIB&ucfs=1&arphpl=1&checkin=2026-06-01&checkout=2026-06-02&group_adults=2&req_adults=2&no_rooms=1&group_children=0&req_children=0&hpos=15&hapos=40&sr_order=popularity&srpvid=44c2739040d0051c&srepoch=1778343976&all_sr_blocks=629791517_397523079_4_0_0&highlighted_blocks=629791517_397523079_4_0_0&matching_block_id=629791517_397523079_4_0_0&sr_pri_blocks=629791517_397523079_4_0_0__7480&from=searchresults,5/9/2026
Marsa Matruh,شاليه رائع مجدد للعائلات فقط باندلسيه مطروح,1845,EGP,2,0,1,9.4,7,Marsa Matruh,4.8 km from downtown,3,Apartment,One-Bedroom Apartment,No,,"Free parking, Spa, Restaurant",https://www.booking.com/hotel/eg/shlyh-mmyz-bqryh-ndlsyh-bmtrwh.html?aid=304142&label=gen173nr-10CAQoggI46wdIMVgEaEOIAQGYATO4ARfIAQzYAQPoAQH4AQGIAgGoAgG4AqHA_c8GwAIB0gIkNjczZDZkZTMtZDQ3Zi00Njk5LWEwNmYtYTBhODhlNjIwNDgx2AIB4AIB&ucfs=1&arphpl=1&checkin=2026-06-01&checkout=2026-06-02&group_adults=2&req_adults=2&no_rooms=1&group_children=0&req_children=0&hpos=16&hapos=41&sr_order=popularity&srpvid=44c2739040d0051c&srepoch=1778343976&all_sr_blocks=878974401_376934948_2_0_0&highlighted_blocks=878974401_376934948_2_0_0&matching_block_id=878974401_376934948_2_0_0&sr_pri_blocks=878974401_376934948_2_0_0__3500&from=searchresults,5/9/2026
Marsa Matruh,مرسى مطروح - سورتلاج Sortilag 2 family only,5008,EGP,2,0,1,8.7,19,Marsa Matruh,3.9 km from downtown,4,Apartment,Two-Bedroom Apartment,No,,Free parking,https://www.booking.com/hotel/eg/swrtylj-mtrwh-2-sortilag-2.html?aid=304142&label=gen173nr-10CAQoggI46wdIMVgEaEOIAQGYATO4ARfIAQzYAQPoAQH4AQGIAgGoAgG4AqHA_c8GwAIB0gIkNjczZDZkZTMtZDQ3Zi00Njk5LWEwNmYtYTBhODhlNjIwNDgx2AIB4AIB&ucfs=1&arphpl=1&checkin=2026-06-01&checkout=2026-06-02&group_adults=2&req_adults=2&no_rooms=1&group_children=0&req_children=0&hpos=17&hapos=42&sr_order=popularity&srpvid=44c2739040d0051c&srepoch=1778343976&all_sr_blocks=1227136701_394747853_0_0_0&highlighted_blocks=1227136701_394747853_0_0_0&matching_block_id=1227136701_394747853_0_0_0&sr_pri_blocks=1227136701_394747853_0_0_0__9500&from=searchresults,5/9/2026
Marsa Matruh,First Row Sea-Front Chalets Media Village,4697,EGP,2,0,1,8.1,8,Marsa Matruh,17.5 km from downtown,,Villa,Chalet,No,,Free parking,https://www.booking.com/hotel/eg/first-row-sea-front-chalets-media-village.html?aid=304142&label=gen173nr-10CAQoggI46wdIMVgEaEOIAQGYATO4ARfIAQzYAQPoAQH4AQGIAgGoAgG4AqHA_c8GwAIB0gIkNjczZDZkZTMtZDQ3Zi00Njk5LWEwNmYtYTBhODhlNjIwNDgx2AIB4AIB&ucfs=1&arphpl=1&checkin=2026-06-01&checkout=2026-06-02&group_adults=2&req_adults=2&no_rooms=1&group_children=0&req_children=0&hpos=18&hapos=43&sr_order=popularity&srpvid=44c2739040d0051c&srepoch=1778343976&all_sr_blocks=1277168701_400614567_11_0_0&highlighted_blocks=1277168701_400614567_11_0_0&matching_block_id=1277168701_400614567_11_0_0&sr_pri_blocks=1277168701_400614567_11_0_0__8910&from=searchresults,5/9/2026
Marsa Matruh,Triumph White Sands Hotel,7117,EGP,2,0,1,8.5,564,Marsa Matruh,1.8 km from downtown,4,Hotel,Deluxe Room - Twin beds - City View,No,Breakfast included,"Hot tub/Jacuzzi, Spa, Restaurant",https://www.booking.com/hotel/eg/triumph-white-sands.html?aid=304142&label=gen173nr-10CAQoggI46wdIMVgEaEOIAQGYATO4ARfIAQzYAQPoAQH4AQGIAgGoAgG4AqHA_c8GwAIB0gIkNjczZDZkZTMtZDQ3Zi00Njk5LWEwNmYtYTBhODhlNjIwNDgx2AIB4AIB&ucfs=1&arphpl=1&checkin=2026-06-01&checkout=2026-06-02&group_adults=2&req_adults=2&no_rooms=1&group_children=0&req_children=0&hpos=19&hapos=44&sr_order=popularity&srpvid=44c2739040d0051c&srepoch=1778343976&all_sr_blocks=966085304_369097039_2_33_0_289890&highlighted_blocks=966085304_369097039_2_33_0_289890&matching_block_id=966085304_369097039_2_33_0_289890&sr_pri_blocks=966085304_369097039_2_33_0_289890_13500&from=searchresults,5/9/2026
Marsa Matruh,Jewel Beach Matrouh Hotel,3585,EGP,2,0,1,5.6,152,Marsa Matruh,1.4 km from downtown,5,Hotel,Budget Double Room,No,Breakfast included,"Hot tub/Jacuzzi, Spa, Restaurant",https://www.booking.com/hotel/eg/jewel-beach-matrouh.html?aid=304142&label=gen173nr-10CAQoggI46wdIMVgEaEOIAQGYATO4ARfIAQzYAQPoAQH4AQGIAgGoAgG4AqHA_c8GwAIB0gIkNjczZDZkZTMtZDQ3Zi00Njk5LWEwNmYtYTBhODhlNjIwNDgx2AIB4AIB&ucfs=1&arphpl=1&checkin=2026-06-01&checkout=2026-06-02&group_adults=2&req_adults=2&no_rooms=1&group_children=0&req_children=0&hpos=20&hapos=45&sr_order=popularity&srpvid=44c2739040d0051c&srepoch=1778343976&all_sr_blocks=744606911_344849255_2_9_0&highlighted_blocks=744606911_344849255_2_9_0&matching_block_id=744606911_344849255_2_9_0&sr_pri_blocks=744606911_344849255_2_9_0__6800&from=searchresults,5/9/2026
Marsa Matruh,شاليه بقرية القصر السياحية للايجار ب مطروح إمتداد شاطيء الأبيض حمام السباحة في القرية به صيانه,1850,EGP,2,0,1,7.9,15,Marsa Matruh,8.2 km from downtown,,Hotel,Two-Bedroom Chalet,No,,Free parking,https://www.booking.com/hotel/eg/shlyh-bqry-syhy-llyjr-b-mtrwh-mtdd-shty-l-byd-shty-khs-tr-lbhr-mn-ltrs-mlhwzh-hm.html?aid=304142&label=gen173nr-10CAQoggI46wdIMVgEaEOIAQGYATO4ARfIAQzYAQPoAQH4AQGIAgGoAgG4AqHA_c8GwAIB0gIkNjczZDZkZTMtZDQ3Zi00Njk5LWEwNmYtYTBhODhlNjIwNDgx2AIB4AIB&ucfs=1&arphpl=1&checkin=2026-06-01&checkout=2026-06-02&group_adults=2&req_adults=2&no_rooms=1&group_children=0&req_children=0&hpos=21&hapos=46&sr_order=popularity&srpvid=44c2739040d0051c&srepoch=1778343976&all_sr_blocks=1248786901_397238412_6_0_0&highlighted_blocks=1248786901_397238412_6_0_0&matching_block_id=1248786901_397238412_6_0_0&sr_pri_blocks=1248786901_397238412_6_0_0__3510&from=searchresults,5/9/2026
Marsa Matruh,برج الصقور,712,EGP,2,0,1,,,Marsa Matruh,350 m from downtown,,Apartment,Two-Bedroom Apartment,No,,"Free Wifi, 24-hour front desk",https://www.booking.com/hotel/eg/brj-lsqwr.html?aid=304142&label=gen173nr-10CAQoggI46wdIMVgEaEOIAQGYATO4ARfIAQzYAQPoAQH4AQGIAgGoAgG4AqHA_c8GwAIB0gIkNjczZDZkZTMtZDQ3Zi00Njk5LWEwNmYtYTBhODhlNjIwNDgx2AIB4AIB&ucfs=1&arphpl=1&checkin=2026-06-01&checkout=2026-06-02&group_adults=2&req_adults=2&no_rooms=1&group_children=0&req_children=0&hpos=22&hapos=47&sr_order=popularity&srpvid=44c2739040d0051c&srepoch=1778343976&all_sr_blocks=1547596601_426000026_5_0_0&highlighted_blocks=1547596601_426000026_5_0_0&matching_block_id=1547596601_426000026_5_0_0&sr_pri_blocks=1547596601_426000026_5_0_0__1350&from=searchresults,5/9/2026
Marsa Matruh,MASR Chalet - Porto Matrouh,2372,EGP,2,0,1,9,17,Marsa Matruh,6.7 km from downtown,4,Apartment,One-Bedroom Apartment,No,,Free parking,https://www.booking.com/hotel/eg/masr-chalet-porto-marsa-matrouh.html?aid=304142&label=gen173nr-10CAQoggI46wdIMVgEaEOIAQGYATO4ARfIAQzYAQPoAQH4AQGIAgGoAgG4AqHA_c8GwAIB0gIkNjczZDZkZTMtZDQ3Zi00Njk5LWEwNmYtYTBhODhlNjIwNDgx2AIB4AIB&ucfs=1&arphpl=1&checkin=2026-06-01&checkout=2026-06-02&group_adults=2&req_adults=2&no_rooms=1&group_children=0&req_children=0&hpos=23&hapos=48&sr_order=popularity&srpvid=44c2739040d0051c&srepoch=1778343976&all_sr_blocks=1070358801_379549650_3_0_0&highlighted_blocks=1070358801_379549650_3_0_0&matching_block_id=1070358801_379549650_3_0_0&sr_pri_blocks=1070358801_379549650_3_0_0__4500&from=searchresults,5/9/2026
Marsa Matruh,"Sakhra Hotel & Spa, Almaza Bay",27833,EGP,2,0,1,8.4,48,"Almaza Bay, Marsa Matruh",33.9 km from downtown,5,Hotel,"Deluxe, King or Twin Bed, Pool View",Yes,Breakfast included,"Hot tub/Jacuzzi, Heated pool, Free parking",https://www.booking.com/hotel/eg/jaz-sakhra.html?aid=304142&label=gen173nr-10CAQoggI46wdIMVgEaEOIAQGYATO4ARfIAQzYAQPoAQH4AQGIAgGoAgG4AqHA_c8GwAIB0gIkNjczZDZkZTMtZDQ3Zi00Njk5LWEwNmYtYTBhODhlNjIwNDgx2AIB4AIB&ucfs=1&arphpl=1&checkin=2026-06-01&checkout=2026-06-02&group_adults=2&req_adults=2&no_rooms=1&group_children=0&req_children=0&hpos=24&hapos=49&sr_order=popularity&srpvid=44c2739040d0051c&srepoch=1778343976&all_sr_blocks=1151711201_432037060_2_1_0&highlighted_blocks=1151711201_432037060_2_1_0&matching_block_id=1151711201_432037060_2_1_0&sr_pri_blocks=1151711201_432037060_2_1_0__52794&from=searchresults,5/9/2026
Marsa Matruh,El Obayed Apartments Armed Forces,3669,EGP,2,0,1,6,70,Marsa Matruh,16.8 km from downtown,4,Apartment,Two-Bedroom Apartment with Sea View,No,,Restaurant,https://www.booking.com/hotel/eg/el-obayed-apartments-armed-forces.html?aid=304142&label=gen173nr-10CAQoggI46wdIMVgEaEOIAQGYATO4ARfIAQzYAQPoAQH4AQGIAgGoAgG4AqHA_c8GwAIB0gIkNjczZDZkZTMtZDQ3Zi00Njk5LWEwNmYtYTBhODhlNjIwNDgx2AIB4AIB&ucfs=1&arphpl=1&checkin=2026-06-01&checkout=2026-06-02&group_adults=2&req_adults=2&no_rooms=1&group_children=0&req_children=0&hpos=25&hapos=50&sr_order=popularity&srpvid=44c2739040d0051c&srepoch=1778343976&all_sr_blocks=168022201_161259056_2_0_0&highlighted_blocks=168022201_161259056_2_0_0&matching_block_id=168022201_161259056_2_0_0&sr_pri_blocks=168022201_161259056_2_0_0__6960&from=searchresults,5/9/2026
Marsa Matruh,"Kynd 01 - Ras El Hikma, GAIA Compound",10913,EGP,2,0,1,9.3,106,Marsa Matruh,21.1 km from downtown,,Hotel,Double or Twin Room with Partial Sea View,No,Breakfast included,"Adults only, Free parking, Bar",https://www.booking.com/hotel/eg/kynd-01.html?aid=304142&label=gen173nr-10CAQoggI46wdIMVgEaEOIAQGYATO4ARfIAQzYAQPoAQH4AQGIAgGoAgG4AqHA_c8GwAIB0gIkNjczZDZkZTMtZDQ3Zi00Njk5LWEwNmYtYTBhODhlNjIwNDgx2AIB4AIB&ucfs=1&arphpl=1&checkin=2026-06-01&checkout=2026-06-02&group_adults=2&req_adults=2&no_rooms=1&group_children=0&req_children=0&hpos=1&hapos=51&sr_order=popularity&srpvid=44c2739040d0051c&srepoch=1778343981&all_sr_blocks=1041818601_394234485_2_1_0_441235&highlighted_blocks=1041818601_394234485_2_1_0_441235&matching_block_id=1041818601_394234485_2_1_0_441235&sr_pri_blocks=1041818601_394234485_2_1_0_441235_20700&from=searchresults,5/9/2026
Marsa Matruh,Porto Matrouh,3163,EGP,2,0,1,,,Marsa Matruh,6.6 km from downtown,,Hotel,Chalet,Yes,,Free parking,https://www.booking.com/hotel/eg/porto-matrouh-mersa-matruh1.html?aid=304142&label=gen173nr-10CAQoggI46wdIMVgEaEOIAQGYATO4ARfIAQzYAQPoAQH4AQGIAgGoAgG4AqHA_c8GwAIB0gIkNjczZDZkZTMtZDQ3Zi00Njk5LWEwNmYtYTBhODhlNjIwNDgx2AIB4AIB&ucfs=1&arphpl=1&checkin=2026-06-01&checkout=2026-06-02&group_adults=2&req_adults=2&no_rooms=1&group_children=0&req_children=0&hpos=2&hapos=52&sr_order=popularity&srpvid=44c2739040d0051c&srepoch=1778343981&all_sr_blocks=1069509701_416524039_0_0_0&highlighted_blocks=1069509701_416524039_0_0_0&matching_block_id=1069509701_416524039_0_0_0&sr_pri_blocks=1069509701_416524039_0_0_0__6000&from=searchresults,5/9/2026
Marsa Matruh,Porto Matrouh Beach Resort,3796,EGP,2,0,1,6.3,236,Marsa Matruh,7 km from downtown,5,Resort,Patio Suite,No,Breakfast included,"Restaurant, 24-hour front desk",https://www.booking.com/hotel/eg/porto-matrouh-beach-resort.html?aid=304142&label=gen173nr-10CAQoggI46wdIMVgEaEOIAQGYATO4ARfIAQzYAQPoAQH4AQGIAgGoAgG4AqHA_c8GwAIB0gIkNjczZDZkZTMtZDQ3Zi00Njk5LWEwNmYtYTBhODhlNjIwNDgx2AIB4AIB&ucfs=1&arphpl=1&checkin=2026-06-01&checkout=2026-06-02&group_adults=2&req_adults=2&no_rooms=1&group_children=0&req_children=0&hpos=3&hapos=53&sr_order=popularity&srpvid=44c2739040d0051c&srepoch=1778343981&all_sr_blocks=42319216_90512521_2_33_0&highlighted_blocks=42319216_90512521_2_33_0&matching_block_id=42319216_90512521_2_33_0&sr_pri_blocks=42319216_90512521_2_33_0__7200&from=searchresults,5/9/2026
Marsa Matruh,Doma Hotel Matrouh,1951,EGP,2,0,1,6.1,29,Marsa Matruh,2.6 km from downtown,3,Hotel,Double Room,Yes,Breakfast included,"Free parking, Restaurant, 24-hour front desk",https://www.booking.com/hotel/eg/doma-matrouh.html?aid=304142&label=gen173nr-10CAQoggI46wdIMVgEaEOIAQGYATO4ARfIAQzYAQPoAQH4AQGIAgGoAgG4AqHA_c8GwAIB0gIkNjczZDZkZTMtZDQ3Zi00Njk5LWEwNmYtYTBhODhlNjIwNDgx2AIB4AIB&ucfs=1&arphpl=1&checkin=2026-06-01&checkout=2026-06-02&group_adults=2&req_adults=2&no_rooms=1&group_children=0&req_children=0&hpos=4&hapos=54&sr_order=popularity&srpvid=44c2739040d0051c&srepoch=1778343981&all_sr_blocks=1345916207_407127069_2_9_0&highlighted_blocks=1345916207_407127069_2_9_0&matching_block_id=1345916207_407127069_2_9_0&sr_pri_blocks=1345916207_407127069_2_9_0__3700&from=searchresults,5/9/2026
Marsa Matruh,PORTO MATROUH-GREEN Beach family's only,3137,EGP,2,0,1,4.9,40,Marsa Matruh,6.6 km from downtown,5,Hotel,Studio with Pool View,Yes,,"Free parking, Restaurant",https://www.booking.com/hotel/eg/porto-matrouh-chalets-marsa-matruh.html?aid=304142&label=gen173nr-10CAQoggI46wdIMVgEaEOIAQGYATO4ARfIAQzYAQPoAQH4AQGIAgGoAgG4AqHA_c8GwAIB0gIkNjczZDZkZTMtZDQ3Zi00Njk5LWEwNmYtYTBhODhlNjIwNDgx2AIB4AIB&ucfs=1&arphpl=1&checkin=2026-06-01&checkout=2026-06-02&group_adults=2&req_adults=2&no_rooms=1&group_children=0&req_children=0&hpos=5&hapos=55&sr_order=popularity&srpvid=44c2739040d0051c&srepoch=1778343981&all_sr_blocks=663050412_394304982_0_0_0&highlighted_blocks=663050412_394304982_0_0_0&matching_block_id=663050412_394304982_0_0_0&sr_pri_blocks=663050412_394304982_0_0_0__5950&from=searchresults,5/9/2026
Marsa Matruh,شقه الهاني,1246,EGP,2,0,1,7.9,24,Marsa Matruh,0.7 km from downtown,4,Apartment,Two-Bedroom Apartment,No,,"Free parking, Free Wifi",https://www.booking.com/hotel/eg/shqh-lhny.html?aid=304142&label=gen173nr-10CAQoggI46wdIMVgEaEOIAQGYATO4ARfIAQzYAQPoAQH4AQGIAgGoAgG4AqHA_c8GwAIB0gIkNjczZDZkZTMtZDQ3Zi00Njk5LWEwNmYtYTBhODhlNjIwNDgx2AIB4AIB&ucfs=1&arphpl=1&checkin=2026-06-01&checkout=2026-06-02&group_adults=2&req_adults=2&no_rooms=1&group_children=0&req_children=0&hpos=6&hapos=56&sr_order=popularity&srpvid=44c2739040d0051c&srepoch=1778343981&all_sr_blocks=765706301_334038570_0_0_0&highlighted_blocks=765706301_334038570_0_0_0&matching_block_id=765706301_334038570_0_0_0&sr_pri_blocks=765706301_334038570_0_0_0__2363&from=searchresults,5/9/2026
Marsa Matruh,لؤلؤه الفيروز,605,EGP,2,0,1,9,1,Marsa Matruh,2.5 km from downtown,,Apartment,Two-Bedroom Family Apartment,No,,,https://www.booking.com/hotel/eg/shqh-lfyrwz.html?aid=304142&label=gen173nr-10CAQoggI46wdIMVgEaEOIAQGYATO4ARfIAQzYAQPoAQH4AQGIAgGoAgG4AqHA_c8GwAIB0gIkNjczZDZkZTMtZDQ3Zi00Njk5LWEwNmYtYTBhODhlNjIwNDgx2AIB4AIB&ucfs=1&arphpl=1&checkin=2026-06-01&checkout=2026-06-02&group_adults=2&req_adults=2&no_rooms=1&group_children=0&req_children=0&hpos=7&hapos=57&sr_order=popularity&srpvid=44c2739040d0051c&srepoch=1778343981&all_sr_blocks=1286657301_401610266_3_0_0&highlighted_blocks=1286657301_401610266_3_0_0&matching_block_id=1286657301_401610266_3_0_0&sr_pri_blocks=1286657301_401610266_3_0_0__1147&from=searchresults,5/9/2026
Marsa Matruh,فندق الحسيني,21088,EGP,2,0,1,,,Marsa Matruh,200 m from downtown,4,Hotel,Double Room with Private Bathroom,Yes,,,https://www.booking.com/hotel/eg/fndq-lhsyny.html?aid=304142&label=gen173nr-10CAQoggI46wdIMVgEaEOIAQGYATO4ARfIAQzYAQPoAQH4AQGIAgGoAgG4AqHA_c8GwAIB0gIkNjczZDZkZTMtZDQ3Zi00Njk5LWEwNmYtYTBhODhlNjIwNDgx2AIB4AIB&ucfs=1&arphpl=1&checkin=2026-06-01&checkout=2026-06-02&group_adults=2&req_adults=2&no_rooms=1&group_children=0&req_children=0&hpos=8&hapos=58&sr_order=popularity&srpvid=44c2739040d0051c&srepoch=1778343981&all_sr_blocks=1349075101_407246370_2_0_0&highlighted_blocks=1349075101_407246370_2_0_0&matching_block_id=1349075101_407246370_2_0_0&sr_pri_blocks=1349075101_407246370_2_0_0__40000&from=searchresults,5/9/2026
Marsa Matruh,Marsa matroh sortelag resort,1518,EGP,2,0,1,,,Marsa Matruh,1.2 km from downtown,,Resort,One-Bedroom Apartment,No,,,https://www.booking.com/hotel/eg/marsa-matroh-sortelag-resort.html?aid=304142&label=gen173nr-10CAQoggI46wdIMVgEaEOIAQGYATO4ARfIAQzYAQPoAQH4AQGIAgGoAgG4AqHA_c8GwAIB0gIkNjczZDZkZTMtZDQ3Zi00Njk5LWEwNmYtYTBhODhlNjIwNDgx2AIB4AIB&ucfs=1&arphpl=1&checkin=2026-06-01&checkout=2026-06-02&group_adults=2&req_adults=2&no_rooms=1&group_children=0&req_children=0&hpos=9&hapos=59&sr_order=popularity&srpvid=44c2739040d0051c&srepoch=1778343981&all_sr_blocks=1632843901_433770088_8_0_0&highlighted_blocks=1632843901_433770088_8_0_0&matching_block_id=1632843901_433770088_8_0_0&sr_pri_blocks=1632843901_433770088_8_0_0__2880&from=searchresults,5/9/2026
Marsa Matruh,سانتورين الساحل الشمالي,1054,EGP,2,0,1,,,Marsa Matruh,100 m from downtown,,Apartment,One-Bedroom Apartment,Yes,,Free parking,https://www.booking.com/hotel/eg/bwrtw-mtrwh-mrs-mtrwh5.html?aid=304142&label=gen173nr-10CAQoggI46wdIMVgEaEOIAQGYATO4ARfIAQzYAQPoAQH4AQGIAgGoAgG4AqHA_c8GwAIB0gIkNjczZDZkZTMtZDQ3Zi00Njk5LWEwNmYtYTBhODhlNjIwNDgx2AIB4AIB&ucfs=1&arphpl=1&checkin=2026-06-01&checkout=2026-06-02&group_adults=2&req_adults=2&no_rooms=1&group_children=0&req_children=0&hpos=10&hapos=60&sr_order=popularity&srpvid=44c2739040d0051c&srepoch=1778343981&all_sr_blocks=1442386201_422041537_4_0_0&highlighted_blocks=1442386201_422041537_4_0_0&matching_block_id=1442386201_422041537_4_0_0&sr_pri_blocks=1442386201_422041537_4_0_0__2000&from=searchresults,5/9/2026
Marsa Matruh,أجمل شاليه فى بورتو مطروح للعائلات فقط,3428,EGP,2,0,1,9.1,11,Marsa Matruh,20 m from downtown,,Hotel,Studio with Sea View,No,,"Free parking, 24-hour front desk",https://www.booking.com/hotel/eg/bwrtw-mtrwh-tryq-hmmt-klywbtr.html?aid=304142&label=gen173nr-10CAQoggI46wdIMVgEaEOIAQGYATO4ARfIAQzYAQPoAQH4AQGIAgGoAgG4AqHA_c8GwAIB0gIkNjczZDZkZTMtZDQ3Zi00Njk5LWEwNmYtYTBhODhlNjIwNDgx2AIB4AIB&ucfs=1&arphpl=1&checkin=2026-06-01&checkout=2026-06-02&group_adults=2&req_adults=2&no_rooms=1&group_children=0&req_children=0&hpos=11&hapos=61&sr_order=popularity&srpvid=44c2739040d0051c&srepoch=1778343981&all_sr_blocks=873924301_356206365_2_0_0&highlighted_blocks=873924301_356206365_2_0_0&matching_block_id=873924301_356206365_2_0_0&sr_pri_blocks=873924301_356206365_2_0_0__6502&from=searchresults,5/9/2026
Marsa Matruh,بورتو مطروح - Porto Matrouh,2610,EGP,2,0,1,,,Marsa Matruh,6.6 km from downtown,,Hotel,Double Room with Pool View,No,,Free parking,https://www.booking.com/hotel/eg/bwrtw-mtrwh-porto-matrouh-qsm-mrs-mtrwh.html?aid=304142&label=gen173nr-10CAQoggI46wdIMVgEaEOIAQGYATO4ARfIAQzYAQPoAQH4AQGIAgGoAgG4AqHA_c8GwAIB0gIkNjczZDZkZTMtZDQ3Zi00Njk5LWEwNmYtYTBhODhlNjIwNDgx2AIB4AIB&ucfs=1&arphpl=1&checkin=2026-06-01&checkout=2026-06-02&group_adults=2&req_adults=2&no_rooms=1&group_children=0&req_children=0&hpos=12&hapos=62&sr_order=popularity&srpvid=44c2739040d0051c&srepoch=1778343981&all_sr_blocks=1448349601_416228274_2_0_0&highlighted_blocks=1448349601_416228274_2_0_0&matching_block_id=1448349601_416228274_2_0_0&sr_pri_blocks=1448349601_416228274_2_0_0__4950&from=searchresults,5/9/2026
Marsa Matruh,للإيجار في مطروح شاليه داخل قرية سياحية شاليه شايف البحر امتداد شاطئ الابيض البحر متاح لكن حمام السباحة هذا الصيف به أعمال صيانه 130,851,EGP,2,0,1,8.3,38,Marsa Matruh,9.2 km from downtown,3,Hotel,Two-Bedroom Chalet,No,,Free parking,https://www.booking.com/hotel/eg/shly-llyjr-fy-mtrwh-shlyh-mtrwh-mrs-mtrwh-qry-syhy-shlyh-shyf-lbhr-shty-lbyd-l-b.html?aid=304142&label=gen173nr-10CAQoggI46wdIMVgEaEOIAQGYATO4ARfIAQzYAQPoAQH4AQGIAgGoAgG4AqHA_c8GwAIB0gIkNjczZDZkZTMtZDQ3Zi00Njk5LWEwNmYtYTBhODhlNjIwNDgx2AIB4AIB&ucfs=1&arphpl=1&checkin=2026-06-01&checkout=2026-06-02&group_adults=2&req_adults=2&no_rooms=1&group_children=0&req_children=0&hpos=13&hapos=63&sr_order=popularity&srpvid=44c2739040d0051c&srepoch=1778343981&all_sr_blocks=844401001_351333693_6_0_0&highlighted_blocks=844401001_351333693_6_0_0&matching_block_id=844401001_351333693_6_0_0&sr_pri_blocks=844401001_351333693_6_0_0__1615&from=searchresults,5/9/2026
Marsa Matruh,Almaza bay 3 bedroom superior chalet beach town,30050,EGP,2,0,1,,,"Almaza Bay, Marsa Matruh",35 km from downtown,,Apartment,Three-Bedroom Apartment,No,,"Free parking, Free Wifi",https://www.booking.com/hotel/eg/almaza-bay-3-bedroom-superior-chalet-beach-town.html?aid=304142&label=gen173nr-10CAQoggI46wdIMVgEaEOIAQGYATO4ARfIAQzYAQPoAQH4AQGIAgGoAgG4AqHA_c8GwAIB0gIkNjczZDZkZTMtZDQ3Zi00Njk5LWEwNmYtYTBhODhlNjIwNDgx2AIB4AIB&ucfs=1&arphpl=1&checkin=2026-06-01&checkout=2026-06-02&group_adults=2&req_adults=2&no_rooms=1&group_children=0&req_children=0&hpos=14&hapos=64&sr_order=popularity&srpvid=44c2739040d0051c&srepoch=1778343981&all_sr_blocks=1431873701_414741358_6_0_0&highlighted_blocks=1431873701_414741358_6_0_0&matching_block_id=1431873701_414741358_6_0_0&sr_pri_blocks=1431873701_414741358_6_0_0__57000&from=searchresults,5/9/2026
Marsa Matruh,"Bet Elezz-Alam Elrom Apartments, ""Lumiere Twelve""",1411,EGP,2,0,1,10,1,Marsa Matruh,10.1 km from downtown,3,Apartment,Two-Bedroom Apartment with City View,No,,Free parking,https://www.booking.com/hotel/eg/lumiere-twelve.html?aid=304142&label=gen173nr-10CAQoggI46wdIMVgEaEOIAQGYATO4ARfIAQzYAQPoAQH4AQGIAgGoAgG4AqHA_c8GwAIB0gIkNjczZDZkZTMtZDQ3Zi00Njk5LWEwNmYtYTBhODhlNjIwNDgx2AIB4AIB&ucfs=1&arphpl=1&checkin=2026-06-01&checkout=2026-06-02&group_adults=2&req_adults=2&no_rooms=1&group_children=0&req_children=0&hpos=15&hapos=65&sr_order=popularity&srpvid=44c2739040d0051c&srepoch=1778343981&all_sr_blocks=1457813101_417111911_2_0_0&highlighted_blocks=1457813101_417111911_2_0_0&matching_block_id=1457813101_417111911_2_0_0&sr_pri_blocks=1457813101_417111911_2_0_0__2677&from=searchresults,5/9/2026
Marsa Matruh,Jewel Inn Matrouh,4982,EGP,2,0,1,,,Marsa Matruh,1.9 km from downtown,4,Apartment,One-Bedroom Apartment with Sea View,No,Breakfast included,Free parking,https://www.booking.com/hotel/eg/jewel-inn-matrouh.html?aid=304142&label=gen173nr-10CAQoggI46wdIMVgEaEOIAQGYATO4ARfIAQzYAQPoAQH4AQGIAgGoAgG4AqHA_c8GwAIB0gIkNjczZDZkZTMtZDQ3Zi00Njk5LWEwNmYtYTBhODhlNjIwNDgx2AIB4AIB&ucfs=1&arphpl=1&checkin=2026-06-01&checkout=2026-06-02&group_adults=2&req_adults=2&no_rooms=1&group_children=0&req_children=0&hpos=16&hapos=66&sr_order=popularity&srpvid=44c2739040d0051c&srepoch=1778343981&all_sr_blocks=1447193701_416109472_2_1_0&highlighted_blocks=1447193701_416109472_2_1_0&matching_block_id=1447193701_416109472_2_1_0&sr_pri_blocks=1447193701_416109472_2_1_0__9450&from=searchresults,5/9/2026
Marsa Matruh,بورتوا مطروح,2509,EGP,2,0,1,,,Marsa Matruh,6.6 km from downtown,,Apartment,One-Bedroom Apartment,Yes,,,https://www.booking.com/hotel/eg/bwrtw-mtrwh-mrsy-mtrwh4.html?aid=304142&label=gen173nr-10CAQoggI46wdIMVgEaEOIAQGYATO4ARfIAQzYAQPoAQH4AQGIAgGoAgG4AqHA_c8GwAIB0gIkNjczZDZkZTMtZDQ3Zi00Njk5LWEwNmYtYTBhODhlNjIwNDgx2AIB4AIB&ucfs=1&arphpl=1&checkin=2026-06-01&checkout=2026-06-02&group_adults=2&req_adults=2&no_rooms=1&group_children=0&req_children=0&hpos=17&hapos=67&sr_order=popularity&srpvid=44c2739040d0051c&srepoch=1778343981&all_sr_blocks=1624804401_433203616_2_0_0&highlighted_blocks=1624804401_433203616_2_0_0&matching_block_id=1624804401_433203616_2_0_0&sr_pri_blocks=1624804401_433203616_2_0_0__4760&from=searchresults,5/9/2026
Marsa Matruh,"Bet Elezz-Alam Elrom Apartments, ""Favorite Destination 44""",1815,EGP,2,0,1,,,Marsa Matruh,10.1 km from downtown,3,Apartment,Two-Bedroom Apartment with Balcony and Sea View,No,,Free parking,https://www.booking.com/hotel/eg/favorite-destination-44.html?aid=304142&label=gen173nr-10CAQoggI46wdIMVgEaEOIAQGYATO4ARfIAQzYAQPoAQH4AQGIAgGoAgG4AqHA_c8GwAIB0gIkNjczZDZkZTMtZDQ3Zi00Njk5LWEwNmYtYTBhODhlNjIwNDgx2AIB4AIB&ucfs=1&arphpl=1&checkin=2026-06-01&checkout=2026-06-02&group_adults=2&req_adults=2&no_rooms=1&group_children=0&req_children=0&hpos=18&hapos=68&sr_order=popularity&srpvid=44c2739040d0051c&srepoch=1778343981&all_sr_blocks=1457562101_417099576_2_0_0&highlighted_blocks=1457562101_417099576_2_0_0&matching_block_id=1457562101_417099576_2_0_0&sr_pri_blocks=1457562101_417099576_2_0_0__3442&from=searchresults,5/9/2026
Marsa Matruh,Business Tower,2372,EGP,2,0,1,9.9,7,Marsa Matruh,1 km from downtown,,Hotel,Double Room with Sea View,No,,"Free parking, Free Wifi",https://www.booking.com/hotel/eg/rki-qryb-synyn-fqt.html?aid=304142&label=gen173nr-10CAQoggI46wdIMVgEaEOIAQGYATO4ARfIAQzYAQPoAQH4AQGIAgGoAgG4AqHA_c8GwAIB0gIkNjczZDZkZTMtZDQ3Zi00Njk5LWEwNmYtYTBhODhlNjIwNDgx2AIB4AIB&ucfs=1&arphpl=1&checkin=2026-06-01&checkout=2026-06-02&group_adults=2&req_adults=2&no_rooms=1&group_children=0&req_children=0&hpos=19&hapos=69&sr_order=popularity&srpvid=44c2739040d0051c&srepoch=1778343981&all_sr_blocks=1548573901_426091383_2_0_0&highlighted_blocks=1548573901_426091383_2_0_0&matching_block_id=1548573901_426091383_2_0_0&sr_pri_blocks=1548573901_426091383_2_0_0__4500&from=searchresults,5/9/2026
Marsa Matruh,Luxury units for rent on the sea Marsa Matrouh,6465,EGP,2,0,1,9.4,14,Marsa Matruh,0.5 km from downtown,3,Apartment,One-Bedroom Apartment,No,,Free Wifi,https://www.booking.com/hotel/eg/shqh-llyjr-msyf-mfrwsh-bmrs-mtrwh-shr-skndryh.html?aid=304142&label=gen173nr-10CAQoggI46wdIMVgEaEOIAQGYATO4ARfIAQzYAQPoAQH4AQGIAgGoAgG4AqHA_c8GwAIB0gIkNjczZDZkZTMtZDQ3Zi00Njk5LWEwNmYtYTBhODhlNjIwNDgx2AIB4AIB&ucfs=1&arphpl=1&checkin=2026-06-01&checkout=2026-06-02&group_adults=2&req_adults=2&no_rooms=1&group_children=0&req_children=0&hpos=20&hapos=70&sr_order=popularity&srpvid=44c2739040d0051c&srepoch=1778343981&all_sr_blocks=1196371201_391919911_3_0_0&highlighted_blocks=1196371201_391919911_3_0_0&matching_block_id=1196371201_391919911_3_0_0&sr_pri_blocks=1196371201_391919911_3_0_0__12263&from=searchresults,5/9/2026
Marsa Matruh,Chalet in porto matrouh,2221,EGP,2,0,1,,,Marsa Matruh,6.6 km from downtown,,Hotel,One-Bedroom Chalet,No,,Free parking,https://www.booking.com/hotel/eg/chalet-in-porto-matrouh-mersa-matruh1.html?aid=304142&label=gen173nr-10CAQoggI46wdIMVgEaEOIAQGYATO4ARfIAQzYAQPoAQH4AQGIAgGoAgG4AqHA_c8GwAIB0gIkNjczZDZkZTMtZDQ3Zi00Njk5LWEwNmYtYTBhODhlNjIwNDgx2AIB4AIB&ucfs=1&arphpl=1&checkin=2026-06-01&checkout=2026-06-02&group_adults=2&req_adults=2&no_rooms=1&group_children=0&req_children=0&hpos=21&hapos=71&sr_order=popularity&srpvid=44c2739040d0051c&srepoch=1778343981&all_sr_blocks=1453139001_416656466_2_0_0&highlighted_blocks=1453139001_416656466_2_0_0&matching_block_id=1453139001_416656466_2_0_0&sr_pri_blocks=1453139001_416656466_2_0_0__4212&from=searchresults,5/9/2026
Marsa Matruh,قريه الاندلسيه,1708,EGP,2,0,1,,,Marsa Matruh,4.6 km from downtown,,Apartment,Two-Bedroom Apartment,No,,"Free parking, Free Wifi",https://www.booking.com/hotel/eg/qryh-lndlsyh-mtrwh.html?aid=304142&label=gen173nr-10CAQoggI46wdIMVgEaEOIAQGYATO4ARfIAQzYAQPoAQH4AQGIAgGoAgG4AqHA_c8GwAIB0gIkNjczZDZkZTMtZDQ3Zi00Njk5LWEwNmYtYTBhODhlNjIwNDgx2AIB4AIB&ucfs=1&arphpl=1&checkin=2026-06-01&checkout=2026-06-02&group_adults=2&req_adults=2&no_rooms=1&group_children=0&req_children=0&hpos=22&hapos=72&sr_order=popularity&srpvid=44c2739040d0051c&srepoch=1778343981&all_sr_blocks=1623603401_433109135_6_0_0&highlighted_blocks=1623603401_433109135_6_0_0&matching_block_id=1623603401_433109135_6_0_0&sr_pri_blocks=1623603401_433109135_6_0_0__3240&from=searchresults,5/9/2026
Marsa Matruh,شاليهات مراسي للتنمية السياحيه,807,EGP,2,0,1,,,Marsa Matruh,5.2 km from downtown,,Apartment,Two-Bedroom Apartment,No,,Free parking,https://www.booking.com/hotel/eg/shlyht-shrk-mrsy-lltnmy-lsyhyh.html?aid=304142&label=gen173nr-10CAQoggI46wdIMVgEaEOIAQGYATO4ARfIAQzYAQPoAQH4AQGIAgGoAgG4AqHA_c8GwAIB0gIkNjczZDZkZTMtZDQ3Zi00Njk5LWEwNmYtYTBhODhlNjIwNDgx2AIB4AIB&ucfs=1&arphpl=1&checkin=2026-06-01&checkout=2026-06-02&group_adults=2&req_adults=2&no_rooms=1&group_children=0&req_children=0&hpos=23&hapos=73&sr_order=popularity&srpvid=44c2739040d0051c&srepoch=1778343981&all_sr_blocks=1501332001_421806480_2_0_0&highlighted_blocks=1501332001_421806480_2_0_0&matching_block_id=1501332001_421806480_2_0_0&sr_pri_blocks=1501332001_421806480_2_0_0__1530&from=searchresults,5/9/2026
Marsa Matruh,villa on the sea quiet place,3843,EGP,2,0,1,,,Marsa Matruh,3.8 km from downtown,4,Villa,Three-Bedroom Villa,No,,"Free parking, Free Wifi",https://www.booking.com/hotel/eg/villa-on-the-sea-quiet-place-mersa-matruh.html?aid=304142&label=gen173nr-10CAQoggI46wdIMVgEaEOIAQGYATO4ARfIAQzYAQPoAQH4AQGIAgGoAgG4AqHA_c8GwAIB0gIkNjczZDZkZTMtZDQ3Zi00Njk5LWEwNmYtYTBhODhlNjIwNDgx2AIB4AIB&ucfs=1&arphpl=1&checkin=2026-06-01&checkout=2026-06-02&group_adults=2&req_adults=2&no_rooms=1&group_children=0&req_children=0&hpos=24&hapos=74&sr_order=popularity&srpvid=44c2739040d0051c&srepoch=1778343981&all_sr_blocks=1574915001_428576484_9_0_0&highlighted_blocks=1574915001_428576484_9_0_0&matching_block_id=1574915001_428576484_9_0_0&sr_pri_blocks=1574915001_428576484_9_0_0__7290&from=searchresults,5/9/2026
Marsa Matruh,Porto Matrouh VIP,3690,EGP,2,0,1,,,Marsa Matruh,6.6 km from downtown,,Apartment,One-Bedroom Apartment,Yes,,Free parking,https://www.booking.com/hotel/eg/porto-matrouh-qsm-mrs-mtrwh14.html?aid=304142&label=gen173nr-10CAQoggI46wdIMVgEaEOIAQGYATO4ARfIAQzYAQPoAQH4AQGIAgGoAgG4AqHA_c8GwAIB0gIkNjczZDZkZTMtZDQ3Zi00Njk5LWEwNmYtYTBhODhlNjIwNDgx2AIB4AIB&ucfs=1&arphpl=1&checkin=2026-06-01&checkout=2026-06-02&group_adults=2&req_adults=2&no_rooms=1&group_children=0&req_children=0&hpos=25&hapos=75&sr_order=popularity&srpvid=44c2739040d0051c&srepoch=1778343981&all_sr_blocks=1461553001_420674898_2_0_0&highlighted_blocks=1461553001_420674898_2_0_0&matching_block_id=1461553001_420674898_2_0_0&sr_pri_blocks=1461553001_420674898_2_0_0__7000&from=searchresults,5/9/2026
Dahab,Penguin Village Dahab,2372,EGP,2,0,1,9.2,561,Dahab,0.6 km from downtown,3,Villa,Standard Double back view (No Balcony),Yes,,"Restaurant, Free Wifi, 24-hour front desk",https://www.booking.com/hotel/eg/penguin-village-dahab.html?aid=304142&label=gen173nr-10CAQoggI46wdIMVgEaEOIAQGYATO4ARfIAQzYAQPoAQH4AQGIAgGoAgG4AozB_c8GwAIB0gIkNTg1N2NlODctMzhmNy00OTVjLWI2YjctZWU0OTQxNzkyOTU42AIB4AIB&ucfs=1&arphpl=1&checkin=2026-06-01&checkout=2026-06-02&group_adults=2&req_adults=2&no_rooms=1&group_children=0&req_children=0&hpos=1&hapos=1&sr_order=popularity&srpvid=01ee73c6d8f6008f&srepoch=1778344094&all_sr_blocks=45490108_273894332_2_0_0&highlighted_blocks=45490108_273894332_2_0_0&matching_block_id=45490108_273894332_2_0_0&sr_pri_blocks=45490108_273894332_2_0_0__4500&from=searchresults,5/9/2026
Dahab,Coral Reefs Hotel Dahab,1153,EGP,2,0,1,8.4,541,Dahab,250 m from downtown,,Hotel,Deluxe Triple Room,No,,"Bar, Free Wifi, 24-hour front desk",https://www.booking.com/hotel/eg/coral-reefs-dahab.html?aid=304142&label=gen173nr-10CAQoggI46wdIMVgEaEOIAQGYATO4ARfIAQzYAQPoAQH4AQGIAgGoAgG4AozB_c8GwAIB0gIkNTg1N2NlODctMzhmNy00OTVjLWI2YjctZWU0OTQxNzkyOTU42AIB4AIB&ucfs=1&arphpl=1&checkin=2026-06-01&checkout=2026-06-02&group_adults=2&req_adults=2&no_rooms=1&group_children=0&req_children=0&hpos=2&hapos=2&sr_order=popularity&srpvid=01ee73c6d8f6008f&srepoch=1778344094&all_sr_blocks=815124903_343936155_0_2_0&highlighted_blocks=815124903_343936155_0_2_0&matching_block_id=815124903_343936155_0_2_0&sr_pri_blocks=815124903_343936155_0_2_0__2187&from=searchresults,5/9/2026
Dahab,Villa 22,1613,EGP,2,0,1,8.2,264,Dahab,400 m from downtown,4,Villa,Deluxe Double or Twin Room,Yes,Breakfast included,"Free parking, Free Wifi, 24-hour front desk",https://www.booking.com/hotel/eg/villa-22.html?aid=304142&label=gen173nr-10CAQoggI46wdIMVgEaEOIAQGYATO4ARfIAQzYAQPoAQH4AQGIAgGoAgG4AozB_c8GwAIB0gIkNTg1N2NlODctMzhmNy00OTVjLWI2YjctZWU0OTQxNzkyOTU42AIB4AIB&ucfs=1&arphpl=1&checkin=2026-06-01&checkout=2026-06-02&group_adults=2&req_adults=2&no_rooms=1&group_children=0&req_children=0&hpos=3&hapos=3&sr_order=popularity&srpvid=01ee73c6d8f6008f&srepoch=1778344094&all_sr_blocks=739134406_400066469_2_33_0&highlighted_blocks=739134406_400066469_2_33_0&matching_block_id=739134406_400066469_2_33_0&sr_pri_blocks=739134406_400066469_2_33_0__3060&from=searchresults,5/9/2026
Dahab,Amanda beach hotel,961,EGP,2,0,1,7.3,168,Dahab,0.9 km from downtown,,Hotel,Standard Double Room,Yes,,"Free parking, Restaurant, Free Wifi",https://www.booking.com/hotel/eg/amanda-beach.html?aid=304142&label=gen173nr-10CAQoggI46wdIMVgEaEOIAQGYATO4ARfIAQzYAQPoAQH4AQGIAgGoAgG4AozB_c8GwAIB0gIkNTg1N2NlODctMzhmNy00OTVjLWI2YjctZWU0OTQxNzkyOTU42AIB4AIB&ucfs=1&arphpl=1&checkin=2026-06-01&checkout=2026-06-02&group_adults=2&req_adults=2&no_rooms=1&group_children=0&req_children=0&hpos=4&hapos=4&sr_order=popularity&srpvid=01ee73c6d8f6008f&srepoch=1778344094&all_sr_blocks=1309698905_403748982_2_2_0&highlighted_blocks=1309698905_403748982_2_2_0&matching_block_id=1309698905_403748982_2_2_0&sr_pri_blocks=1309698905_403748982_2_2_0__1822&from=searchresults,5/9/2026
Dahab,Dolphin Camp,1513,EGP,2,0,1,,,Dahab,400 m from downtown,,Hotel,Bungalow,No,Breakfast included,"Free parking, Free Wifi, 24-hour front desk",https://www.booking.com/hotel/eg/dolphin-camp-dahab1.html?aid=304142&label=gen173nr-10CAQoggI46wdIMVgEaEOIAQGYATO4ARfIAQzYAQPoAQH4AQGIAgGoAgG4AozB_c8GwAIB0gIkNTg1N2NlODctMzhmNy00OTVjLWI2YjctZWU0OTQxNzkyOTU42AIB4AIB&ucfs=1&arphpl=1&checkin=2026-06-01&checkout=2026-06-02&group_adults=2&req_adults=2&no_rooms=1&group_children=0&req_children=0&hpos=5&hapos=5&sr_order=popularity&srpvid=01ee73c6d8f6008f&srepoch=1778344094&all_sr_blocks=730307006_399154935_2_1_0&highlighted_blocks=730307006_399154935_2_1_0&matching_block_id=730307006_399154935_2_1_0&sr_pri_blocks=730307006_399154935_2_1_0__2869&from=searchresults,5/9/2026
Dahab,Nomads Hostel,1440,EGP,2,0,1,8.9,270,Dahab,350 m from downtown,,Hostel,Double Room with Shared Bathroom,Yes,Breakfast included,"Free parking, Free Wifi",https://www.booking.com/hotel/eg/nomads-hostels.html?aid=304142&label=gen173nr-10CAQoggI46wdIMVgEaEOIAQGYATO4ARfIAQzYAQPoAQH4AQGIAgGoAgG4AozB_c8GwAIB0gIkNTg1N2NlODctMzhmNy00OTVjLWI2YjctZWU0OTQxNzkyOTU42AIB4AIB&ucfs=1&arphpl=1&checkin=2026-06-01&checkout=2026-06-02&group_adults=2&req_adults=2&no_rooms=1&group_children=0&req_children=0&hpos=6&hapos=6&sr_order=popularity&srpvid=01ee73c6d8f6008f&srepoch=1778344094&all_sr_blocks=1343241104_411121928_2_1_0&highlighted_blocks=1343241104_411121928_2_1_0&matching_block_id=1343241104_411121928_2_1_0&sr_pri_blocks=1343241104_411121928_2_1_0__2732&from=searchresults,5/9/2026
Dahab,The Bedouin Moon,2330,EGP,2,0,1,9.1,826,Dahab,2.4 km from downtown,3,Hotel,Twin Room with Mountain View,Yes,Breakfast included,"Free parking, Restaurant, 24-hour front desk",https://www.booking.com/hotel/eg/the-bedouin-moon-studios-dahab.html?aid=304142&label=gen173nr-10CAQoggI46wdIMVgEaEOIAQGYATO4ARfIAQzYAQPoAQH4AQGIAgGoAgG4AozB_c8GwAIB0gIkNTg1N2NlODctMzhmNy00OTVjLWI2YjctZWU0OTQxNzkyOTU42AIB4AIB&ucfs=1&arphpl=1&checkin=2026-06-01&checkout=2026-06-02&group_adults=2&req_adults=2&no_rooms=1&group_children=0&req_children=0&hpos=7&hapos=7&sr_order=popularity&srpvid=01ee73c6d8f6008f&srepoch=1778344118&all_sr_blocks=0_0_2_1_0&highlighted_blocks=0_0_2_1_0&matching_block_id=0_0_2_1_0&sr_pri_blocks=0_0_2_1_0__4420&from=searchresults,5/9/2026
Dahab,Dahab dahab,1708,EGP,2,0,1,,,Dahab,1 km from downtown,,Apartment,One-Bedroom Apartment,Yes,,Free Wifi,https://www.booking.com/hotel/eg/dahab-dahab-dahab.html?aid=304142&label=gen173nr-10CAQoggI46wdIMVgEaEOIAQGYATO4ARfIAQzYAQPoAQH4AQGIAgGoAgG4AozB_c8GwAIB0gIkNTg1N2NlODctMzhmNy00OTVjLWI2YjctZWU0OTQxNzkyOTU42AIB4AIB&ucfs=1&arphpl=1&checkin=2026-06-01&checkout=2026-06-02&group_adults=2&req_adults=2&no_rooms=1&group_children=0&req_children=0&hpos=8&hapos=8&sr_order=popularity&srpvid=01ee73c6d8f6008f&srepoch=1778344118&all_sr_blocks=1607089101_431643521_0_0_0&highlighted_blocks=1607089101_431643521_0_0_0&matching_block_id=1607089101_431643521_0_0_0&sr_pri_blocks=1607089101_431643521_0_0_0__3240&from=searchresults,5/9/2026
Dahab,Tropitel Dahab Oasis,4401,EGP,2,0,1,9.4,2949,Dahab,6.2 km from downtown,4,Inn,Standard Room with Garden View,Yes,Breakfast & dinner included,"Heated pool, Free parking",https://www.booking.com/hotel/eg/tropitel-dahab-oasis.html?aid=304142&label=gen173nr-10CAQoggI46wdIMVgEaEOIAQGYATO4ARfIAQzYAQPoAQH4AQGIAgGoAgG4AozB_c8GwAIB0gIkNTg1N2NlODctMzhmNy00OTVjLWI2YjctZWU0OTQxNzkyOTU42AIB4AIB&ucfs=1&arphpl=1&checkin=2026-06-01&checkout=2026-06-02&group_adults=2&req_adults=2&no_rooms=1&group_children=0&req_children=0&hpos=9&hapos=9&sr_order=popularity&srpvid=01ee73c6d8f6008f&srepoch=1778344118&all_sr_blocks=23834205_0_2_17_0&highlighted_blocks=23834205_0_2_17_0&matching_block_id=23834205_0_2_17_0&sr_pri_blocks=23834205_0_2_17_0__8347&from_sustainable_property_sr=1&from=searchresults,5/9/2026
Dahab,Elite Residence Dahab,2910,EGP,2,0,1,8.8,572,Dahab,0.8 km from downtown,5,Apartment,Standard Twin Room,Yes,,"Hot tub/Jacuzzi, Free parking, Restaurant",https://www.booking.com/hotel/eg/elite-residence.html?aid=304142&label=gen173nr-10CAQoggI46wdIMVgEaEOIAQGYATO4ARfIAQzYAQPoAQH4AQGIAgGoAgG4AozB_c8GwAIB0gIkNTg1N2NlODctMzhmNy00OTVjLWI2YjctZWU0OTQxNzkyOTU42AIB4AIB&ucfs=1&arphpl=1&checkin=2026-06-01&checkout=2026-06-02&group_adults=2&req_adults=2&no_rooms=1&group_children=0&req_children=0&hpos=10&hapos=10&sr_order=popularity&srpvid=01ee73c6d8f6008f&srepoch=1778344118&all_sr_blocks=736037014_404589732_2_42_0_744543&highlighted_blocks=736037014_404589732_2_42_0_744543&matching_block_id=736037014_404589732_2_42_0_744543&sr_pri_blocks=736037014_404589732_2_42_0_744543_5520&from=searchresults,5/9/2026
Dahab,The Castle Hotel & studios,1927,EGP,2,0,1,8.1,94,Dahab,0.7 km from downtown,4,Hotel,Queen Room with Balcony,Yes,Breakfast included,"Free parking, Restaurant, Free Wifi",https://www.booking.com/hotel/eg/thecastle.html?aid=304142&label=gen173nr-10CAQoggI46wdIMVgEaEOIAQGYATO4ARfIAQzYAQPoAQH4AQGIAgGoAgG4AozB_c8GwAIB0gIkNTg1N2NlODctMzhmNy00OTVjLWI2YjctZWU0OTQxNzkyOTU42AIB4AIB&ucfs=1&arphpl=1&checkin=2026-06-01&checkout=2026-06-02&group_adults=2&req_adults=2&no_rooms=1&group_children=0&req_children=0&hpos=11&hapos=11&sr_order=popularity&srpvid=01ee73c6d8f6008f&srepoch=1778344118&all_sr_blocks=558319802_432236019_0_33_0_281094&highlighted_blocks=558319802_432236019_0_33_0_281094&matching_block_id=558319802_432236019_0_33_0_281094&sr_pri_blocks=558319802_432236019_0_33_0_281094_3655&from=searchresults,5/9/2026
Dahab,Retac Qunay Dahab Resort & SPA,5299,EGP,2,0,1,8.7,1668,Dahab,4.7 km from downtown,5,Resort,Standard Room Partial Sea View with Balcony,No,,"Hot tub/Jacuzzi, Heated pool, Free parking",https://www.booking.com/hotel/eg/dahabresort.html?aid=304142&label=gen173nr-10CAQoggI46wdIMVgEaEOIAQGYATO4ARfIAQzYAQPoAQH4AQGIAgGoAgG4AozB_c8GwAIB0gIkNTg1N2NlODctMzhmNy00OTVjLWI2YjctZWU0OTQxNzkyOTU42AIB4AIB&ucfs=1&arphpl=1&checkin=2026-06-01&checkout=2026-06-02&group_adults=2&req_adults=2&no_rooms=1&group_children=0&req_children=0&hpos=12&hapos=12&sr_order=popularity&srpvid=01ee73c6d8f6008f&srepoch=1778344118&all_sr_blocks=1612610_0_2_0_0&highlighted_blocks=1612610_0_2_0_0&matching_block_id=1612610_0_2_0_0&sr_pri_blocks=1612610_0_2_0_0__10051&from=searchresults,5/9/2026
Dahab,Blue Residence Dahab,1837,EGP,2,0,1,8.8,147,Dahab,0.8 km from downtown,4,Apartment,Double Room with Terrace,No,Breakfast included,"Free parking, Bar, Restaurant",https://www.booking.com/hotel/eg/blue-residence-dahab-dahab1.html?aid=304142&label=gen173nr-10CAQoggI46wdIMVgEaEOIAQGYATO4ARfIAQzYAQPoAQH4AQGIAgGoAgG4AozB_c8GwAIB0gIkNTg1N2NlODctMzhmNy00OTVjLWI2YjctZWU0OTQxNzkyOTU42AIB4AIB&ucfs=1&arphpl=1&checkin=2026-06-01&checkout=2026-06-02&group_adults=2&req_adults=2&no_rooms=1&group_children=0&req_children=0&hpos=13&hapos=13&sr_order=popularity&srpvid=01ee73c6d8f6008f&srepoch=1778344118&all_sr_blocks=1036386117_424788917_2_9_0&highlighted_blocks=1036386117_424788917_2_9_0&matching_block_id=1036386117_424788917_2_9_0&sr_pri_blocks=1036386117_424788917_2_9_0__3484&from=searchresults,5/9/2026
Dahab,Happy Land Hotel Dahab,1951,EGP,2,0,1,7.8,232,Dahab,0.6 km from downtown,,Hotel,Deluxe Double Room,Yes,Breakfast included,"Free parking, Bar, Restaurant",https://www.booking.com/hotel/eg/new-happy-land.html?aid=304142&label=gen173nr-10CAQoggI46wdIMVgEaEOIAQGYATO4ARfIAQzYAQPoAQH4AQGIAgGoAgG4AozB_c8GwAIB0gIkNTg1N2NlODctMzhmNy00OTVjLWI2YjctZWU0OTQxNzkyOTU42AIB4AIB&ucfs=1&arphpl=1&checkin=2026-06-01&checkout=2026-06-02&group_adults=2&req_adults=2&no_rooms=1&group_children=0&req_children=0&hpos=14&hapos=14&sr_order=popularity&srpvid=01ee73c6d8f6008f&srepoch=1778344118&all_sr_blocks=700591801_335455726_2_1_0&highlighted_blocks=700591801_335455726_2_1_0&matching_block_id=700591801_335455726_2_1_0&sr_pri_blocks=700591801_335455726_2_1_0__3700&from=searchresults,5/9/2026
Dahab,Ecotel Dahab Bay View Resort,4428,EGP,2,0,1,7.8,792,Dahab,6.1 km from downtown,4,Resort,Standard Double Room with Sea View,Yes,Breakfast & dinner included,"Hot tub/Jacuzzi, Free parking, Spa",https://www.booking.com/hotel/eg/mercure-dahab-bay-view.html?aid=304142&label=gen173nr-10CAQoggI46wdIMVgEaEOIAQGYATO4ARfIAQzYAQPoAQH4AQGIAgGoAgG4AozB_c8GwAIB0gIkNTg1N2NlODctMzhmNy00OTVjLWI2YjctZWU0OTQxNzkyOTU42AIB4AIB&ucfs=1&arphpl=1&checkin=2026-06-01&checkout=2026-06-02&group_adults=2&req_adults=2&no_rooms=1&group_children=0&req_children=0&hpos=15&hapos=15&sr_order=popularity&srpvid=01ee73c6d8f6008f&srepoch=1778344118&all_sr_blocks=23774610_418473448_2_25_0&highlighted_blocks=23774610_418473448_2_25_0&matching_block_id=23774610_418473448_2_25_0&sr_pri_blocks=23774610_418473448_2_25_0__8400&from=searchresults,5/9/2026
Dahab,Al Deira Dahab Hotel,2341,EGP,2,0,1,8.9,509,Dahab,0.7 km from downtown,,Hotel,Double Room with Mountain View,Yes,Breakfast included,"Free parking, Free Wifi, 24-hour front desk",https://www.booking.com/hotel/eg/al-deira-dahab-camp.html?aid=304142&label=gen173nr-10CAQoggI46wdIMVgEaEOIAQGYATO4ARfIAQzYAQPoAQH4AQGIAgGoAgG4AozB_c8GwAIB0gIkNTg1N2NlODctMzhmNy00OTVjLWI2YjctZWU0OTQxNzkyOTU42AIB4AIB&ucfs=1&arphpl=1&checkin=2026-06-01&checkout=2026-06-02&group_adults=2&req_adults=2&no_rooms=1&group_children=0&req_children=0&hpos=16&hapos=16&sr_order=popularity&srpvid=01ee73c6d8f6008f&srepoch=1778344118&all_sr_blocks=944044903_414313607_2_1_0&highlighted_blocks=944044903_414313607_2_1_0&matching_block_id=944044903_414313607_2_1_0&sr_pri_blocks=944044903_414313607_2_1_0__4440&from=searchresults,5/9/2026
Dahab,Tree House Hotel Dahab,1582,EGP,2,0,1,7.7,11,Dahab,350 m from downtown,,Hotel,Standard Twin Room with Sea View,Yes,Breakfast included,"Free parking, Free Wifi",https://www.booking.com/hotel/eg/tree-house-dahab-dahab.html?aid=304142&label=gen173nr-10CAQoggI46wdIMVgEaEOIAQGYATO4ARfIAQzYAQPoAQH4AQGIAgGoAgG4AozB_c8GwAIB0gIkNTg1N2NlODctMzhmNy00OTVjLWI2YjctZWU0OTQxNzkyOTU42AIB4AIB&ucfs=1&arphpl=1&checkin=2026-06-01&checkout=2026-06-02&group_adults=2&req_adults=2&no_rooms=1&group_children=0&req_children=0&hpos=17&hapos=17&sr_order=popularity&srpvid=01ee73c6d8f6008f&srepoch=1778344118&all_sr_blocks=1409520102_431831891_2_1_0&highlighted_blocks=1409520102_431831891_2_1_0&matching_block_id=1409520102_431831891_2_1_0&sr_pri_blocks=1409520102_431831891_2_1_0__3000&from=searchresults,5/9/2026
Dahab,Swiss Royal DAHAB,2497,EGP,2,0,1,9.3,188,Dahab,1.1 km from downtown,4,Hotel,Standard Studio,Yes,Breakfast included,"Hot tub/Jacuzzi, Free parking, Bar",https://www.booking.com/hotel/eg/swiss-royal-dahab-dahab.html?aid=304142&label=gen173nr-10CAQoggI46wdIMVgEaEOIAQGYATO4ARfIAQzYAQPoAQH4AQGIAgGoAgG4AozB_c8GwAIB0gIkNTg1N2NlODctMzhmNy00OTVjLWI2YjctZWU0OTQxNzkyOTU42AIB4AIB&ucfs=1&arphpl=1&checkin=2026-06-01&checkout=2026-06-02&group_adults=2&req_adults=2&no_rooms=1&group_children=0&req_children=0&hpos=18&hapos=18&sr_order=popularity&srpvid=01ee73c6d8f6008f&srepoch=1778344118&all_sr_blocks=620991813_375252910_2_1_0&highlighted_blocks=620991813_375252910_2_1_0&matching_block_id=620991813_375252910_2_1_0&sr_pri_blocks=620991813_375252910_2_1_0__4736&from=searchresults,5/9/2026
Dahab,Eldorado Lodge and Restaurant,2498,EGP,2,0,1,8.4,84,Dahab,1 km from downtown,,Hotel,Standard Double or Twin Room,No,,"Adults only, Bar, Restaurant",https://www.booking.com/hotel/eg/eldorado-lodge-and-restaurant.html?aid=304142&label=gen173nr-10CAQoggI46wdIMVgEaEOIAQGYATO4ARfIAQzYAQPoAQH4AQGIAgGoAgG4AozB_c8GwAIB0gIkNTg1N2NlODctMzhmNy00OTVjLWI2YjctZWU0OTQxNzkyOTU42AIB4AIB&ucfs=1&arphpl=1&checkin=2026-06-01&checkout=2026-06-02&group_adults=2&req_adults=2&no_rooms=1&group_children=0&req_children=0&hpos=19&hapos=19&sr_order=popularity&srpvid=01ee73c6d8f6008f&srepoch=1778344118&all_sr_blocks=37307401_406625013_2_2_0_1187265&highlighted_blocks=37307401_406625013_2_2_0_1187265&matching_block_id=37307401_406625013_2_2_0_1187265&sr_pri_blocks=37307401_406625013_2_2_0_1187265_4738&from=searchresults,5/9/2026
Dahab,Star Of Dahab Hotel,2620,EGP,2,0,1,8.4,90,Dahab,0.8 km from downtown,,Hotel,Deluxe Double Room,No,,"Free parking, Restaurant, Free Wifi",https://www.booking.com/hotel/eg/star-of-dahab.html?aid=304142&label=gen173nr-10CAQoggI46wdIMVgEaEOIAQGYATO4ARfIAQzYAQPoAQH4AQGIAgGoAgG4AozB_c8GwAIB0gIkNTg1N2NlODctMzhmNy00OTVjLWI2YjctZWU0OTQxNzkyOTU42AIB4AIB&ucfs=1&arphpl=1&checkin=2026-06-01&checkout=2026-06-02&group_adults=2&req_adults=2&no_rooms=1&group_children=0&req_children=0&hpos=20&hapos=20&sr_order=popularity&srpvid=01ee73c6d8f6008f&srepoch=1778344118&all_sr_blocks=23781602_88786576_0_42_0_581818&highlighted_blocks=23781602_88786576_0_42_0_581818&matching_block_id=23781602_88786576_0_42_0_581818&sr_pri_blocks=23781602_88786576_0_42_0_581818_4970&from=searchresults,5/9/2026
Dahab,Shams Hotel & Dive Centre,2695,EGP,2,0,1,8.5,385,Dahab,200 m from downtown,,Hotel,Bungalow,No,Breakfast included,"Restaurant, Free Wifi",https://www.booking.com/hotel/eg/shams.html?aid=304142&label=gen173nr-10CAQoggI46wdIMVgEaEOIAQGYATO4ARfIAQzYAQPoAQH4AQGIAgGoAgG4AozB_c8GwAIB0gIkNTg1N2NlODctMzhmNy00OTVjLWI2YjctZWU0OTQxNzkyOTU42AIB4AIB&ucfs=1&arphpl=1&checkin=2026-06-01&checkout=2026-06-02&group_adults=2&req_adults=2&no_rooms=1&group_children=0&req_children=0&hpos=21&hapos=21&sr_order=popularity&srpvid=01ee73c6d8f6008f&srepoch=1778344119&all_sr_blocks=37253512_306932426_2_41_0&highlighted_blocks=37253512_306932426_2_41_0&matching_block_id=37253512_306932426_2_41_0&sr_pri_blocks=37253512_306932426_2_41_0__5112&from=searchresults,5/9/2026
Dahab,Mony House,1139,EGP,2,0,1,,,Dahab,1.7 km from downtown,,Apartment,One-Bedroom Apartment,No,,"Free parking, Free Wifi",https://www.booking.com/hotel/eg/mony-house-dhb.html?aid=304142&label=gen173nr-10CAQoggI46wdIMVgEaEOIAQGYATO4ARfIAQzYAQPoAQH4AQGIAgGoAgG4AozB_c8GwAIB0gIkNTg1N2NlODctMzhmNy00OTVjLWI2YjctZWU0OTQxNzkyOTU42AIB4AIB&ucfs=1&arphpl=1&checkin=2026-06-01&checkout=2026-06-02&group_adults=2&req_adults=2&no_rooms=1&group_children=0&req_children=0&hpos=22&hapos=22&sr_order=popularity&srpvid=01ee73c6d8f6008f&srepoch=1778344119&all_sr_blocks=1636726701_434042461_4_0_0&highlighted_blocks=1636726701_434042461_4_0_0&matching_block_id=1636726701_434042461_4_0_0&sr_pri_blocks=1636726701_434042461_4_0_0__2160&from=searchresults,5/9/2026
Dahab,NEOM DAHAB - - - - - - - - - - - Your new hotel in Dahab with private beach,5402,EGP,2,0,1,8.8,128,Dahab,1.9 km from downtown,,Apartment,Classic One-Bedroom Apartment with King Bed,Yes,Breakfast included,"Heated pool, Free parking, Bar",https://www.booking.com/hotel/eg/neom-dahab-dahab.html?aid=304142&label=gen173nr-10CAQoggI46wdIMVgEaEOIAQGYATO4ARfIAQzYAQPoAQH4AQGIAgGoAgG4AozB_c8GwAIB0gIkNTg1N2NlODctMzhmNy00OTVjLWI2YjctZWU0OTQxNzkyOTU42AIB4AIB&ucfs=1&arphpl=1&checkin=2026-06-01&checkout=2026-06-02&group_adults=2&req_adults=2&no_rooms=1&group_children=0&req_children=0&hpos=23&hapos=23&sr_order=popularity&srpvid=01ee73c6d8f6008f&srepoch=1778344119&all_sr_blocks=1159523413_388665539_2_1_0&highlighted_blocks=1159523413_388665539_2_1_0&matching_block_id=1159523413_388665539_2_1_0&sr_pri_blocks=1159523413_388665539_2_1_0__10247&from=searchresults,5/9/2026
Dahab,Greek Camp,791,EGP,2,0,1,7.7,161,Dahab,300 m from downtown,,Hotel,Double Room with Shared Toilet,No,,"Free parking, Bar",https://www.booking.com/hotel/eg/greek-camp-dahab1.html?aid=304142&label=gen173nr-10CAQoggI46wdIMVgEaEOIAQGYATO4ARfIAQzYAQPoAQH4AQGIAgGoAgG4AozB_c8GwAIB0gIkNTg1N2NlODctMzhmNy00OTVjLWI2YjctZWU0OTQxNzkyOTU42AIB4AIB&ucfs=1&arphpl=1&checkin=2026-06-01&checkout=2026-06-02&group_adults=2&req_adults=2&no_rooms=1&group_children=0&req_children=0&hpos=24&hapos=24&sr_order=popularity&srpvid=01ee73c6d8f6008f&srepoch=1778344119&all_sr_blocks=1084412804_389132503_2_0_0&highlighted_blocks=1084412804_389132503_2_0_0&matching_block_id=1084412804_389132503_2_0_0&sr_pri_blocks=1084412804_389132503_2_0_0__1500&from=searchresults,5/9/2026
Dahab,Dahab Divers,2017,EGP,2,0,1,8.2,123,Dahab,0.6 km from downtown,,Hotel,Mosses Divers House Double Room,No,,"Free parking, Restaurant, Free Wifi",https://www.booking.com/hotel/eg/dahab-divers-south-sinai.html?aid=304142&label=gen173nr-10CAQoggI46wdIMVgEaEOIAQGYATO4ARfIAQzYAQPoAQH4AQGIAgGoAgG4AozB_c8GwAIB0gIkNTg1N2NlODctMzhmNy00OTVjLWI2YjctZWU0OTQxNzkyOTU42AIB4AIB&ucfs=1&arphpl=1&checkin=2026-06-01&checkout=2026-06-02&group_adults=2&req_adults=2&no_rooms=1&group_children=0&req_children=0&hpos=25&hapos=25&sr_order=popularity&srpvid=01ee73c6d8f6008f&srepoch=1778344119&all_sr_blocks=26317403_98946055_0_42_0&highlighted_blocks=26317403_98946055_0_42_0&matching_block_id=26317403_98946055_0_42_0&sr_pri_blocks=26317403_98946055_0_42_0__3825&from=searchresults,5/9/2026
Dahab,Dahab Paradise,3573,EGP,2,0,1,9.3,100,Dahab,2.8 km from downtown,3,Hotel,Double Room,Yes,Breakfast included,"Free parking, Bar, Restaurant",https://www.booking.com/hotel/eg/dahab-paradise.html?aid=304142&label=gen173nr-10CAQoggI46wdIMVgEaEOIAQGYATO4ARfIAQzYAQPoAQH4AQGIAgGoAgG4AozB_c8GwAIB0gIkNTg1N2NlODctMzhmNy00OTVjLWI2YjctZWU0OTQxNzkyOTU42AIB4AIB&ucfs=1&arphpl=1&checkin=2026-06-01&checkout=2026-06-02&group_adults=2&req_adults=2&no_rooms=1&group_children=0&req_children=0&hpos=1&hapos=26&sr_order=popularity&srpvid=01ee73c6d8f6008f&srepoch=1778344090&all_sr_blocks=1617902_0_2_1_0&highlighted_blocks=1617902_0_2_1_0&matching_block_id=1617902_0_2_1_0&sr_pri_blocks=1617902_0_2_1_0__6777&from=searchresults,5/9/2026
Dahab,Auski Hostel Dahab,1054,EGP,2,0,1,8.4,119,Dahab,450 m from downtown,,Hostel,Double Room with Shared Bathroom,No,,"Free parking, Free Wifi, 24-hour front desk",https://www.booking.com/hotel/eg/auski-hostel-dahab-dhb.html?aid=304142&label=gen173nr-10CAQoggI46wdIMVgEaEOIAQGYATO4ARfIAQzYAQPoAQH4AQGIAgGoAgG4AozB_c8GwAIB0gIkNTg1N2NlODctMzhmNy00OTVjLWI2YjctZWU0OTQxNzkyOTU42AIB4AIB&ucfs=1&arphpl=1&checkin=2026-06-01&checkout=2026-06-02&group_adults=2&req_adults=2&no_rooms=1&group_children=0&req_children=0&hpos=2&hapos=27&sr_order=popularity&srpvid=01ee73c6d8f6008f&srepoch=1778344090&all_sr_blocks=842068305_421580467_2_0_0&highlighted_blocks=842068305_421580467_2_0_0&matching_block_id=842068305_421580467_2_0_0&sr_pri_blocks=842068305_421580467_2_0_0__2000&from=searchresults,5/9/2026
Dahab,Dahab Bay hotel,2528,EGP,2,0,1,8,168,Dahab,2.6 km from downtown,3,Hotel,Deluxe Double Room (2 Adults + 1 Child),Yes,Breakfast included,"Free parking, Bar, Restaurant",https://www.booking.com/hotel/eg/new-dahab-bay-room.html?aid=304142&label=gen173nr-10CAQoggI46wdIMVgEaEOIAQGYATO4ARfIAQzYAQPoAQH4AQGIAgGoAgG4AozB_c8GwAIB0gIkNTg1N2NlODctMzhmNy00OTVjLWI2YjctZWU0OTQxNzkyOTU42AIB4AIB&ucfs=1&arphpl=1&checkin=2026-06-01&checkout=2026-06-02&group_adults=2&req_adults=2&no_rooms=1&group_children=0&req_children=0&hpos=3&hapos=28&sr_order=popularity&srpvid=01ee73c6d8f6008f&srepoch=1778344090&all_sr_blocks=679582002_383645371_2_41_0&highlighted_blocks=679582002_383645371_2_41_0&matching_block_id=679582002_383645371_2_41_0&sr_pri_blocks=679582002_383645371_2_41_0__4796&from=searchresults,5/9/2026
Dahab,Rafiki Hostels - Dahab,2064,EGP,2,0,1,8.9,658,Dahab,0.8 km from downtown,,Hostel,Queen Room with Garden View,No,Breakfast included,"Adults only, Free parking, Free Wifi",https://www.booking.com/hotel/eg/rafiki-hostels-dahab.html?aid=304142&label=gen173nr-10CAQoggI46wdIMVgEaEOIAQGYATO4ARfIAQzYAQPoAQH4AQGIAgGoAgG4AozB_c8GwAIB0gIkNTg1N2NlODctMzhmNy00OTVjLWI2YjctZWU0OTQxNzkyOTU42AIB4AIB&ucfs=1&arphpl=1&checkin=2026-06-01&checkout=2026-06-02&group_adults=2&req_adults=2&no_rooms=1&group_children=0&req_children=0&hpos=4&hapos=29&sr_order=popularity&srpvid=01ee73c6d8f6008f&srepoch=1778344090&all_sr_blocks=885208134_357973546_0_33_0&highlighted_blocks=885208134_357973546_0_33_0&matching_block_id=885208134_357973546_0_33_0&sr_pri_blocks=885208134_357973546_0_33_0__3915&from=searchresults,5/9/2026
Dahab,Geo Palace,2109,EGP,2,0,1,8.9,36,Dahab,1.5 km from downtown,4,Hotel,Deluxe Double Room,Yes,Breakfast included,"Free Wifi, 24-hour front desk",https://www.booking.com/hotel/eg/geo-palace.html?aid=304142&label=gen173nr-10CAQoggI46wdIMVgEaEOIAQGYATO4ARfIAQzYAQPoAQH4AQGIAgGoAgG4AozB_c8GwAIB0gIkNTg1N2NlODctMzhmNy00OTVjLWI2YjctZWU0OTQxNzkyOTU42AIB4AIB&ucfs=1&arphpl=1&checkin=2026-06-01&checkout=2026-06-02&group_adults=2&req_adults=2&no_rooms=1&group_children=0&req_children=0&hpos=5&hapos=30&sr_order=popularity&srpvid=01ee73c6d8f6008f&srepoch=1778344090&all_sr_blocks=702569503_410716177_2_1_0&highlighted_blocks=702569503_410716177_2_1_0&matching_block_id=702569503_410716177_2_1_0&sr_pri_blocks=702569503_410716177_2_1_0__4000&from=searchresults,5/9/2026
Dahab,Hakuna Matata Dahab,1845,EGP,2,0,1,9,87,Dahab,1.4 km from downtown,,Hotel,King Room with Mountain View,Yes,,"Free parking, Free Wifi",https://www.booking.com/hotel/eg/hakuna-matata.html?aid=304142&label=gen173nr-10CAQoggI46wdIMVgEaEOIAQGYATO4ARfIAQzYAQPoAQH4AQGIAgGoAgG4AozB_c8GwAIB0gIkNTg1N2NlODctMzhmNy00OTVjLWI2YjctZWU0OTQxNzkyOTU42AIB4AIB&ucfs=1&arphpl=1&checkin=2026-06-01&checkout=2026-06-02&group_adults=2&req_adults=2&no_rooms=1&group_children=0&req_children=0&hpos=6&hapos=31&sr_order=popularity&srpvid=01ee73c6d8f6008f&srepoch=1778344090&all_sr_blocks=1139117204_389450956_2_0_0&highlighted_blocks=1139117204_389450956_2_0_0&matching_block_id=1139117204_389450956_2_0_0&sr_pri_blocks=1139117204_389450956_2_0_0__3500&from=searchresults,5/9/2026
Dahab,Tranquilo Boutique Hostel - Dahab,1518,EGP,2,0,1,9.4,216,Dahab,0.7 km from downtown,,Hostel,Deluxe Double Room,Yes,Breakfast included,"Adults only, Free parking, Free Wifi",https://www.booking.com/hotel/eg/tranquilo-boutique-hostel.html?aid=304142&label=gen173nr-10CAQoggI46wdIMVgEaEOIAQGYATO4ARfIAQzYAQPoAQH4AQGIAgGoAgG4AozB_c8GwAIB0gIkNTg1N2NlODctMzhmNy00OTVjLWI2YjctZWU0OTQxNzkyOTU42AIB4AIB&ucfs=1&arphpl=1&checkin=2026-06-01&checkout=2026-06-02&group_adults=2&req_adults=2&no_rooms=1&group_children=0&req_children=0&hpos=7&hapos=32&sr_order=popularity&srpvid=01ee73c6d8f6008f&srepoch=1778344090&all_sr_blocks=1070689108_404491074_2_1_0&highlighted_blocks=1070689108_404491074_2_1_0&matching_block_id=1070689108_404491074_2_1_0&sr_pri_blocks=1070689108_404491074_2_1_0__2880&from=searchresults,5/9/2026
Dahab,Sunrise Dahab lodge,1582,EGP,2,0,1,9,67,Dahab,0.5 km from downtown,3,Hotel,Double Room with Private Bathroom,Yes,,"Free Wifi, 24-hour front desk",https://www.booking.com/hotel/eg/sunrise-camp-dahab.html?aid=304142&label=gen173nr-10CAQoggI46wdIMVgEaEOIAQGYATO4ARfIAQzYAQPoAQH4AQGIAgGoAgG4AozB_c8GwAIB0gIkNTg1N2NlODctMzhmNy00OTVjLWI2YjctZWU0OTQxNzkyOTU42AIB4AIB&ucfs=1&arphpl=1&checkin=2026-06-01&checkout=2026-06-02&group_adults=2&req_adults=2&no_rooms=1&group_children=0&req_children=0&hpos=8&hapos=33&sr_order=popularity&srpvid=01ee73c6d8f6008f&srepoch=1778344090&all_sr_blocks=539591109_193762355_2_2_0&highlighted_blocks=539591109_193762355_2_2_0&matching_block_id=539591109_193762355_2_2_0&sr_pri_blocks=539591109_193762355_2_2_0__3000&from=searchresults,5/9/2026
Dahab,Dahab Motel,1160,EGP,2,0,1,8.7,17,Dahab,1.1 km from downtown,,Apartment,One-Bedroom Apartment,Yes,,"Free parking, Free Wifi",https://www.booking.com/hotel/eg/dahab-motel-dahab2.html?aid=304142&label=gen173nr-10CAQoggI46wdIMVgEaEOIAQGYATO4ARfIAQzYAQPoAQH4AQGIAgGoAgG4AozB_c8GwAIB0gIkNTg1N2NlODctMzhmNy00OTVjLWI2YjctZWU0OTQxNzkyOTU42AIB4AIB&ucfs=1&arphpl=1&checkin=2026-06-01&checkout=2026-06-02&group_adults=2&req_adults=2&no_rooms=1&group_children=0&req_children=0&hpos=9&hapos=34&sr_order=popularity&srpvid=01ee73c6d8f6008f&srepoch=1778344090&all_sr_blocks=1221115102_432042435_2_0_0&highlighted_blocks=1221115102_432042435_2_0_0&matching_block_id=1221115102_432042435_2_0_0&sr_pri_blocks=1221115102_432042435_2_0_0__2200&from=searchresults,5/9/2026
Dahab,Alaska Camp & Hotel,1142,EGP,2,0,1,7,175,Dahab,200 m from downtown,,Hotel,Double or Twin Room,No,Breakfast included,"Free parking, Free Wifi, 24-hour front desk",https://www.booking.com/hotel/eg/alaska-camp.html?aid=304142&label=gen173nr-10CAQoggI46wdIMVgEaEOIAQGYATO4ARfIAQzYAQPoAQH4AQGIAgGoAgG4AozB_c8GwAIB0gIkNTg1N2NlODctMzhmNy00OTVjLWI2YjctZWU0OTQxNzkyOTU42AIB4AIB&ucfs=1&arphpl=1&checkin=2026-06-01&checkout=2026-06-02&group_adults=2&req_adults=2&no_rooms=1&group_children=0&req_children=0&hpos=10&hapos=35&sr_order=popularity&srpvid=01ee73c6d8f6008f&srepoch=1778344090&all_sr_blocks=41061112_165562375_0_1_0&highlighted_blocks=41061112_165562375_0_1_0&matching_block_id=41061112_165562375_0_1_0&sr_pri_blocks=41061112_165562375_0_1_0__2166&from=searchresults,5/9/2026
Dahab,The Wind Farm,1582,EGP,2,0,1,8.8,132,Dahab,3 km from downtown,4,Hotel,Deluxe Bungalow with Garden View,Yes,Breakfast included,"Free parking, Restaurant, Free Wifi",https://www.booking.com/hotel/eg/the-wind-farm.html?aid=304142&label=gen173nr-10CAQoggI46wdIMVgEaEOIAQGYATO4ARfIAQzYAQPoAQH4AQGIAgGoAgG4AozB_c8GwAIB0gIkNTg1N2NlODctMzhmNy00OTVjLWI2YjctZWU0OTQxNzkyOTU42AIB4AIB&ucfs=1&arphpl=1&checkin=2026-06-01&checkout=2026-06-02&group_adults=2&req_adults=2&no_rooms=1&group_children=0&req_children=0&hpos=11&hapos=36&sr_order=popularity&srpvid=01ee73c6d8f6008f&srepoch=1778344090&all_sr_blocks=507344822_236696955_2_1_0&highlighted_blocks=507344822_236696955_2_1_0&matching_block_id=507344822_236696955_2_1_0&sr_pri_blocks=507344822_236696955_2_1_0__3000&from=searchresults,5/9/2026
Dahab,Villa Blanca Dahab,12360,EGP,2,0,1,8.6,15,Dahab,1.9 km from downtown,4,Villa,Villa,No,,"Hot tub/Jacuzzi, Free parking, Free Wifi",https://www.booking.com/hotel/eg/villa-blanca-dahab.html?aid=304142&label=gen173nr-10CAQoggI46wdIMVgEaEOIAQGYATO4ARfIAQzYAQPoAQH4AQGIAgGoAgG4AozB_c8GwAIB0gIkNTg1N2NlODctMzhmNy00OTVjLWI2YjctZWU0OTQxNzkyOTU42AIB4AIB&ucfs=1&arphpl=1&checkin=2026-06-01&checkout=2026-06-02&group_adults=2&req_adults=2&no_rooms=1&group_children=0&req_children=0&hpos=12&hapos=37&sr_order=popularity&srpvid=01ee73c6d8f6008f&srepoch=1778344090&all_sr_blocks=1141455301_386983906_6_0_0&highlighted_blocks=1141455301_386983906_6_0_0&matching_block_id=1141455301_386983906_6_0_0&sr_pri_blocks=1141455301_386983906_6_0_0__23444&from=searchresults,5/9/2026
Dahab,Diamond Dahab House,2372,EGP,2,0,1,9.1,118,Dahab,1.1 km from downtown,3,Hotel,Deluxe Double Room,Yes,,"Free parking, Restaurant, 24-hour front desk",https://www.booking.com/hotel/eg/diamond-dahab.html?aid=304142&label=gen173nr-10CAQoggI46wdIMVgEaEOIAQGYATO4ARfIAQzYAQPoAQH4AQGIAgGoAgG4AozB_c8GwAIB0gIkNTg1N2NlODctMzhmNy00OTVjLWI2YjctZWU0OTQxNzkyOTU42AIB4AIB&ucfs=1&arphpl=1&checkin=2026-06-01&checkout=2026-06-02&group_adults=2&req_adults=2&no_rooms=1&group_children=0&req_children=0&hpos=13&hapos=38&sr_order=popularity&srpvid=01ee73c6d8f6008f&srepoch=1778344090&all_sr_blocks=610322001_335421810_0_42_0&highlighted_blocks=610322001_335421810_0_42_0&matching_block_id=610322001_335421810_0_42_0&sr_pri_blocks=610322001_335421810_0_42_0__4500&from=searchresults,5/9/2026
Dahab,The Spot el assalaa apartments,3889,EGP,2,0,1,8.3,70,Dahab,2 km from downtown,4,Apartment,Apartment with Balcony,No,,Free Wifi,https://www.booking.com/hotel/eg/the-spot-el-assalaa-apartments.html?aid=304142&label=gen173nr-10CAQoggI46wdIMVgEaEOIAQGYATO4ARfIAQzYAQPoAQH4AQGIAgGoAgG4AozB_c8GwAIB0gIkNTg1N2NlODctMzhmNy00OTVjLWI2YjctZWU0OTQxNzkyOTU42AIB4AIB&ucfs=1&arphpl=1&checkin=2026-06-01&checkout=2026-06-02&group_adults=2&req_adults=2&no_rooms=1&group_children=0&req_children=0&hpos=14&hapos=39&sr_order=popularity&srpvid=01ee73c6d8f6008f&srepoch=1778344090&all_sr_blocks=699786301_288291621_3_0_0&highlighted_blocks=699786301_288291621_3_0_0&matching_block_id=699786301_288291621_3_0_0&sr_pri_blocks=699786301_288291621_3_0_0__7377&from=searchresults,5/9/2026
Dahab,Chillax Dahab,2755,EGP,2,0,1,8.5,115,Dahab,400 m from downtown,2,Hotel,Economy Double Room,No,,"Free parking, Restaurant, Free Wifi",https://www.booking.com/hotel/eg/chillax-dahab.html?aid=304142&label=gen173nr-10CAQoggI46wdIMVgEaEOIAQGYATO4ARfIAQzYAQPoAQH4AQGIAgGoAgG4AozB_c8GwAIB0gIkNTg1N2NlODctMzhmNy00OTVjLWI2YjctZWU0OTQxNzkyOTU42AIB4AIB&ucfs=1&arphpl=1&checkin=2026-06-01&checkout=2026-06-02&group_adults=2&req_adults=2&no_rooms=1&group_children=0&req_children=0&hpos=15&hapos=40&sr_order=popularity&srpvid=01ee73c6d8f6008f&srepoch=1778344090&all_sr_blocks=586069209_229625179_2_2_0&highlighted_blocks=586069209_229625179_2_2_0&matching_block_id=586069209_229625179_2_2_0&sr_pri_blocks=586069209_229625179_2_2_0__5225&from=searchresults,5/9/2026
Dahab,Ghazala Bay Hotel,1352,EGP,2,0,1,8,21,Dahab,250 m from downtown,,Hotel,Triple Room,Yes,,"Free parking, Free Wifi, 24-hour front desk",https://www.booking.com/hotel/eg/ghazala-bay-qsm-dhb.html?aid=304142&label=gen173nr-10CAQoggI46wdIMVgEaEOIAQGYATO4ARfIAQzYAQPoAQH4AQGIAgGoAgG4AozB_c8GwAIB0gIkNTg1N2NlODctMzhmNy00OTVjLWI2YjctZWU0OTQxNzkyOTU42AIB4AIB&ucfs=1&arphpl=1&checkin=2026-06-01&checkout=2026-06-02&group_adults=2&req_adults=2&no_rooms=1&group_children=0&req_children=0&hpos=16&hapos=41&sr_order=popularity&srpvid=01ee73c6d8f6008f&srepoch=1778344090&all_sr_blocks=1481736327_430974607_2_0_0&highlighted_blocks=1481736327_430974607_2_0_0&matching_block_id=1481736327_430974607_2_0_0&sr_pri_blocks=1481736327_430974607_2_0_0__2565&from=searchresults,5/9/2026
Dahab,Zain Dive Inn,1687,EGP,2,0,1,8,92,Dahab,5 km from downtown,,Inn,Superior Double Room,Yes,Breakfast included,"Free parking, Restaurant, 24-hour front desk",https://www.booking.com/hotel/eg/zain-dive-inn.html?aid=304142&label=gen173nr-10CAQoggI46wdIMVgEaEOIAQGYATO4ARfIAQzYAQPoAQH4AQGIAgGoAgG4AozB_c8GwAIB0gIkNTg1N2NlODctMzhmNy00OTVjLWI2YjctZWU0OTQxNzkyOTU42AIB4AIB&ucfs=1&arphpl=1&checkin=2026-06-01&checkout=2026-06-02&group_adults=2&req_adults=2&no_rooms=1&group_children=0&req_children=0&hpos=17&hapos=42&sr_order=popularity&srpvid=01ee73c6d8f6008f&srepoch=1778344090&all_sr_blocks=942044201_413639535_2_1_0&highlighted_blocks=942044201_413639535_2_1_0&matching_block_id=942044201_413639535_2_1_0&sr_pri_blocks=942044201_413639535_2_1_0__3200&from=searchresults,5/9/2026
Dahab,Roots Camp Dahab,949,EGP,2,0,1,,,Dahab,400 m from downtown,,Hotel,Double Room,Yes,Breakfast included,"Free parking, Bar, Restaurant",https://www.booking.com/hotel/eg/roots-camp-dahab.html?aid=304142&label=gen173nr-10CAQoggI46wdIMVgEaEOIAQGYATO4ARfIAQzYAQPoAQH4AQGIAgGoAgG4AozB_c8GwAIB0gIkNTg1N2NlODctMzhmNy00OTVjLWI2YjctZWU0OTQxNzkyOTU42AIB4AIB&ucfs=1&arphpl=1&checkin=2026-06-01&checkout=2026-06-02&group_adults=2&req_adults=2&no_rooms=1&group_children=0&req_children=0&hpos=18&hapos=43&sr_order=popularity&srpvid=01ee73c6d8f6008f&srepoch=1778344090&all_sr_blocks=1621393602_432947460_2_1_0&highlighted_blocks=1621393602_432947460_2_1_0&matching_block_id=1621393602_432947460_2_1_0&sr_pri_blocks=1621393602_432947460_2_1_0__1800&from=searchresults,5/9/2026
Dahab,Casa D'or Dahab,3271,EGP,2,0,1,7.8,89,Dahab,450 m from downtown,,Hotel,Junior Suite with Balcony,Yes,,"Free parking, Restaurant, Free Wifi",https://www.booking.com/hotel/eg/casa-d-39-or-dahab.html?aid=304142&label=gen173nr-10CAQoggI46wdIMVgEaEOIAQGYATO4ARfIAQzYAQPoAQH4AQGIAgGoAgG4AozB_c8GwAIB0gIkNTg1N2NlODctMzhmNy00OTVjLWI2YjctZWU0OTQxNzkyOTU42AIB4AIB&ucfs=1&arphpl=1&checkin=2026-06-01&checkout=2026-06-02&group_adults=2&req_adults=2&no_rooms=1&group_children=0&req_children=0&hpos=19&hapos=44&sr_order=popularity&srpvid=01ee73c6d8f6008f&srepoch=1778344090&all_sr_blocks=535439402_414272549_2_0_0&highlighted_blocks=535439402_414272549_2_0_0&matching_block_id=535439402_414272549_2_0_0&sr_pri_blocks=535439402_414272549_2_0_0__6205&from=searchresults,5/9/2026
Dahab,Bedouin Hostel- دار البدوي,1582,EGP,2,0,1,8.8,86,Dahab,1.6 km from downtown,,Hostel,Superior King Room,Yes,Breakfast included,,https://www.booking.com/hotel/eg/bedouin-hostel-dahab.html?aid=304142&label=gen173nr-10CAQoggI46wdIMVgEaEOIAQGYATO4ARfIAQzYAQPoAQH4AQGIAgGoAgG4AozB_c8GwAIB0gIkNTg1N2NlODctMzhmNy00OTVjLWI2YjctZWU0OTQxNzkyOTU42AIB4AIB&ucfs=1&arphpl=1&checkin=2026-06-01&checkout=2026-06-02&group_adults=2&req_adults=2&no_rooms=1&group_children=0&req_children=0&hpos=20&hapos=45&sr_order=popularity&srpvid=01ee73c6d8f6008f&srepoch=1778344090&all_sr_blocks=1364226404_408707974_0_1_0&highlighted_blocks=1364226404_408707974_0_1_0&matching_block_id=1364226404_408707974_0_1_0&sr_pri_blocks=1364226404_408707974_0_1_0__3000&from=searchresults,5/9/2026
Dahab,Sheikh Ali Dahab Resort,5817,EGP,2,0,1,9.6,165,Dahab,0.6 km from downtown,3,Resort,Junior Suite,No,Breakfast included,"Free parking, Bar, Restaurant",https://www.booking.com/hotel/eg/sheikh-ali-resort.html?aid=304142&label=gen173nr-10CAQoggI46wdIMVgEaEOIAQGYATO4ARfIAQzYAQPoAQH4AQGIAgGoAgG4AozB_c8GwAIB0gIkNTg1N2NlODctMzhmNy00OTVjLWI2YjctZWU0OTQxNzkyOTU42AIB4AIB&ucfs=1&arphpl=1&checkin=2026-06-01&checkout=2026-06-02&group_adults=2&req_adults=2&no_rooms=1&group_children=0&req_children=0&hpos=21&hapos=46&sr_order=popularity&srpvid=01ee73c6d8f6008f&srepoch=1778344090&all_sr_blocks=33821801_372536329_2_1_0&highlighted_blocks=33821801_372536329_2_1_0&matching_block_id=33821801_372536329_2_1_0&sr_pri_blocks=33821801_372536329_2_1_0__11033&from=searchresults,5/9/2026
Dahab,2Rest,2636,EGP,2,0,1,8.5,43,Dahab,0.6 km from downtown,2,Hotel,Standard Double Suite,Yes,,"Free parking, Free Wifi, 24-hour front desk",https://www.booking.com/hotel/eg/2rest.html?aid=304142&label=gen173nr-10CAQoggI46wdIMVgEaEOIAQGYATO4ARfIAQzYAQPoAQH4AQGIAgGoAgG4AozB_c8GwAIB0gIkNTg1N2NlODctMzhmNy00OTVjLWI2YjctZWU0OTQxNzkyOTU42AIB4AIB&ucfs=1&arphpl=1&checkin=2026-06-01&checkout=2026-06-02&group_adults=2&req_adults=2&no_rooms=1&group_children=0&req_children=0&hpos=22&hapos=47&sr_order=popularity&srpvid=01ee73c6d8f6008f&srepoch=1778344090&all_sr_blocks=1181209507_430203565_0_2_0_338586&highlighted_blocks=1181209507_430203565_0_2_0_338586&matching_block_id=1181209507_430203565_0_2_0_338586&sr_pri_blocks=1181209507_430203565_0_2_0_338586_5000&from=searchresults,5/9/2026
Dahab,El Salam hotel,2040,EGP,2,0,1,7.8,24,Dahab,0.8 km from downtown,4,Hotel,Double Room,Yes,Breakfast included,"Free parking, Bar, Restaurant",https://www.booking.com/hotel/eg/el-salam-dahab1.html?aid=304142&label=gen173nr-10CAQoggI46wdIMVgEaEOIAQGYATO4ARfIAQzYAQPoAQH4AQGIAgGoAgG4AozB_c8GwAIB0gIkNTg1N2NlODctMzhmNy00OTVjLWI2YjctZWU0OTQxNzkyOTU42AIB4AIB&ucfs=1&arphpl=1&checkin=2026-06-01&checkout=2026-06-02&group_adults=2&req_adults=2&no_rooms=1&group_children=0&req_children=0&hpos=23&hapos=48&sr_order=popularity&srpvid=01ee73c6d8f6008f&srepoch=1778344090&all_sr_blocks=1120427601_426651827_2_1_0&highlighted_blocks=1120427601_426651827_2_1_0&matching_block_id=1120427601_426651827_2_1_0&sr_pri_blocks=1120427601_426651827_2_1_0__3870&from=searchresults,5/9/2026
Dahab,White Flat Studios,1520,EGP,2,0,1,8.7,165,Dahab,300 m from downtown,4,Apartment,Standard Triple Studio,No,,"Free parking, Free Wifi, 24-hour front desk",https://www.booking.com/hotel/eg/flat-white-studios.html?aid=304142&label=gen173nr-10CAQoggI46wdIMVgEaEOIAQGYATO4ARfIAQzYAQPoAQH4AQGIAgGoAgG4AozB_c8GwAIB0gIkNTg1N2NlODctMzhmNy00OTVjLWI2YjctZWU0OTQxNzkyOTU42AIB4AIB&ucfs=1&arphpl=1&checkin=2026-06-01&checkout=2026-06-02&group_adults=2&req_adults=2&no_rooms=1&group_children=0&req_children=0&hpos=24&hapos=49&sr_order=popularity&srpvid=01ee73c6d8f6008f&srepoch=1778344090&all_sr_blocks=1030888404_375763267_2_0_0&highlighted_blocks=1030888404_375763267_2_0_0&matching_block_id=1030888404_375763267_2_0_0&sr_pri_blocks=1030888404_375763267_2_0_0__2884&from=searchresults,5/9/2026
Dahab,Station House,1729,EGP,2,0,1,7.6,105,Dahab,0.9 km from downtown,3,Hotel,King Studio with Sofa Bed,Yes,,"Free parking, Free Wifi",https://www.booking.com/hotel/eg/station-house-dahab.html?aid=304142&label=gen173nr-10CAQoggI46wdIMVgEaEOIAQGYATO4ARfIAQzYAQPoAQH4AQGIAgGoAgG4AozB_c8GwAIB0gIkNTg1N2NlODctMzhmNy00OTVjLWI2YjctZWU0OTQxNzkyOTU42AIB4AIB&ucfs=1&arphpl=1&checkin=2026-06-01&checkout=2026-06-02&group_adults=2&req_adults=2&no_rooms=1&group_children=0&req_children=0&hpos=25&hapos=50&sr_order=popularity&srpvid=01ee73c6d8f6008f&srepoch=1778344090&all_sr_blocks=713223507_298262188_2_0_0&highlighted_blocks=713223507_298262188_2_0_0&matching_block_id=713223507_298262188_2_0_0&sr_pri_blocks=713223507_298262188_2_0_0__3279&from=searchresults,5/9/2026
Dahab,Golden Europe Hotel,2610,EGP,2,0,1,7,131,Dahab,0.7 km from downtown,3,Hotel,Double Room,Yes,Breakfast included,"Free parking, Restaurant, Free Wifi",https://www.booking.com/hotel/eg/golden-europe-qsm-dhb.html?aid=304142&label=gen173nr-10CAQoggI46wdIMVgEaEOIAQGYATO4ARfIAQzYAQPoAQH4AQGIAgGoAgG4AozB_c8GwAIB0gIkNTg1N2NlODctMzhmNy00OTVjLWI2YjctZWU0OTQxNzkyOTU42AIB4AIB&ucfs=1&arphpl=1&checkin=2026-06-01&checkout=2026-06-02&group_adults=2&req_adults=2&no_rooms=1&group_children=0&req_children=0&hpos=1&hapos=51&sr_order=popularity&srpvid=01ee73c6d8f6008f&srepoch=1778344092&all_sr_blocks=1311460005_415385491_2_1_0&highlighted_blocks=1311460005_415385491_2_1_0&matching_block_id=1311460005_415385491_2_1_0&sr_pri_blocks=1311460005_415385491_2_1_0__4950&from=searchresults,5/9/2026
Dahab,Sababa Hotel,2377,EGP,2,0,1,7.4,66,Dahab,450 m from downtown,,Hotel,Budget Double or Twin Room,No,Breakfast included,"Free parking, Bar, Restaurant",https://www.booking.com/hotel/eg/new-sababa.html?aid=304142&label=gen173nr-10CAQoggI46wdIMVgEaEOIAQGYATO4ARfIAQzYAQPoAQH4AQGIAgGoAgG4AozB_c8GwAIB0gIkNTg1N2NlODctMzhmNy00OTVjLWI2YjctZWU0OTQxNzkyOTU42AIB4AIB&ucfs=1&arphpl=1&checkin=2026-06-01&checkout=2026-06-02&group_adults=2&req_adults=2&no_rooms=1&group_children=0&req_children=0&hpos=2&hapos=52&sr_order=popularity&srpvid=01ee73c6d8f6008f&srepoch=1778344092&all_sr_blocks=833346801_348617897_2_41_0&highlighted_blocks=833346801_348617897_2_41_0&matching_block_id=833346801_348617897_2_41_0&sr_pri_blocks=833346801_348617897_2_41_0__4508&from=searchresults,5/9/2026
Dahab,Acacia Dahab Hotel,3201,EGP,2,0,1,8,230,Dahab,500 m from downtown,3,Hotel,Classic Double Backside Room,No,Breakfast included,"Bar, Restaurant, Free Wifi",https://www.booking.com/hotel/eg/acacia.html?aid=304142&label=gen173nr-10CAQoggI46wdIMVgEaEOIAQGYATO4ARfIAQzYAQPoAQH4AQGIAgGoAgG4AozB_c8GwAIB0gIkNTg1N2NlODctMzhmNy00OTVjLWI2YjctZWU0OTQxNzkyOTU42AIB4AIB&ucfs=1&arphpl=1&checkin=2026-06-01&checkout=2026-06-02&group_adults=2&req_adults=2&no_rooms=1&group_children=0&req_children=0&hpos=3&hapos=53&sr_order=popularity&srpvid=01ee73c6d8f6008f&srepoch=1778344092&all_sr_blocks=30423602_335371200_2_41_0&highlighted_blocks=30423602_335371200_2_41_0&matching_block_id=30423602_335371200_2_41_0&sr_pri_blocks=30423602_335371200_2_41_0__6072&from=searchresults,5/9/2026
Dahab,Carmine Hotel Dahab,1898,EGP,2,0,1,8.3,162,Dahab,300 m from downtown,,Hotel,Standard Twin Room,No,,"Free parking, Bar, Free Wifi",https://www.booking.com/hotel/eg/carmine-dahab-dahab.html?aid=304142&label=gen173nr-10CAQoggI46wdIMVgEaEOIAQGYATO4ARfIAQzYAQPoAQH4AQGIAgGoAgG4AozB_c8GwAIB0gIkNTg1N2NlODctMzhmNy00OTVjLWI2YjctZWU0OTQxNzkyOTU42AIB4AIB&ucfs=1&arphpl=1&checkin=2026-06-01&checkout=2026-06-02&group_adults=2&req_adults=2&no_rooms=1&group_children=0&req_children=0&hpos=4&hapos=54&sr_order=popularity&srpvid=01ee73c6d8f6008f&srepoch=1778344092&all_sr_blocks=502134501_351807280_0_0_0&highlighted_blocks=502134501_351807280_0_0_0&matching_block_id=502134501_351807280_0_0_0&sr_pri_blocks=502134501_351807280_0_0_0__3600&from=searchresults,5/9/2026
Dahab,Safir Dahab Resort,6274,EGP,2,0,1,9.3,3310,Dahab,2.3 km from downtown,5,Resort,standard double back view,Yes,Breakfast included,"Bar, Restaurant, Free Wifi",https://www.booking.com/hotel/eg/dahab-resort.html?aid=304142&label=gen173nr-10CAQoggI46wdIMVgEaEOIAQGYATO4ARfIAQzYAQPoAQH4AQGIAgGoAgG4AozB_c8GwAIB0gIkNTg1N2NlODctMzhmNy00OTVjLWI2YjctZWU0OTQxNzkyOTU42AIB4AIB&ucfs=1&arphpl=1&checkin=2026-06-01&checkout=2026-06-02&group_adults=2&req_adults=2&no_rooms=1&group_children=0&req_children=0&hpos=5&hapos=55&sr_order=popularity&srpvid=01ee73c6d8f6008f&srepoch=1778344092&all_sr_blocks=4818213_426311785_2_1_0&highlighted_blocks=4818213_426311785_2_1_0&matching_block_id=4818213_426311785_2_1_0&sr_pri_blocks=4818213_426311785_2_1_0__11900&from=searchresults,5/9/2026
Dahab,Beit Tolba,2135,EGP,2,0,1,9,179,Dahab,1.5 km from downtown,3,Hotel,One-Bedroom Chalet,No,,"Free parking, Bar, Free Wifi",https://www.booking.com/hotel/eg/beit-tolba-dahab.html?aid=304142&label=gen173nr-10CAQoggI46wdIMVgEaEOIAQGYATO4ARfIAQzYAQPoAQH4AQGIAgGoAgG4AozB_c8GwAIB0gIkNTg1N2NlODctMzhmNy00OTVjLWI2YjctZWU0OTQxNzkyOTU42AIB4AIB&ucfs=1&arphpl=1&checkin=2026-06-01&checkout=2026-06-02&group_adults=2&req_adults=2&no_rooms=1&group_children=0&req_children=0&hpos=6&hapos=56&sr_order=popularity&srpvid=01ee73c6d8f6008f&srepoch=1778344092&all_sr_blocks=1064305401_378791669_2_0_0&highlighted_blocks=1064305401_378791669_2_0_0&matching_block_id=1064305401_378791669_2_0_0&sr_pri_blocks=1064305401_378791669_2_0_0__4050&from=searchresults,5/9/2026
Dahab,44 Inn,1771,EGP,2,0,1,,,Dahab,0.7 km from downtown,,Inn,Economy Double Room,Yes,,"Bar, Restaurant, Free Wifi",https://www.booking.com/hotel/eg/44-inn.html?aid=304142&label=gen173nr-10CAQoggI46wdIMVgEaEOIAQGYATO4ARfIAQzYAQPoAQH4AQGIAgGoAgG4AozB_c8GwAIB0gIkNTg1N2NlODctMzhmNy00OTVjLWI2YjctZWU0OTQxNzkyOTU42AIB4AIB&ucfs=1&arphpl=1&checkin=2026-06-01&checkout=2026-06-02&group_adults=2&req_adults=2&no_rooms=1&group_children=0&req_children=0&hpos=7&hapos=57&sr_order=popularity&srpvid=01ee73c6d8f6008f&srepoch=1778344092&all_sr_blocks=1591883304_430259668_2_2_0&highlighted_blocks=1591883304_430259668_2_2_0&matching_block_id=1591883304_430259668_2_2_0&sr_pri_blocks=1591883304_430259668_2_2_0__3360&from=searchresults,5/9/2026
Dahab,Miramar Camp Dahab,1495,EGP,2,0,1,9,52,Dahab,350 m from downtown,,Hotel,Economy Triple Room,No,,"Free parking, Free Wifi, 24-hour front desk",https://www.booking.com/hotel/eg/miramar-camp-dahab.html?aid=304142&label=gen173nr-10CAQoggI46wdIMVgEaEOIAQGYATO4ARfIAQzYAQPoAQH4AQGIAgGoAgG4AozB_c8GwAIB0gIkNTg1N2NlODctMzhmNy00OTVjLWI2YjctZWU0OTQxNzkyOTU42AIB4AIB&ucfs=1&arphpl=1&checkin=2026-06-01&checkout=2026-06-02&group_adults=2&req_adults=2&no_rooms=1&group_children=0&req_children=0&hpos=8&hapos=58&sr_order=popularity&srpvid=01ee73c6d8f6008f&srepoch=1778344092&all_sr_blocks=689247602_424531057_0_0_0&highlighted_blocks=689247602_424531057_0_0_0&matching_block_id=689247602_424531057_0_0_0&sr_pri_blocks=689247602_424531057_0_0_0__2835&from=searchresults,5/9/2026
Dahab,Red Sea Relax Hotel,3675,EGP,2,0,1,8.4,283,Dahab,0.6 km from downtown,3,Hotel,Double or Twin Room,Yes,Breakfast included,"Free parking, Restaurant, Free Wifi",https://www.booking.com/hotel/eg/red-sea-relax-dahab.html?aid=304142&label=gen173nr-10CAQoggI46wdIMVgEaEOIAQGYATO4ARfIAQzYAQPoAQH4AQGIAgGoAgG4AozB_c8GwAIB0gIkNTg1N2NlODctMzhmNy00OTVjLWI2YjctZWU0OTQxNzkyOTU42AIB4AIB&ucfs=1&arphpl=1&checkin=2026-06-01&checkout=2026-06-02&group_adults=2&req_adults=2&no_rooms=1&group_children=0&req_children=0&hpos=9&hapos=59&sr_order=popularity&srpvid=01ee73c6d8f6008f&srepoch=1778344092&all_sr_blocks=937545801_367597057_2_1_0&highlighted_blocks=937545801_367597057_2_1_0&matching_block_id=937545801_367597057_2_1_0&sr_pri_blocks=937545801_367597057_2_1_0__6970&from=searchresults,5/9/2026
Dahab,American villa Dahab 2,2666,EGP,2,0,1,,,Dahab,1.6 km from downtown,3,Villa,Three-Bedroom Villa,Yes,,"Free parking, Free Wifi",https://www.booking.com/hotel/eg/american-villa-dahab-2.html?aid=304142&label=gen173nr-10CAQoggI46wdIMVgEaEOIAQGYATO4ARfIAQzYAQPoAQH4AQGIAgGoAgG4AozB_c8GwAIB0gIkNTg1N2NlODctMzhmNy00OTVjLWI2YjctZWU0OTQxNzkyOTU42AIB4AIB&ucfs=1&arphpl=1&checkin=2026-06-01&checkout=2026-06-02&group_adults=2&req_adults=2&no_rooms=1&group_children=0&req_children=0&hpos=10&hapos=60&sr_order=popularity&srpvid=01ee73c6d8f6008f&srepoch=1778344092&all_sr_blocks=1603100301_431268326_3_0_0&highlighted_blocks=1603100301_431268326_3_0_0&matching_block_id=1603100301_431268326_3_0_0&sr_pri_blocks=1603100301_431268326_3_0_0__5057&from=searchresults,5/9/2026
Dahab,Dream house,2776,EGP,2,0,1,8.4,6,Dahab,0.6 km from downtown,3,Hotel,Triple Room,No,,"Free parking, Free Wifi",https://www.booking.com/hotel/eg/dream-house-qsm-dhb.html?aid=304142&label=gen173nr-10CAQoggI46wdIMVgEaEOIAQGYATO4ARfIAQzYAQPoAQH4AQGIAgGoAgG4AozB_c8GwAIB0gIkNTg1N2NlODctMzhmNy00OTVjLWI2YjctZWU0OTQxNzkyOTU42AIB4AIB&ucfs=1&arphpl=1&checkin=2026-06-01&checkout=2026-06-02&group_adults=2&req_adults=2&no_rooms=1&group_children=0&req_children=0&hpos=11&hapos=61&sr_order=popularity&srpvid=01ee73c6d8f6008f&srepoch=1778344092&all_sr_blocks=932679402_365355031_2_0_0&highlighted_blocks=932679402_365355031_2_0_0&matching_block_id=932679402_365355031_2_0_0&sr_pri_blocks=932679402_365355031_2_0_0__5265&from=searchresults,5/9/2026
Dahab,Mannam apartment boho,2372,EGP,2,0,1,8.1,14,Dahab,1.8 km from downtown,3,Apartment,One-Bedroom Chalet,No,,"Free parking, Free Wifi",https://www.booking.com/hotel/eg/mannam-apartment-boho.html?aid=304142&label=gen173nr-10CAQoggI46wdIMVgEaEOIAQGYATO4ARfIAQzYAQPoAQH4AQGIAgGoAgG4AozB_c8GwAIB0gIkNTg1N2NlODctMzhmNy00OTVjLWI2YjctZWU0OTQxNzkyOTU42AIB4AIB&ucfs=1&arphpl=1&checkin=2026-06-01&checkout=2026-06-02&group_adults=2&req_adults=2&no_rooms=1&group_children=0&req_children=0&hpos=12&hapos=62&sr_order=popularity&srpvid=01ee73c6d8f6008f&srepoch=1778344092&all_sr_blocks=1192813901_391574630_2_0_0&highlighted_blocks=1192813901_391574630_2_0_0&matching_block_id=1192813901_391574630_2_0_0&sr_pri_blocks=1192813901_391574630_2_0_0__4500&from=searchresults,5/9/2026
Dahab,Nour Boutique Hotel,7381,EGP,2,0,1,9.4,66,Dahab,0.9 km from downtown,,Hotel,Superior Double Room,No,Breakfast included,"Hot tub/Jacuzzi, Heated pool, Free parking",https://www.booking.com/hotel/eg/nour-boutique.html?aid=304142&label=gen173nr-10CAQoggI46wdIMVgEaEOIAQGYATO4ARfIAQzYAQPoAQH4AQGIAgGoAgG4AozB_c8GwAIB0gIkNTg1N2NlODctMzhmNy00OTVjLWI2YjctZWU0OTQxNzkyOTU42AIB4AIB&ucfs=1&arphpl=1&checkin=2026-06-01&checkout=2026-06-02&group_adults=2&req_adults=2&no_rooms=1&group_children=0&req_children=0&hpos=13&hapos=63&sr_order=popularity&srpvid=01ee73c6d8f6008f&srepoch=1778344092&all_sr_blocks=1349144701_407252983_2_41_0&highlighted_blocks=1349144701_407252983_2_41_0&matching_block_id=1349144701_407252983_2_41_0&sr_pri_blocks=1349144701_407252983_2_41_0__14000&from=searchresults,5/9/2026
Dahab,Mony House,1139,EGP,2,0,1,,,Dahab,1.5 km from downtown,,Apartment,One-Bedroom Apartment,No,,"Free parking, Free Wifi",https://www.booking.com/hotel/eg/mony-house-egypte.html?aid=304142&label=gen173nr-10CAQoggI46wdIMVgEaEOIAQGYATO4ARfIAQzYAQPoAQH4AQGIAgGoAgG4AozB_c8GwAIB0gIkNTg1N2NlODctMzhmNy00OTVjLWI2YjctZWU0OTQxNzkyOTU42AIB4AIB&ucfs=1&arphpl=1&checkin=2026-06-01&checkout=2026-06-02&group_adults=2&req_adults=2&no_rooms=1&group_children=0&req_children=0&hpos=14&hapos=64&sr_order=popularity&srpvid=01ee73c6d8f6008f&srepoch=1778344092&all_sr_blocks=1635586701_433964212_4_0_0&highlighted_blocks=1635586701_433964212_4_0_0&matching_block_id=1635586701_433964212_4_0_0&sr_pri_blocks=1635586701_433964212_4_0_0__2160&from=searchresults,5/9/2026
Dahab,Dyarna Dahab Hotel,2372,EGP,2,0,1,8.4,7,Dahab,0.8 km from downtown,2,Hotel,Budget Double Room,Yes,Breakfast included,"Free parking, Restaurant, Free Wifi",https://www.booking.com/hotel/eg/dyarna-dahab.html?aid=304142&label=gen173nr-10CAQoggI46wdIMVgEaEOIAQGYATO4ARfIAQzYAQPoAQH4AQGIAgGoAgG4AozB_c8GwAIB0gIkNTg1N2NlODctMzhmNy00OTVjLWI2YjctZWU0OTQxNzkyOTU42AIB4AIB&ucfs=1&arphpl=1&checkin=2026-06-01&checkout=2026-06-02&group_adults=2&req_adults=2&no_rooms=1&group_children=0&req_children=0&hpos=15&hapos=65&sr_order=popularity&srpvid=01ee73c6d8f6008f&srepoch=1778344092&all_sr_blocks=37138610_403202762_0_1_0&highlighted_blocks=37138610_403202762_0_1_0&matching_block_id=37138610_403202762_0_1_0&sr_pri_blocks=37138610_403202762_0_1_0__4500&from=searchresults,5/9/2026
Dahab,Lucky palace Dahab,4534,EGP,2,0,1,7.4,172,Dahab,1.8 km from downtown,3,Hotel,Studio with Terrace,No,,"Free parking, Free Wifi",https://www.booking.com/hotel/eg/lucky-palace-dahab-ex-lion-palace-dahab.html?aid=304142&label=gen173nr-10CAQoggI46wdIMVgEaEOIAQGYATO4ARfIAQzYAQPoAQH4AQGIAgGoAgG4AozB_c8GwAIB0gIkNTg1N2NlODctMzhmNy00OTVjLWI2YjctZWU0OTQxNzkyOTU42AIB4AIB&ucfs=1&arphpl=1&checkin=2026-06-01&checkout=2026-06-02&group_adults=2&req_adults=2&no_rooms=1&group_children=0&req_children=0&hpos=16&hapos=66&sr_order=popularity&srpvid=01ee73c6d8f6008f&srepoch=1778344092&all_sr_blocks=839831707_382455089_2_0_0&highlighted_blocks=839831707_382455089_2_0_0&matching_block_id=839831707_382455089_2_0_0&sr_pri_blocks=839831707_382455089_2_0_0__8600&from=searchresults,5/9/2026
Dahab,El Primo Hotel Dahab,3809,EGP,2,0,1,8.2,63,Dahab,1.1 km from downtown,,Hotel,Double Room,No,,"Free parking, Bar, Restaurant",https://www.booking.com/hotel/eg/el-primo-dahab.html?aid=304142&label=gen173nr-10CAQoggI46wdIMVgEaEOIAQGYATO4ARfIAQzYAQPoAQH4AQGIAgGoAgG4AozB_c8GwAIB0gIkNTg1N2NlODctMzhmNy00OTVjLWI2YjctZWU0OTQxNzkyOTU42AIB4AIB&ucfs=1&arphpl=1&checkin=2026-06-01&checkout=2026-06-02&group_adults=2&req_adults=2&no_rooms=1&group_children=0&req_children=0&hpos=17&hapos=67&sr_order=popularity&srpvid=01ee73c6d8f6008f&srepoch=1778344092&all_sr_blocks=37618702_242684663_0_2_0&highlighted_blocks=37618702_242684663_0_2_0&matching_block_id=37618702_242684663_0_2_0&sr_pri_blocks=37618702_242684663_0_2_0__7225&from=searchresults,5/9/2026
Dahab,Nada house,1661,EGP,2,0,1,7.5,7,Dahab,0.5 km from downtown,,Hotel,Two-Bedroom Chalet,Yes,,Free parking,https://www.booking.com/hotel/eg/nada-house.html?aid=304142&label=gen173nr-10CAQoggI46wdIMVgEaEOIAQGYATO4ARfIAQzYAQPoAQH4AQGIAgGoAgG4AozB_c8GwAIB0gIkNTg1N2NlODctMzhmNy00OTVjLWI2YjctZWU0OTQxNzkyOTU42AIB4AIB&ucfs=1&arphpl=1&checkin=2026-06-01&checkout=2026-06-02&group_adults=2&req_adults=2&no_rooms=1&group_children=0&req_children=0&hpos=18&hapos=68&sr_order=popularity&srpvid=01ee73c6d8f6008f&srepoch=1778344092&all_sr_blocks=1443081002_416391261_0_0_0&highlighted_blocks=1443081002_416391261_0_0_0&matching_block_id=1443081002_416391261_0_0_0&sr_pri_blocks=1443081002_416391261_0_0_0__3150&from=searchresults,5/9/2026
Dahab,Golden Plaza Dahab Resort,1687,EGP,2,0,1,8.5,59,Dahab,0.9 km from downtown,3,Resort,Standard Double or Twin Room,No,Breakfast included,"Free parking, Restaurant, Free Wifi",https://www.booking.com/hotel/eg/golden-plaza-dahab-resort.html?aid=304142&label=gen173nr-10CAQoggI46wdIMVgEaEOIAQGYATO4ARfIAQzYAQPoAQH4AQGIAgGoAgG4AozB_c8GwAIB0gIkNTg1N2NlODctMzhmNy00OTVjLWI2YjctZWU0OTQxNzkyOTU42AIB4AIB&ucfs=1&arphpl=1&checkin=2026-06-01&checkout=2026-06-02&group_adults=2&req_adults=2&no_rooms=1&group_children=0&req_children=0&hpos=19&hapos=69&sr_order=popularity&srpvid=01ee73c6d8f6008f&srepoch=1778344092&all_sr_blocks=576392302_278562450_0_1_0&highlighted_blocks=576392302_278562450_0_1_0&matching_block_id=576392302_278562450_0_1_0&sr_pri_blocks=576392302_278562450_0_1_0__3200&from=searchresults,5/9/2026
Dahab,Sea Breeze Dahab,1740,EGP,2,0,1,7.7,105,Dahab,2.1 km from downtown,,Hotel,Mixed Dormitory Room,Yes,,"Free parking, Free Wifi, 24-hour front desk",https://www.booking.com/hotel/eg/al-deira-dahab-residence.html?aid=304142&label=gen173nr-10CAQoggI46wdIMVgEaEOIAQGYATO4ARfIAQzYAQPoAQH4AQGIAgGoAgG4AozB_c8GwAIB0gIkNTg1N2NlODctMzhmNy00OTVjLWI2YjctZWU0OTQxNzkyOTU42AIB4AIB&ucfs=1&arphpl=1&checkin=2026-06-01&checkout=2026-06-02&group_adults=2&req_adults=2&no_rooms=1&group_children=0&req_children=0&hpos=20&hapos=70&sr_order=popularity&srpvid=01ee73c6d8f6008f&srepoch=1778344092&all_sr_blocks=1121647910_384939411_3_0_0&highlighted_blocks=1121647910_384939411_3_0_0&matching_block_id=1121647910_384939411_3_0_0&sr_pri_blocks=1121647910_384939411_3_0_0__3300&from=searchresults,5/9/2026
Dahab,Daivrs House,1265,EGP,2,0,1,6.6,5,Dahab,0.7 km from downtown,2,Hotel,Queen Room,Yes,,"Free parking, Bar, Free Wifi",https://www.booking.com/hotel/eg/daivrs-house.html?aid=304142&label=gen173nr-10CAQoggI46wdIMVgEaEOIAQGYATO4ARfIAQzYAQPoAQH4AQGIAgGoAgG4AozB_c8GwAIB0gIkNTg1N2NlODctMzhmNy00OTVjLWI2YjctZWU0OTQxNzkyOTU42AIB4AIB&ucfs=1&arphpl=1&checkin=2026-06-01&checkout=2026-06-02&group_adults=2&req_adults=2&no_rooms=1&group_children=0&req_children=0&hpos=21&hapos=71&sr_order=popularity&srpvid=01ee73c6d8f6008f&srepoch=1778344092&all_sr_blocks=1546316804_425906262_2_0_0&highlighted_blocks=1546316804_425906262_2_0_0&matching_block_id=1546316804_425906262_2_0_0&sr_pri_blocks=1546316804_425906262_2_0_0__2400&from=searchresults,5/9/2026
Dahab,Poolfront Sea View Chalet Top Rated In Dahab,3203,EGP,2,0,1,10,7,Dahab,3.9 km from downtown,4,Apartment,One-Bedroom Apartment,No,,"Free parking, Bar, Free Wifi",https://www.booking.com/hotel/eg/sea-view-panorama-dahab.html?aid=304142&label=gen173nr-10CAQoggI46wdIMVgEaEOIAQGYATO4ARfIAQzYAQPoAQH4AQGIAgGoAgG4AozB_c8GwAIB0gIkNTg1N2NlODctMzhmNy00OTVjLWI2YjctZWU0OTQxNzkyOTU42AIB4AIB&ucfs=1&arphpl=1&checkin=2026-06-01&checkout=2026-06-02&group_adults=2&req_adults=2&no_rooms=1&group_children=0&req_children=0&hpos=22&hapos=72&sr_order=popularity&srpvid=01ee73c6d8f6008f&srepoch=1778344092&all_sr_blocks=1133565301_386008974_3_0_0&highlighted_blocks=1133565301_386008974_3_0_0&matching_block_id=1133565301_386008974_3_0_0&sr_pri_blocks=1133565301_386008974_3_0_0__6075&from=searchresults,5/9/2026
Dahab,Dahab Lagoon Club & Resort Ex Tirana Dahab,6274,EGP,2,0,1,9,348,Dahab,2.3 km from downtown,4,Resort,Standard Twin Room Garden View,Yes,Breakfast included,"Free parking, Spa, Bar",https://www.booking.com/hotel/eg/coralia-club-dahab.html?aid=304142&label=gen173nr-10CAQoggI46wdIMVgEaEOIAQGYATO4ARfIAQzYAQPoAQH4AQGIAgGoAgG4AozB_c8GwAIB0gIkNTg1N2NlODctMzhmNy00OTVjLWI2YjctZWU0OTQxNzkyOTU42AIB4AIB&ucfs=1&arphpl=1&checkin=2026-06-01&checkout=2026-06-02&group_adults=2&req_adults=2&no_rooms=1&group_children=0&req_children=0&hpos=23&hapos=73&sr_order=popularity&srpvid=01ee73c6d8f6008f&srepoch=1778344092&all_sr_blocks=17142604_374443829_2_41_0&highlighted_blocks=17142604_374443829_2_41_0&matching_block_id=17142604_374443829_2_41_0&sr_pri_blocks=17142604_374443829_2_41_0__11900&from=searchresults,5/9/2026
El Gouna,Turtle's Inn Hotel,4792,EGP,2,0,1,8.3,301,"El Gouna, Hurghada",,3,Inn,Standard Room,Yes,Breakfast included,,https://www.booking.com/hotel/eg/turtle-s-inn.html?aid=304142&label=gen173nr-10CAQoggI46wdIMVgEaEOIAQGYATO4ARfIAQzYAQPoAQH4AQGIAgGoAgG4AoTC_c8GwAIB0gIkZTBmZmFmZTMtMTM1NS00NWZmLWE0M2EtZWFiMjkyM2IyMjE42AIB4AIB&ucfs=1&arphpl=1&checkin=2026-06-01&checkout=2026-06-02&group_adults=2&req_adults=2&no_rooms=1&group_children=0&req_children=0&hpos=1&hapos=1&sr_order=popularity&srpvid=96f3740261db01ca&srepoch=1778344217&all_sr_blocks=1644004_430879509_2_1_0&highlighted_blocks=1644004_430879509_2_1_0&matching_block_id=1644004_430879509_2_1_0&sr_pri_blocks=1644004_430879509_2_1_0__9090&from_sustainable_property_sr=1&from=searchresults,5/9/2026
El Gouna,Three Corners Ocean View El Gouna - Adults Only,5973,EGP,2,0,1,8.8,968,"El Gouna, Hurghada",,4,Hotel,Premium Room with Garden View,Yes,Breakfast included,,https://www.booking.com/hotel/eg/the-three-corners-ocean-view.html?aid=304142&label=gen173nr-10CAQoggI46wdIMVgEaEOIAQGYATO4ARfIAQzYAQPoAQH4AQGIAgGoAgG4AoTC_c8GwAIB0gIkZTBmZmFmZTMtMTM1NS00NWZmLWE0M2EtZWFiMjkyM2IyMjE42AIB4AIB&ucfs=1&arphpl=1&checkin=2026-06-01&checkout=2026-06-02&group_adults=2&req_adults=2&no_rooms=1&group_children=0&req_children=0&hpos=2&hapos=2&sr_order=popularity&srpvid=96f3740261db01ca&srepoch=1778344217&all_sr_blocks=1612001_423622726_2_41_0&highlighted_blocks=1612001_423622726_2_41_0&matching_block_id=1612001_423622726_2_41_0&sr_pri_blocks=1612001_423622726_2_41_0__11330&from_sustainable_property_sr=1&from=searchresults,5/9/2026
El Gouna,Captain's Inn Hotel,4840,EGP,2,0,1,8.2,519,"El Gouna, Hurghada",,3,Inn,Standard Room,Yes,Breakfast included,,https://www.booking.com/hotel/eg/captain-s-inn.html?aid=304142&label=gen173nr-10CAQoggI46wdIMVgEaEOIAQGYATO4ARfIAQzYAQPoAQH4AQGIAgGoAgG4AoTC_c8GwAIB0gIkZTBmZmFmZTMtMTM1NS00NWZmLWE0M2EtZWFiMjkyM2IyMjE42AIB4AIB&ucfs=1&arphpl=1&checkin=2026-06-01&checkout=2026-06-02&group_adults=2&req_adults=2&no_rooms=1&group_children=0&req_children=0&hpos=3&hapos=3&sr_order=popularity&srpvid=96f3740261db01ca&srepoch=1778344217&all_sr_blocks=1642102_430879714_2_1_0&highlighted_blocks=1642102_430879714_2_1_0&matching_block_id=1642102_430879714_2_1_0&sr_pri_blocks=1642102_430879714_2_1_0__9180&from_sustainable_property_sr=1&from=searchresults,5/9/2026
El Gouna,Movenpick Resort & Spa El Gouna,6941,EGP,2,0,1,8,1253,"El Gouna, Hurghada",,5,Resort,Classic King Room,No,Breakfast included,,https://www.booking.com/hotel/eg/moevenpick-resort-spa-el-gouna.html?aid=304142&label=gen173nr-10CAQoggI46wdIMVgEaEOIAQGYATO4ARfIAQzYAQPoAQH4AQGIAgGoAgG4AoTC_c8GwAIB0gIkZTBmZmFmZTMtMTM1NS00NWZmLWE0M2EtZWFiMjkyM2IyMjE42AIB4AIB&ucfs=1&arphpl=1&checkin=2026-06-01&checkout=2026-06-02&group_adults=2&req_adults=2&no_rooms=1&group_children=0&req_children=0&hpos=4&hapos=4&sr_order=popularity&srpvid=96f3740261db01ca&srepoch=1778344217&all_sr_blocks=23563932_91468174_2_41_0&highlighted_blocks=23563932_91468174_2_41_0&matching_block_id=23563932_91468174_2_41_0&sr_pri_blocks=23563932_91468174_2_41_0__13165&from_sustainable_property_sr=1&from=searchresults,5/9/2026
El Gouna,Mosaique Hotel El Gouna,4840,EGP,2,0,1,8.3,273,"El Gouna, Hurghada",,4,Hotel,Deluxe Room,Yes,Breakfast included,,https://www.booking.com/hotel/eg/mosaique-el-gouna.html?aid=304142&label=gen173nr-10CAQoggI46wdIMVgEaEOIAQGYATO4ARfIAQzYAQPoAQH4AQGIAgGoAgG4AoTC_c8GwAIB0gIkZTBmZmFmZTMtMTM1NS00NWZmLWE0M2EtZWFiMjkyM2IyMjE42AIB4AIB&ucfs=1&arphpl=1&checkin=2026-06-01&checkout=2026-06-02&group_adults=2&req_adults=2&no_rooms=1&group_children=0&req_children=0&hpos=5&hapos=5&sr_order=popularity&srpvid=96f3740261db01ca&srepoch=1778344217&all_sr_blocks=27180301_430879116_2_1_0&highlighted_blocks=27180301_430879116_2_1_0&matching_block_id=27180301_430879116_2_1_0&sr_pri_blocks=27180301_430879116_2_1_0__9180&from_sustainable_property_sr=1&from=searchresults,5/9/2026
El Gouna,Aqua Palms Resort D101,847,EGP,2,0,1,9,1,"El Gouna, El Gouna",,4,Resort,One-Bedroom Apartment,Yes,,,https://www.booking.com/hotel/eg/aqua-palms-resort-d101.html?aid=304142&label=gen173nr-10CAQoggI46wdIMVgEaEOIAQGYATO4ARfIAQzYAQPoAQH4AQGIAgGoAgG4AoTC_c8GwAIB0gIkZTBmZmFmZTMtMTM1NS00NWZmLWE0M2EtZWFiMjkyM2IyMjE42AIB4AIB&ucfs=1&arphpl=1&checkin=2026-06-01&checkout=2026-06-02&group_adults=2&req_adults=2&no_rooms=1&group_children=0&req_children=0&hpos=6&hapos=6&sr_order=popularity&srpvid=96f3740261db01ca&srepoch=1778344217&all_sr_blocks=1589103801_430013413_2_0_0&highlighted_blocks=1589103801_430013413_2_0_0&matching_block_id=1589103801_430013413_2_0_0&sr_pri_blocks=1589103801_430013413_2_0_0__1607&from=searchresults,5/9/2026
El Gouna,Steigenberger Golf Resort El Gouna,11482,EGP,2,0,1,8.7,1415,"El Gouna, Hurghada",,5,Resort,Deluxe Twin Room,Yes,Breakfast included,,https://www.booking.com/hotel/eg/steigenberger-golf-resort-el-gouna.html?aid=304142&label=gen173nr-10CAQoggI46wdIMVgEaEOIAQGYATO4ARfIAQzYAQPoAQH4AQGIAgGoAgG4AoTC_c8GwAIB0gIkZTBmZmFmZTMtMTM1NS00NWZmLWE0M2EtZWFiMjkyM2IyMjE42AIB4AIB&ucfs=1&arphpl=1&checkin=2026-06-01&checkout=2026-06-02&group_adults=2&req_adults=2&no_rooms=1&group_children=0&req_children=0&hpos=7&hapos=7&sr_order=popularity&srpvid=96f3740261db01ca&srepoch=1778344217&all_sr_blocks=1639016_430821798_2_1_0&highlighted_blocks=1639016_430821798_2_1_0&matching_block_id=1639016_430821798_2_1_0&sr_pri_blocks=1639016_430821798_2_1_0__21780&from_sustainable_property_sr=1&from=searchresults,5/9/2026
El Gouna,Ali Pasha Hotel,6548,EGP,2,0,1,8.9,571,"El Gouna, Hurghada",,4,Hotel,Deluxe Room,Yes,Breakfast included,,https://www.booking.com/hotel/eg/ali-pasha.html?aid=304142&label=gen173nr-10CAQoggI46wdIMVgEaEOIAQGYATO4ARfIAQzYAQPoAQH4AQGIAgGoAgG4AoTC_c8GwAIB0gIkZTBmZmFmZTMtMTM1NS00NWZmLWE0M2EtZWFiMjkyM2IyMjE42AIB4AIB&ucfs=1&arphpl=1&checkin=2026-06-01&checkout=2026-06-02&group_adults=2&req_adults=2&no_rooms=1&group_children=0&req_children=0&hpos=8&hapos=8&sr_order=popularity&srpvid=96f3740261db01ca&srepoch=1778344217&all_sr_blocks=1643508_430879567_2_1_0&highlighted_blocks=1643508_430879567_2_1_0&matching_block_id=1643508_430879567_2_1_0&sr_pri_blocks=1643508_430879567_2_1_0__12420&from_sustainable_property_sr=1&from=searchresults,5/9/2026
El Gouna,Creek Hotel and Residences El Gouna,5799,EGP,2,0,1,9.2,912,"El Gouna, Hurghada",,5,Hotel,Creek Room Mountain View,Yes,Breakfast included,,https://www.booking.com/hotel/eg/creek-and-residence-el-gouna.html?aid=304142&label=gen173nr-10CAQoggI46wdIMVgEaEOIAQGYATO4ARfIAQzYAQPoAQH4AQGIAgGoAgG4AoTC_c8GwAIB0gIkZTBmZmFmZTMtMTM1NS00NWZmLWE0M2EtZWFiMjkyM2IyMjE42AIB4AIB&ucfs=1&arphpl=1&checkin=2026-06-01&checkout=2026-06-02&group_adults=2&req_adults=2&no_rooms=1&group_children=0&req_children=0&hpos=9&hapos=9&sr_order=popularity&srpvid=96f3740261db01ca&srepoch=1778344217&all_sr_blocks=1046234301_428610692_2_41_0_1388033&highlighted_blocks=1046234301_428610692_2_41_0_1388033&matching_block_id=1046234301_428610692_2_41_0_1388033&sr_pri_blocks=1046234301_428610692_2_41_0_1388033_11000&from_sustainable_property_sr=1&from=searchresults,5/9/2026
El Gouna,Doubletree By Hilton Mangroovy El Gouna Resort,13892,EGP,2,0,1,9,217,"El Gouna, Hurghada",,5,Resort,King Guest Room,Yes,Breakfast included,,https://www.booking.com/hotel/eg/doubletree-by-hilton-mangroovy-el-gouna-resort.html?aid=304142&label=gen173nr-10CAQoggI46wdIMVgEaEOIAQGYATO4ARfIAQzYAQPoAQH4AQGIAgGoAgG4AoTC_c8GwAIB0gIkZTBmZmFmZTMtMTM1NS00NWZmLWE0M2EtZWFiMjkyM2IyMjE42AIB4AIB&ucfs=1&arphpl=1&checkin=2026-06-01&checkout=2026-06-02&group_adults=2&req_adults=2&no_rooms=1&group_children=0&req_children=0&hpos=10&hapos=10&sr_order=popularity&srpvid=96f3740261db01ca&srepoch=1778344217&all_sr_blocks=1256779605_398278716_2_1_0&highlighted_blocks=1256779605_398278716_2_1_0&matching_block_id=1256779605_398278716_2_1_0&sr_pri_blocks=1256779605_398278716_2_1_0__26350&from=searchresults,5/9/2026
El Gouna,The Chedi El Gouna,13950,EGP,2,0,1,9.1,736,"El Gouna, Hurghada",,5,Hotel,Deluxe Room,Yes,Breakfast included,,https://www.booking.com/hotel/eg/the-chedi-elgouna.html?aid=304142&label=gen173nr-10CAQoggI46wdIMVgEaEOIAQGYATO4ARfIAQzYAQPoAQH4AQGIAgGoAgG4AoTC_c8GwAIB0gIkZTBmZmFmZTMtMTM1NS00NWZmLWE0M2EtZWFiMjkyM2IyMjE42AIB4AIB&ucfs=1&arphpl=1&checkin=2026-06-01&checkout=2026-06-02&group_adults=2&req_adults=2&no_rooms=1&group_children=0&req_children=0&hpos=11&hapos=11&sr_order=popularity&srpvid=96f3740261db01ca&srepoch=1778344217&all_sr_blocks=139891004_405403812_2_33_0&highlighted_blocks=139891004_405403812_2_33_0&matching_block_id=139891004_405403812_2_33_0&sr_pri_blocks=139891004_405403812_2_33_0__26460&from_sustainable_property_sr=1&from=searchresults,5/9/2026
El Gouna,Gcribs Onebedroom Elgouna,2135,EGP,2,0,1,7.7,20,"El Gouna, Hurghada",,3,Apartment,One-Bedroom Apartment,No,,,https://www.booking.com/hotel/eg/gcribs-onebedroom-elgouna.html?aid=304142&label=gen173nr-10CAQoggI46wdIMVgEaEOIAQGYATO4ARfIAQzYAQPoAQH4AQGIAgGoAgG4AoTC_c8GwAIB0gIkZTBmZmFmZTMtMTM1NS00NWZmLWE0M2EtZWFiMjkyM2IyMjE42AIB4AIB&ucfs=1&arphpl=1&checkin=2026-06-01&checkout=2026-06-02&group_adults=2&req_adults=2&no_rooms=1&group_children=0&req_children=0&hpos=12&hapos=12&sr_order=popularity&srpvid=96f3740261db01ca&srepoch=1778344217&all_sr_blocks=1478740501_419338331_4_0_0&highlighted_blocks=1478740501_419338331_4_0_0&matching_block_id=1478740501_419338331_4_0_0&sr_pri_blocks=1478740501_419338331_4_0_0__4050&from=searchresults,5/9/2026
El Gouna,Sheraton Miramar Resort El Gouna,9490,EGP,2,0,1,8.5,517,"El Gouna, Hurghada",,5,Resort,Superior Twin Room,No,Breakfast included,,https://www.booking.com/hotel/eg/sheraton-miramar-resort-el-gouna.html?aid=304142&label=gen173nr-10CAQoggI46wdIMVgEaEOIAQGYATO4ARfIAQzYAQPoAQH4AQGIAgGoAgG4AoTC_c8GwAIB0gIkZTBmZmFmZTMtMTM1NS00NWZmLWE0M2EtZWFiMjkyM2IyMjE42AIB4AIB&ucfs=1&arphpl=1&checkin=2026-06-01&checkout=2026-06-02&group_adults=2&req_adults=2&no_rooms=1&group_children=0&req_children=0&hpos=13&hapos=13&sr_order=popularity&srpvid=96f3740261db01ca&srepoch=1778344217&all_sr_blocks=1606130_95140718_0_41_0&highlighted_blocks=1606130_95140718_0_41_0&matching_block_id=1606130_95140718_0_41_0&sr_pri_blocks=1606130_95140718_0_41_0__18000&from_sustainable_property_sr=1&from=searchresults,5/9/2026
El Gouna,"El Gouna Elite Worldwide Sea & Garden Residences - Hurghada, Egypt",4481,EGP,2,0,1,9.1,379,"El Gouna, Hurghada",,4,Apartment,Apartment with Garden View,Yes,,,https://www.booking.com/hotel/eg/el-gouna-elite-residence.html?aid=304142&label=gen173nr-10CAQoggI46wdIMVgEaEOIAQGYATO4ARfIAQzYAQPoAQH4AQGIAgGoAgG4AoTC_c8GwAIB0gIkZTBmZmFmZTMtMTM1NS00NWZmLWE0M2EtZWFiMjkyM2IyMjE42AIB4AIB&ucfs=1&arphpl=1&checkin=2026-06-01&checkout=2026-06-02&group_adults=2&req_adults=2&no_rooms=1&group_children=0&req_children=0&hpos=14&hapos=14&sr_order=popularity&srpvid=96f3740261db01ca&srepoch=1778344217&all_sr_blocks=946037408_425308376_2_42_0_1122547&highlighted_blocks=946037408_425308376_2_42_0_1122547&matching_block_id=946037408_425308376_2_42_0_1122547&sr_pri_blocks=946037408_425308376_2_42_0_1122547_8500&from=searchresults,5/9/2026
El Gouna,Cook’s Club El Gouna (Adults Only),9774,EGP,2,0,1,9.4,2055,"El Gouna, Hurghada",,4,Hotel,Standard Twin Room,Yes,Breakfast included,,https://www.booking.com/hotel/eg/cooks-club-el-gouna.html?aid=304142&label=gen173nr-10CAQoggI46wdIMVgEaEOIAQGYATO4ARfIAQzYAQPoAQH4AQGIAgGoAgG4AoTC_c8GwAIB0gIkZTBmZmFmZTMtMTM1NS00NWZmLWE0M2EtZWFiMjkyM2IyMjE42AIB4AIB&ucfs=1&arphpl=1&checkin=2026-06-01&checkout=2026-06-02&group_adults=2&req_adults=2&no_rooms=1&group_children=0&req_children=0&hpos=15&hapos=15&sr_order=popularity&srpvid=96f3740261db01ca&srepoch=1778344253&all_sr_blocks=1641312_430870039_2_1_0&highlighted_blocks=1641312_430870039_2_1_0&matching_block_id=1641312_430870039_2_1_0&sr_pri_blocks=1641312_430870039_2_1_0__18540&from_sustainable_property_sr=1&from=searchresults,5/9/2026
El Gouna,Panorama Bungalows Resort El Gouna,8593,EGP,2,0,1,8.4,1469,"El Gouna, Hurghada",,4,Resort,Standard Room,Yes,Breakfast included,,https://www.booking.com/hotel/eg/panorama-bungalows-resort-el-gouna.html?aid=304142&label=gen173nr-10CAQoggI46wdIMVgEaEOIAQGYATO4ARfIAQzYAQPoAQH4AQGIAgGoAgG4AoTC_c8GwAIB0gIkZTBmZmFmZTMtMTM1NS00NWZmLWE0M2EtZWFiMjkyM2IyMjE42AIB4AIB&ucfs=1&arphpl=1&checkin=2026-06-01&checkout=2026-06-02&group_adults=2&req_adults=2&no_rooms=1&group_children=0&req_children=0&hpos=16&hapos=16&sr_order=popularity&srpvid=96f3740261db01ca&srepoch=1778344253&all_sr_blocks=33891401_424909061_2_41_0&highlighted_blocks=33891401_424909061_2_41_0&matching_block_id=33891401_424909061_2_41_0&sr_pri_blocks=33891401_424909061_2_41_0__16300&from=searchresults,5/9/2026
El Gouna,Three Corners Rihana Resort El Gouna,7980,EGP,2,0,1,8.7,1762,"El Gouna, Hurghada",,4,Resort,Comfort Room,Yes,Breakfast included,,https://www.booking.com/hotel/eg/the-three-corners-rihana-resort.html?aid=304142&label=gen173nr-10CAQoggI46wdIMVgEaEOIAQGYATO4ARfIAQzYAQPoAQH4AQGIAgGoAgG4AoTC_c8GwAIB0gIkZTBmZmFmZTMtMTM1NS00NWZmLWE0M2EtZWFiMjkyM2IyMjE42AIB4AIB&ucfs=1&arphpl=1&checkin=2026-06-01&checkout=2026-06-02&group_adults=2&req_adults=2&no_rooms=1&group_children=0&req_children=0&hpos=17&hapos=17&sr_order=popularity&srpvid=96f3740261db01ca&srepoch=1778344253&all_sr_blocks=1608008_350319914_2_41_0&highlighted_blocks=1608008_350319914_2_41_0&matching_block_id=1608008_350319914_2_41_0&sr_pri_blocks=1608008_350319914_2_41_0__15136&from=searchresults,5/9/2026
El Gouna,Ancient Sands Golf Resort and Residences,13096,EGP,2,0,1,8.6,361,"El Gouna, Hurghada",,5,Resort,Deluxe Room,Yes,Breakfast included,,https://www.booking.com/hotel/eg/ancient-sands-resort.html?aid=304142&label=gen173nr-10CAQoggI46wdIMVgEaEOIAQGYATO4ARfIAQzYAQPoAQH4AQGIAgGoAgG4AoTC_c8GwAIB0gIkZTBmZmFmZTMtMTM1NS00NWZmLWE0M2EtZWFiMjkyM2IyMjE42AIB4AIB&ucfs=1&arphpl=1&checkin=2026-06-01&checkout=2026-06-02&group_adults=2&req_adults=2&no_rooms=1&group_children=0&req_children=0&hpos=18&hapos=18&sr_order=popularity&srpvid=96f3740261db01ca&srepoch=1778344253&all_sr_blocks=146642020_430878911_2_1_0&highlighted_blocks=146642020_430878911_2_1_0&matching_block_id=146642020_430878911_2_1_0&sr_pri_blocks=146642020_430878911_2_1_0__24840&from_sustainable_property_sr=1&from=searchresults,5/9/2026
El Gouna,Bali Al-Juna,3948,EGP,2,0,1,,,"El Gouna, Hurghada",,,Hotel,Two-Bedroom Chalet,No,,,https://www.booking.com/hotel/eg/bali-al-juna.html?aid=304142&label=gen173nr-10CAQoggI46wdIMVgEaEOIAQGYATO4ARfIAQzYAQPoAQH4AQGIAgGoAgG4AoTC_c8GwAIB0gIkZTBmZmFmZTMtMTM1NS00NWZmLWE0M2EtZWFiMjkyM2IyMjE42AIB4AIB&ucfs=1&arphpl=1&checkin=2026-06-01&checkout=2026-06-02&group_adults=2&req_adults=2&no_rooms=1&group_children=0&req_children=0&hpos=19&hapos=19&sr_order=popularity&srpvid=96f3740261db01ca&srepoch=1778344253&all_sr_blocks=1628312201_433446231_2_0_0&highlighted_blocks=1628312201_433446231_2_0_0&matching_block_id=1628312201_433446231_2_0_0&sr_pri_blocks=1628312201_433446231_2_0_0__7488&from=searchresults,5/9/2026
El Gouna,Fanadir Hotel El Gouna,6121,EGP,2,0,1,7.8,151,"El Gouna, Hurghada",,4,Hotel,Deluxe Room,Yes,Breakfast included,,https://www.booking.com/hotel/eg/fanadir-el-gouna.html?aid=304142&label=gen173nr-10CAQoggI46wdIMVgEaEOIAQGYATO4ARfIAQzYAQPoAQH4AQGIAgGoAgG4AoTC_c8GwAIB0gIkZTBmZmFmZTMtMTM1NS00NWZmLWE0M2EtZWFiMjkyM2IyMjE42AIB4AIB&ucfs=1&arphpl=1&checkin=2026-06-01&checkout=2026-06-02&group_adults=2&req_adults=2&no_rooms=1&group_children=0&req_children=0&hpos=20&hapos=20&sr_order=popularity&srpvid=96f3740261db01ca&srepoch=1778344253&all_sr_blocks=26320402_430879332_2_1_0&highlighted_blocks=26320402_430879332_2_1_0&matching_block_id=26320402_430879332_2_1_0&sr_pri_blocks=26320402_430879332_2_1_0__11610&from_sustainable_property_sr=1&from=searchresults,5/9/2026
El Gouna,"M Residence with Pool View & Beach Access - El Gouna, Hurghada",7992,EGP,2,0,1,9.4,5,"El Gouna, Hurghada",,,Apartment,Three-Bedroom Vacation Home,No,,,https://www.booking.com/hotel/eg/mangroovy-apartment-el-gouna-beach-amp-pool-access.html?aid=304142&label=gen173nr-10CAQoggI46wdIMVgEaEOIAQGYATO4ARfIAQzYAQPoAQH4AQGIAgGoAgG4AoTC_c8GwAIB0gIkZTBmZmFmZTMtMTM1NS00NWZmLWE0M2EtZWFiMjkyM2IyMjE42AIB4AIB&ucfs=1&arphpl=1&checkin=2026-06-01&checkout=2026-06-02&group_adults=2&req_adults=2&no_rooms=1&group_children=0&req_children=0&hpos=21&hapos=21&sr_order=popularity&srpvid=96f3740261db01ca&srepoch=1778344253&all_sr_blocks=1309657501_403745796_2_0_0_791952&highlighted_blocks=1309657501_403745796_2_0_0_791952&matching_block_id=1309657501_403745796_2_0_0_791952&sr_pri_blocks=1309657501_403745796_2_0_0_791952_15159&from=searchresults,5/9/2026
El Gouna,SeaView Penthouse with Roof in Marina El Gouna Egypt (Center),9335,EGP,2,0,1,9.1,42,"El Gouna, Hurghada",,3,Hotel,Three-Bedroom House,No,,,https://www.booking.com/hotel/eg/seaview-penthouse-with-roof-in-marina-el-gouna-egypt-center.html?aid=304142&label=gen173nr-10CAQoggI46wdIMVgEaEOIAQGYATO4ARfIAQzYAQPoAQH4AQGIAgGoAgG4AoTC_c8GwAIB0gIkZTBmZmFmZTMtMTM1NS00NWZmLWE0M2EtZWFiMjkyM2IyMjE42AIB4AIB&ucfs=1&arphpl=1&checkin=2026-06-01&checkout=2026-06-02&group_adults=2&req_adults=2&no_rooms=1&group_children=0&req_children=0&hpos=22&hapos=22&sr_order=popularity&srpvid=96f3740261db01ca&srepoch=1778344253&all_sr_blocks=1160259101_388728171_4_0_0&highlighted_blocks=1160259101_388728171_4_0_0&matching_block_id=1160259101_388728171_4_0_0&sr_pri_blocks=1160259101_388728171_4_0_0__17706&from=searchresults,5/9/2026
El Gouna,Mangarov-2BR. M1-6b-12,22559,EGP,2,0,1,8.7,29,"El Gouna, Hurghada",,3,Apartment,Two-Bedroom Apartment,No,,,https://www.booking.com/hotel/eg/mangarov-2br-m1-6b-12.html?aid=304142&label=gen173nr-10CAQoggI46wdIMVgEaEOIAQGYATO4ARfIAQzYAQPoAQH4AQGIAgGoAgG4AoTC_c8GwAIB0gIkZTBmZmFmZTMtMTM1NS00NWZmLWE0M2EtZWFiMjkyM2IyMjE42AIB4AIB&ucfs=1&arphpl=1&checkin=2026-06-01&checkout=2026-06-02&group_adults=2&req_adults=2&no_rooms=1&group_children=0&req_children=0&hpos=23&hapos=23&sr_order=popularity&srpvid=96f3740261db01ca&srepoch=1778344253&all_sr_blocks=839299501_350441272_0_0_0&highlighted_blocks=839299501_350441272_0_0_0&matching_block_id=839299501_350441272_0_0_0&sr_pri_blocks=839299501_350441272_0_0_0__42790&from=searchresults,5/9/2026
El Gouna,"Nayah Stays, Amazing villa with private pool & 5 master suites",15125,EGP,2,0,1,8.7,16,"El Gouna, Hurghada",,3,Villa,Five-Bedroom House,No,,,https://www.booking.com/hotel/eg/amazing-villa-with-private-pool-amp-5-master-suites.html?aid=304142&label=gen173nr-10CAQoggI46wdIMVgEaEOIAQGYATO4ARfIAQzYAQPoAQH4AQGIAgGoAgG4AoTC_c8GwAIB0gIkZTBmZmFmZTMtMTM1NS00NWZmLWE0M2EtZWFiMjkyM2IyMjE42AIB4AIB&ucfs=1&arphpl=1&checkin=2026-06-01&checkout=2026-06-02&group_adults=2&req_adults=2&no_rooms=1&group_children=0&req_children=0&hpos=24&hapos=24&sr_order=popularity&srpvid=96f3740261db01ca&srepoch=1778344253&all_sr_blocks=913763201_384871058_0_0_0&highlighted_blocks=913763201_384871058_0_0_0&matching_block_id=913763201_384871058_0_0_0&sr_pri_blocks=913763201_384871058_0_0_0__28690&from=searchresults,5/9/2026
El Gouna,Elgouna Hurghada egypt mangroovy,8066,EGP,2,0,1,9.6,26,"El Gouna, Hurghada",,3,Apartment,Two-Bedroom Apartment,No,,,https://www.booking.com/hotel/eg/elgouna-hurghada-egypt.html?aid=304142&label=gen173nr-10CAQoggI46wdIMVgEaEOIAQGYATO4ARfIAQzYAQPoAQH4AQGIAgGoAgG4AoTC_c8GwAIB0gIkZTBmZmFmZTMtMTM1NS00NWZmLWE0M2EtZWFiMjkyM2IyMjE42AIB4AIB&ucfs=1&arphpl=1&checkin=2026-06-01&checkout=2026-06-02&group_adults=2&req_adults=2&no_rooms=1&group_children=0&req_children=0&hpos=25&hapos=25&sr_order=popularity&srpvid=96f3740261db01ca&srepoch=1778344253&all_sr_blocks=918759901_363467998_2_0_0&highlighted_blocks=918759901_363467998_2_0_0&matching_block_id=918759901_363467998_2_0_0&sr_pri_blocks=918759901_363467998_2_0_0__15300&from=searchresults,5/9/2026
El Gouna,G-cribs studio pool view,4376,EGP,2,0,1,8.5,4,"El Gouna, Hurghada",,3,Apartment,Studio Apartment with Balcony,Yes,,,https://www.booking.com/hotel/eg/g-cribs-studio-pool-view.html?aid=304142&label=gen173nr-10CAQoggI46wdIMVgEaEOIAQGYATO4ARfIAQzYAQPoAQH4AQGIAgGoAgG4AoTC_c8GwAIB0gIkZTBmZmFmZTMtMTM1NS00NWZmLWE0M2EtZWFiMjkyM2IyMjE42AIB4AIB&ucfs=1&arphpl=1&checkin=2026-06-01&checkout=2026-06-02&group_adults=2&req_adults=2&no_rooms=1&group_children=0&req_children=0&hpos=1&hapos=26&sr_order=popularity&srpvid=96f3740261db01ca&srepoch=1778344206&all_sr_blocks=1477522001_419206998_0_0_0&highlighted_blocks=1477522001_419206998_0_0_0&matching_block_id=1477522001_419206998_0_0_0&sr_pri_blocks=1477522001_419206998_0_0_0__8300&from=searchresults,5/9/2026
El Gouna,Hurghada Concierge in EL-Gouna,4112,EGP,2,0,1,8.2,24,"El Gouna, Hurghada",,3,Apartment,Two-Bedroom Apartment,No,,,https://www.booking.com/hotel/eg/nubian-lagoon.html?aid=304142&label=gen173nr-10CAQoggI46wdIMVgEaEOIAQGYATO4ARfIAQzYAQPoAQH4AQGIAgGoAgG4AoTC_c8GwAIB0gIkZTBmZmFmZTMtMTM1NS00NWZmLWE0M2EtZWFiMjkyM2IyMjE42AIB4AIB&ucfs=1&arphpl=1&checkin=2026-06-01&checkout=2026-06-02&group_adults=2&req_adults=2&no_rooms=1&group_children=0&req_children=0&hpos=2&hapos=27&sr_order=popularity&srpvid=96f3740261db01ca&srepoch=1778344206&all_sr_blocks=1003710501_373142490_2_0_0&highlighted_blocks=1003710501_373142490_2_0_0&matching_block_id=1003710501_373142490_2_0_0&sr_pri_blocks=1003710501_373142490_2_0_0__7800&from=searchresults,5/9/2026
El Gouna,Casa Cook El Gouna - Adults Only,15088,EGP,2,0,1,9.3,830,"El Gouna, Hurghada",,5,Hotel,Premium Twin Terrace,Yes,Breakfast included,,https://www.booking.com/hotel/eg/casa-cook.html?aid=304142&label=gen173nr-10CAQoggI46wdIMVgEaEOIAQGYATO4ARfIAQzYAQPoAQH4AQGIAgGoAgG4AoTC_c8GwAIB0gIkZTBmZmFmZTMtMTM1NS00NWZmLWE0M2EtZWFiMjkyM2IyMjE42AIB4AIB&ucfs=1&arphpl=1&checkin=2026-06-01&checkout=2026-06-02&group_adults=2&req_adults=2&no_rooms=1&group_children=0&req_children=0&hpos=3&hapos=28&sr_order=popularity&srpvid=96f3740261db01ca&srepoch=1778344206&all_sr_blocks=546277703_430878622_2_33_0&highlighted_blocks=546277703_430878622_2_33_0&matching_block_id=546277703_430878622_2_33_0&sr_pri_blocks=546277703_430878622_2_33_0__28620&from_sustainable_property_sr=1&from=searchresults,5/9/2026
El Gouna,West golf 2bedroom,4508,EGP,2,0,1,8.5,41,"El Gouna, Hurghada",,3,Apartment,Two-Bedroom Apartment,No,,,https://www.booking.com/hotel/eg/west-golf-2bedroom.html?aid=304142&label=gen173nr-10CAQoggI46wdIMVgEaEOIAQGYATO4ARfIAQzYAQPoAQH4AQGIAgGoAgG4AoTC_c8GwAIB0gIkZTBmZmFmZTMtMTM1NS00NWZmLWE0M2EtZWFiMjkyM2IyMjE42AIB4AIB&ucfs=1&arphpl=1&checkin=2026-06-01&checkout=2026-06-02&group_adults=2&req_adults=2&no_rooms=1&group_children=0&req_children=0&hpos=4&hapos=29&sr_order=popularity&srpvid=96f3740261db01ca&srepoch=1778344206&all_sr_blocks=1054507001_377637575_3_0_0&highlighted_blocks=1054507001_377637575_3_0_0&matching_block_id=1054507001_377637575_3_0_0&sr_pri_blocks=1054507001_377637575_3_0_0__8550&from=searchresults,5/9/2026
El Gouna,Sabina 2br penthouse,11862,EGP,2,0,1,6,4,"El Gouna, Hurghada",,,Apartment,Two-Bedroom Apartment,No,,,https://www.booking.com/hotel/eg/lovely-2-bedroom-flat-overlooking-open-lagoon.html?aid=304142&label=gen173nr-10CAQoggI46wdIMVgEaEOIAQGYATO4ARfIAQzYAQPoAQH4AQGIAgGoAgG4AoTC_c8GwAIB0gIkZTBmZmFmZTMtMTM1NS00NWZmLWE0M2EtZWFiMjkyM2IyMjE42AIB4AIB&ucfs=1&arphpl=1&checkin=2026-06-01&checkout=2026-06-02&group_adults=2&req_adults=2&no_rooms=1&group_children=0&req_children=0&hpos=5&hapos=30&sr_order=popularity&srpvid=96f3740261db01ca&srepoch=1778344206&all_sr_blocks=859984501_353812681_4_0_0&highlighted_blocks=859984501_353812681_4_0_0&matching_block_id=859984501_353812681_4_0_0&sr_pri_blocks=859984501_353812681_4_0_0__22500&from=searchresults,5/9/2026
El Gouna,"El gouna , Red sea",2610,EGP,2,0,1,7.5,8,"El Gouna, Hurghada",,3,Apartment,One-Bedroom Apartment,No,,,https://www.booking.com/hotel/eg/el-gouna-red-sea.html?aid=304142&label=gen173nr-10CAQoggI46wdIMVgEaEOIAQGYATO4ARfIAQzYAQPoAQH4AQGIAgGoAgG4AoTC_c8GwAIB0gIkZTBmZmFmZTMtMTM1NS00NWZmLWE0M2EtZWFiMjkyM2IyMjE42AIB4AIB&ucfs=1&arphpl=1&checkin=2026-06-01&checkout=2026-06-02&group_adults=2&req_adults=2&no_rooms=1&group_children=0&req_children=0&hpos=6&hapos=31&sr_order=popularity&srpvid=96f3740261db01ca&srepoch=1778344206&all_sr_blocks=1269529101_399693951_4_0_0&highlighted_blocks=1269529101_399693951_4_0_0&matching_block_id=1269529101_399693951_4_0_0&sr_pri_blocks=1269529101_399693951_4_0_0__4950&from=searchresults,5/9/2026
El Gouna,EL GOUNA Boho Beach Chalet with pool access,4508,EGP,2,0,1,10,3,"El Gouna, Hurghada",,3,Apartment,One-Bedroom Apartment,No,,,https://www.booking.com/hotel/eg/boho-beach-chalet-in-el-gouna-with-pool-access-el-gouna-hurghada.html?aid=304142&label=gen173nr-10CAQoggI46wdIMVgEaEOIAQGYATO4ARfIAQzYAQPoAQH4AQGIAgGoAgG4AoTC_c8GwAIB0gIkZTBmZmFmZTMtMTM1NS00NWZmLWE0M2EtZWFiMjkyM2IyMjE42AIB4AIB&ucfs=1&arphpl=1&checkin=2026-06-01&checkout=2026-06-02&group_adults=2&req_adults=2&no_rooms=1&group_children=0&req_children=0&hpos=7&hapos=32&sr_order=popularity&srpvid=96f3740261db01ca&srepoch=1778344206&all_sr_blocks=1564409101_427540434_4_0_0&highlighted_blocks=1564409101_427540434_4_0_0&matching_block_id=1564409101_427540434_4_0_0&sr_pri_blocks=1564409101_427540434_4_0_0__8550&from=searchresults,5/9/2026
El Gouna,Elgouna Heart Mangroovy new 2bedrooms,6854,EGP,2,0,1,9,41,"El Gouna, Hurghada",,4,Apartment,Two-Bedroom Apartment,No,,,https://www.booking.com/hotel/eg/elgouna-mangroovy-new-building-2bedrooms.html?aid=304142&label=gen173nr-10CAQoggI46wdIMVgEaEOIAQGYATO4ARfIAQzYAQPoAQH4AQGIAgGoAgG4AoTC_c8GwAIB0gIkZTBmZmFmZTMtMTM1NS00NWZmLWE0M2EtZWFiMjkyM2IyMjE42AIB4AIB&ucfs=1&arphpl=1&checkin=2026-06-01&checkout=2026-06-02&group_adults=2&req_adults=2&no_rooms=1&group_children=0&req_children=0&hpos=8&hapos=33&sr_order=popularity&srpvid=96f3740261db01ca&srepoch=1778344206&all_sr_blocks=755519201_404005634_0_0_0&highlighted_blocks=755519201_404005634_0_0_0&matching_block_id=755519201_404005634_0_0_0&sr_pri_blocks=755519201_404005634_0_0_0__13000&from=searchresults,5/9/2026
El Gouna,Chic G Cribs Studio,4033,EGP,2,0,1,9.7,3,"El Gouna, El Gouna",,,Apartment,One-Bedroom Chalet,No,,,https://www.booking.com/hotel/eg/chic-g-cribs-studio.html?aid=304142&label=gen173nr-10CAQoggI46wdIMVgEaEOIAQGYATO4ARfIAQzYAQPoAQH4AQGIAgGoAgG4AoTC_c8GwAIB0gIkZTBmZmFmZTMtMTM1NS00NWZmLWE0M2EtZWFiMjkyM2IyMjE42AIB4AIB&ucfs=1&arphpl=1&checkin=2026-06-01&checkout=2026-06-02&group_adults=2&req_adults=2&no_rooms=1&group_children=0&req_children=0&hpos=9&hapos=34&sr_order=popularity&srpvid=96f3740261db01ca&srepoch=1778344206&all_sr_blocks=1503927101_422118314_3_0_0&highlighted_blocks=1503927101_422118314_3_0_0&matching_block_id=1503927101_422118314_3_0_0&sr_pri_blocks=1503927101_422118314_3_0_0__7650&from=searchresults,5/9/2026
El Gouna,Luxury 4 bedroom villa - Cyan ElGouna,36904,EGP,2,0,1,9,5,"El Gouna, Hurghada",,3,Villa,Villa,No,,,https://www.booking.com/hotel/eg/luxury-4-bedroom-villa-cyan-elgouna.html?aid=304142&label=gen173nr-10CAQoggI46wdIMVgEaEOIAQGYATO4ARfIAQzYAQPoAQH4AQGIAgGoAgG4AoTC_c8GwAIB0gIkZTBmZmFmZTMtMTM1NS00NWZmLWE0M2EtZWFiMjkyM2IyMjE42AIB4AIB&ucfs=1&arphpl=1&checkin=2026-06-01&checkout=2026-06-02&group_adults=2&req_adults=2&no_rooms=1&group_children=0&req_children=0&hpos=10&hapos=35&sr_order=popularity&srpvid=96f3740261db01ca&srepoch=1778344206&all_sr_blocks=1081862901_380774232_8_0_0&highlighted_blocks=1081862901_380774232_8_0_0&matching_block_id=1081862901_380774232_8_0_0&sr_pri_blocks=1081862901_380774232_8_0_0__70000&from=searchresults,5/9/2026
El Gouna,Studio el Gouna holiday G cribs Compound,2847,EGP,2,0,1,6.3,3,"El Gouna, Hurghada",,,Apartment,One-Bedroom House,No,,,https://www.booking.com/hotel/eg/one-bedroom-mangrove-el-gouna-holiday.html?aid=304142&label=gen173nr-10CAQoggI46wdIMVgEaEOIAQGYATO4ARfIAQzYAQPoAQH4AQGIAgGoAgG4AoTC_c8GwAIB0gIkZTBmZmFmZTMtMTM1NS00NWZmLWE0M2EtZWFiMjkyM2IyMjE42AIB4AIB&ucfs=1&arphpl=1&checkin=2026-06-01&checkout=2026-06-02&group_adults=2&req_adults=2&no_rooms=1&group_children=0&req_children=0&hpos=11&hapos=36&sr_order=popularity&srpvid=96f3740261db01ca&srepoch=1778344206&all_sr_blocks=1359751701_408276726_2_0_0&highlighted_blocks=1359751701_408276726_2_0_0&matching_block_id=1359751701_408276726_2_0_0&sr_pri_blocks=1359751701_408276726_2_0_0__5400&from=searchresults,5/9/2026
El Gouna,منتجع طيبة فيو Tiba view,1661,EGP,2,0,1,8.3,12,"El Gouna, Hurghada",,3,Hotel,Studio with Sea View,No,,,https://www.booking.com/hotel/eg/mntj-tyb-fyw-tiba-view.html?aid=304142&label=gen173nr-10CAQoggI46wdIMVgEaEOIAQGYATO4ARfIAQzYAQPoAQH4AQGIAgGoAgG4AoTC_c8GwAIB0gIkZTBmZmFmZTMtMTM1NS00NWZmLWE0M2EtZWFiMjkyM2IyMjE42AIB4AIB&ucfs=1&arphpl=1&checkin=2026-06-01&checkout=2026-06-02&group_adults=2&req_adults=2&no_rooms=1&group_children=0&req_children=0&hpos=12&hapos=37&sr_order=popularity&srpvid=96f3740261db01ca&srepoch=1778344206&all_sr_blocks=1024877801_392941946_2_0_0&highlighted_blocks=1024877801_392941946_2_0_0&matching_block_id=1024877801_392941946_2_0_0&sr_pri_blocks=1024877801_392941946_2_0_0__3150&from=searchresults,5/9/2026
El Gouna,Hotel Sultan Bey Resort,10755,EGP,2,0,1,8.6,502,"El Gouna, Hurghada",,4,Resort,Premium Garden view Terrace,Yes,Breakfast included,,https://www.booking.com/hotel/eg/sultan-bey-resort.html?aid=304142&label=gen173nr-10CAQoggI46wdIMVgEaEOIAQGYATO4ARfIAQzYAQPoAQH4AQGIAgGoAgG4AoTC_c8GwAIB0gIkZTBmZmFmZTMtMTM1NS00NWZmLWE0M2EtZWFiMjkyM2IyMjE42AIB4AIB&ucfs=1&arphpl=1&checkin=2026-06-01&checkout=2026-06-02&group_adults=2&req_adults=2&no_rooms=1&group_children=0&req_children=0&hpos=13&hapos=38&sr_order=popularity&srpvid=96f3740261db01ca&srepoch=1778344206&all_sr_blocks=17141601_425444373_2_1_0&highlighted_blocks=17141601_425444373_2_1_0&matching_block_id=17141601_425444373_2_1_0&sr_pri_blocks=17141601_425444373_2_1_0__20400&from_sustainable_property_sr=1&from=searchresults,5/9/2026
El Gouna,Bali studio,2494,EGP,2,0,1,6.2,51,"El Gouna, Hurghada",,3,Apartment,Studio with Balcony,Yes,,,https://www.booking.com/hotel/eg/our-gateway-studio.html?aid=304142&label=gen173nr-10CAQoggI46wdIMVgEaEOIAQGYATO4ARfIAQzYAQPoAQH4AQGIAgGoAgG4AoTC_c8GwAIB0gIkZTBmZmFmZTMtMTM1NS00NWZmLWE0M2EtZWFiMjkyM2IyMjE42AIB4AIB&ucfs=1&arphpl=1&checkin=2026-06-01&checkout=2026-06-02&group_adults=2&req_adults=2&no_rooms=1&group_children=0&req_children=0&hpos=14&hapos=39&sr_order=popularity&srpvid=96f3740261db01ca&srepoch=1778344206&all_sr_blocks=1073168402_431762934_0_0_0&highlighted_blocks=1073168402_431762934_0_0_0&matching_block_id=1073168402_431762934_0_0_0&sr_pri_blocks=1073168402_431762934_0_0_0__4730&from=searchresults,5/9/2026
El Gouna,الغردقة الفيروز شارع الامير ابن طلال,797,EGP,2,0,1,1,1,"El Gouna, Hurghada",,,Apartment,One-Bedroom Apartment,No,,,https://www.booking.com/hotel/eg/lgrdq-lfyrwz-shr-lmyr-bn-tll.html?aid=304142&label=gen173nr-10CAQoggI46wdIMVgEaEOIAQGYATO4ARfIAQzYAQPoAQH4AQGIAgGoAgG4AoTC_c8GwAIB0gIkZTBmZmFmZTMtMTM1NS00NWZmLWE0M2EtZWFiMjkyM2IyMjE42AIB4AIB&ucfs=1&arphpl=1&checkin=2026-06-01&checkout=2026-06-02&group_adults=2&req_adults=2&no_rooms=1&group_children=0&req_children=0&hpos=15&hapos=40&sr_order=popularity&srpvid=96f3740261db01ca&srepoch=1778344206&all_sr_blocks=1618849701_432711885_4_0_0&highlighted_blocks=1618849701_432711885_4_0_0&matching_block_id=1618849701_432711885_4_0_0&sr_pri_blocks=1618849701_432711885_4_0_0__1512&from=searchresults,5/9/2026
El Gouna,Club Paradisio El Gouna Red Sea,10755,EGP,2,0,1,8.9,346,"El Gouna, Hurghada",,4,Hotel,Premium Pool View,Yes,Breakfast included,,https://www.booking.com/hotel/eg/club-paradisio-el-gouna.html?aid=304142&label=gen173nr-10CAQoggI46wdIMVgEaEOIAQGYATO4ARfIAQzYAQPoAQH4AQGIAgGoAgG4AoTC_c8GwAIB0gIkZTBmZmFmZTMtMTM1NS00NWZmLWE0M2EtZWFiMjkyM2IyMjE42AIB4AIB&ucfs=1&arphpl=1&checkin=2026-06-01&checkout=2026-06-02&group_adults=2&req_adults=2&no_rooms=1&group_children=0&req_children=0&hpos=16&hapos=41&sr_order=popularity&srpvid=96f3740261db01ca&srepoch=1778344206&all_sr_blocks=85577603_425444313_2_1_0&highlighted_blocks=85577603_425444313_2_1_0&matching_block_id=85577603_425444313_2_1_0&sr_pri_blocks=85577603_425444313_2_1_0__20400&from_sustainable_property_sr=1&from=searchresults,5/9/2026
El Gouna,VESTA - Gouna Residence,16277,EGP,2,0,1,,,"El Gouna, El Gouna",,4,Villa,Villa with Private Pool,Yes,,,https://www.booking.com/hotel/eg/vesta-gouna-residence-hurghada1.html?aid=304142&label=gen173nr-10CAQoggI46wdIMVgEaEOIAQGYATO4ARfIAQzYAQPoAQH4AQGIAgGoAgG4AoTC_c8GwAIB0gIkZTBmZmFmZTMtMTM1NS00NWZmLWE0M2EtZWFiMjkyM2IyMjE42AIB4AIB&ucfs=1&arphpl=1&checkin=2026-06-01&checkout=2026-06-02&group_adults=2&req_adults=2&no_rooms=1&group_children=0&req_children=0&hpos=17&hapos=42&sr_order=popularity&srpvid=96f3740261db01ca&srepoch=1778344206&all_sr_blocks=1531042201_424627699_6_0_0&highlighted_blocks=1531042201_424627699_6_0_0&matching_block_id=1531042201_424627699_6_0_0&sr_pri_blocks=1531042201_424627699_6_0_0__30875&from=searchresults,5/9/2026
El Gouna,"Nayah Stays, Luxurious bedroom in Fanadir Marina",4428,EGP,2,0,1,10,4,"El Gouna, Hurghada",,3,Apartment,One-Bedroom Apartment with Marina View and Balcony,No,,,https://www.booking.com/hotel/eg/nayah-stays-abu-tig-3-bedrooms-hurghada.html?aid=304142&label=gen173nr-10CAQoggI46wdIMVgEaEOIAQGYATO4ARfIAQzYAQPoAQH4AQGIAgGoAgG4AoTC_c8GwAIB0gIkZTBmZmFmZTMtMTM1NS00NWZmLWE0M2EtZWFiMjkyM2IyMjE42AIB4AIB&ucfs=1&arphpl=1&checkin=2026-06-01&checkout=2026-06-02&group_adults=2&req_adults=2&no_rooms=1&group_children=0&req_children=0&hpos=18&hapos=43&sr_order=popularity&srpvid=96f3740261db01ca&srepoch=1778344206&all_sr_blocks=977056001_429216482_2_0_0&highlighted_blocks=977056001_429216482_2_0_0&matching_block_id=977056001_429216482_2_0_0&sr_pri_blocks=977056001_429216482_2_0_0__8400&from=searchresults,5/9/2026
El Gouna,Stunning 4BD Apartment Lagoon View-Gouna,12653,EGP,2,0,1,9.7,3,"El Gouna, Hurghada",,3,Apartment,Apartment,Yes,,,https://www.booking.com/hotel/eg/stunning-4bd-waterside-gouna-hurghada-2.html?aid=304142&label=gen173nr-10CAQoggI46wdIMVgEaEOIAQGYATO4ARfIAQzYAQPoAQH4AQGIAgGoAgG4AoTC_c8GwAIB0gIkZTBmZmFmZTMtMTM1NS00NWZmLWE0M2EtZWFiMjkyM2IyMjE42AIB4AIB&ucfs=1&arphpl=1&checkin=2026-06-01&checkout=2026-06-02&group_adults=2&req_adults=2&no_rooms=1&group_children=0&req_children=0&hpos=19&hapos=44&sr_order=popularity&srpvid=96f3740261db01ca&srepoch=1778344206&all_sr_blocks=1531528701_430233784_7_0_0&highlighted_blocks=1531528701_430233784_7_0_0&matching_block_id=1531528701_430233784_7_0_0&sr_pri_blocks=1531528701_430233784_7_0_0__24000&from=searchresults,5/9/2026
El Gouna,"Nayah Stays, Cozy lagoons terrace one ensuite Apt",5124,EGP,2,0,1,10,3,"El Gouna, Hurghada",,3,Apartment,One-Bedroom Apartment,No,,,https://www.booking.com/hotel/eg/nayah-stays-cozy-lagoons-terrace-one-ensuite-apt.html?aid=304142&label=gen173nr-10CAQoggI46wdIMVgEaEOIAQGYATO4ARfIAQzYAQPoAQH4AQGIAgGoAgG4AoTC_c8GwAIB0gIkZTBmZmFmZTMtMTM1NS00NWZmLWE0M2EtZWFiMjkyM2IyMjE42AIB4AIB&ucfs=1&arphpl=1&checkin=2026-06-01&checkout=2026-06-02&group_adults=2&req_adults=2&no_rooms=1&group_children=0&req_children=0&hpos=20&hapos=45&sr_order=popularity&srpvid=96f3740261db01ca&srepoch=1778344206&all_sr_blocks=1512441601_422987763_2_0_0&highlighted_blocks=1512441601_422987763_2_0_0&matching_block_id=1512441601_422987763_2_0_0&sr_pri_blocks=1512441601_422987763_2_0_0__9720&from=searchresults,5/9/2026
El Gouna,EL GOUNA Scarab Club One bedroom,2230,EGP,2,0,1,6.9,14,"El Gouna, Hurghada",,3,Apartment,One-Bedroom Apartment,No,,,https://www.booking.com/hotel/eg/el-gouna-scarab-club-one-bedroom.html?aid=304142&label=gen173nr-10CAQoggI46wdIMVgEaEOIAQGYATO4ARfIAQzYAQPoAQH4AQGIAgGoAgG4AoTC_c8GwAIB0gIkZTBmZmFmZTMtMTM1NS00NWZmLWE0M2EtZWFiMjkyM2IyMjE42AIB4AIB&ucfs=1&arphpl=1&checkin=2026-06-01&checkout=2026-06-02&group_adults=2&req_adults=2&no_rooms=1&group_children=0&req_children=0&hpos=21&hapos=46&sr_order=popularity&srpvid=96f3740261db01ca&srepoch=1778344206&all_sr_blocks=1249333501_397298875_2_0_0&highlighted_blocks=1249333501_397298875_2_0_0&matching_block_id=1249333501_397298875_2_0_0&sr_pri_blocks=1249333501_397298875_2_0_0__4230&from=searchresults,5/9/2026
El Gouna,Gcribs apartment pool view,4033,EGP,2,0,1,7.4,9,"El Gouna, El Gouna",,3,Apartment,Apartment with Pool View,No,,,https://www.booking.com/hotel/eg/gcribs-apartment-pool-view.html?aid=304142&label=gen173nr-10CAQoggI46wdIMVgEaEOIAQGYATO4ARfIAQzYAQPoAQH4AQGIAgGoAgG4AoTC_c8GwAIB0gIkZTBmZmFmZTMtMTM1NS00NWZmLWE0M2EtZWFiMjkyM2IyMjE42AIB4AIB&ucfs=1&arphpl=1&checkin=2026-06-01&checkout=2026-06-02&group_adults=2&req_adults=2&no_rooms=1&group_children=0&req_children=0&hpos=22&hapos=47&sr_order=popularity&srpvid=96f3740261db01ca&srepoch=1778344206&all_sr_blocks=1130047001_385649944_2_0_0&highlighted_blocks=1130047001_385649944_2_0_0&matching_block_id=1130047001_385649944_2_0_0&sr_pri_blocks=1130047001_385649944_2_0_0__7650&from=searchresults,5/9/2026
El Gouna,G Cribs Stylish Studio,3796,EGP,2,0,1,8.1,23,"El Gouna, Hurghada",,3,Apartment,One-Bedroom Apartment,No,,,https://www.booking.com/hotel/eg/g-cribs-stylish-studio.html?aid=304142&label=gen173nr-10CAQoggI46wdIMVgEaEOIAQGYATO4ARfIAQzYAQPoAQH4AQGIAgGoAgG4AoTC_c8GwAIB0gIkZTBmZmFmZTMtMTM1NS00NWZmLWE0M2EtZWFiMjkyM2IyMjE42AIB4AIB&ucfs=1&arphpl=1&checkin=2026-06-01&checkout=2026-06-02&group_adults=2&req_adults=2&no_rooms=1&group_children=0&req_children=0&hpos=23&hapos=48&sr_order=popularity&srpvid=96f3740261db01ca&srepoch=1778344206&all_sr_blocks=1282934901_401217733_3_0_0&highlighted_blocks=1282934901_401217733_3_0_0&matching_block_id=1282934901_401217733_3_0_0&sr_pri_blocks=1282934901_401217733_3_0_0__7200&from=searchresults,5/9/2026
El Gouna,one bedroom G-cribs,3321,EGP,2,0,1,7.2,14,"El Gouna, Hurghada",,3,Apartment,Apartment - Ground Floor,Yes,,,https://www.booking.com/hotel/eg/one-bedroom-g-cribs-hurghada.html?aid=304142&label=gen173nr-10CAQoggI46wdIMVgEaEOIAQGYATO4ARfIAQzYAQPoAQH4AQGIAgGoAgG4AoTC_c8GwAIB0gIkZTBmZmFmZTMtMTM1NS00NWZmLWE0M2EtZWFiMjkyM2IyMjE42AIB4AIB&ucfs=1&arphpl=1&checkin=2026-06-01&checkout=2026-06-02&group_adults=2&req_adults=2&no_rooms=1&group_children=0&req_children=0&hpos=24&hapos=49&sr_order=popularity&srpvid=96f3740261db01ca&srepoch=1778344206&all_sr_blocks=1261646601_398786266_0_0_0&highlighted_blocks=1261646601_398786266_0_0_0&matching_block_id=1261646601_398786266_0_0_0&sr_pri_blocks=1261646601_398786266_0_0_0__6300&from=searchresults,5/9/2026
El Gouna,1BR villa - private heated pool in Bali ElGouna,6326,EGP,2,0,1,7.3,11,"El Gouna, Hurghada",,,Villa,One-Bedroom House,Yes,,,https://www.booking.com/hotel/eg/1br-villa-private-heated-pool-in-bali-elgouna.html?aid=304142&label=gen173nr-10CAQoggI46wdIMVgEaEOIAQGYATO4ARfIAQzYAQPoAQH4AQGIAgGoAgG4AoTC_c8GwAIB0gIkZTBmZmFmZTMtMTM1NS00NWZmLWE0M2EtZWFiMjkyM2IyMjE42AIB4AIB&ucfs=1&arphpl=1&checkin=2026-06-01&checkout=2026-06-02&group_adults=2&req_adults=2&no_rooms=1&group_children=0&req_children=0&hpos=25&hapos=50&sr_order=popularity&srpvid=96f3740261db01ca&srepoch=1778344206&all_sr_blocks=1090070401_381907910_0_0_0&highlighted_blocks=1090070401_381907910_0_0_0&matching_block_id=1090070401_381907910_0_0_0&sr_pri_blocks=1090070401_381907910_0_0_0__12000&from=searchresults,5/9/2026
El Gouna,La Maison Bleue El Gouna,18416,EGP,2,0,1,9.3,118,"El Gouna, Hurghada",,5,Hotel,Premium Suite,No,Breakfast included,,https://www.booking.com/hotel/eg/la-maison-bleue-el-gouna.html?aid=304142&label=gen173nr-10CAQoggI46wdIMVgEaEOIAQGYATO4ARfIAQzYAQPoAQH4AQGIAgGoAgG4AoTC_c8GwAIB0gIkZTBmZmFmZTMtMTM1NS00NWZmLWE0M2EtZWFiMjkyM2IyMjE42AIB4AIB&ucfs=1&arphpl=1&checkin=2026-06-01&checkout=2026-06-02&group_adults=2&req_adults=2&no_rooms=1&group_children=0&req_children=0&hpos=1&hapos=51&sr_order=popularity&srpvid=96f3740261db01ca&srepoch=1778344210&all_sr_blocks=107693401_374033798_2_1_0&highlighted_blocks=107693401_374033798_2_1_0&matching_block_id=107693401_374033798_2_1_0&sr_pri_blocks=107693401_374033798_2_1_0__34932&from_sustainable_property_sr=1&from=searchresults,5/9/2026
El Gouna,"Premium 1-Bedroom Chalet with Lagoon Views in West Golf, El Gouna",3179,EGP,2,0,1,,,"El Gouna, Hurghada",,,Apartment,One-Bedroom Apartment,No,,,https://www.booking.com/hotel/eg/premium-1-bedroom-chalet-with-lagoon-views-in-west-golf-el-gouna.html?aid=304142&label=gen173nr-10CAQoggI46wdIMVgEaEOIAQGYATO4ARfIAQzYAQPoAQH4AQGIAgGoAgG4AoTC_c8GwAIB0gIkZTBmZmFmZTMtMTM1NS00NWZmLWE0M2EtZWFiMjkyM2IyMjE42AIB4AIB&ucfs=1&arphpl=1&checkin=2026-06-01&checkout=2026-06-02&group_adults=2&req_adults=2&no_rooms=1&group_children=0&req_children=0&hpos=2&hapos=52&sr_order=popularity&srpvid=96f3740261db01ca&srepoch=1778344210&all_sr_blocks=1625555101_433252968_3_0_0&highlighted_blocks=1625555101_433252968_3_0_0&matching_block_id=1625555101_433252968_3_0_0&sr_pri_blocks=1625555101_433252968_3_0_0__6030&from=searchresults,5/9/2026
El Gouna,Abutig Marina flat ground floor,8435,EGP,2,0,1,9.5,6,"El Gouna, Hurghada",,,Apartment,Two-Bedroom Apartment,No,,,https://www.booking.com/hotel/eg/abutig-marina-flat-ground-floor.html?aid=304142&label=gen173nr-10CAQoggI46wdIMVgEaEOIAQGYATO4ARfIAQzYAQPoAQH4AQGIAgGoAgG4AoTC_c8GwAIB0gIkZTBmZmFmZTMtMTM1NS00NWZmLWE0M2EtZWFiMjkyM2IyMjE42AIB4AIB&ucfs=1&arphpl=1&checkin=2026-06-01&checkout=2026-06-02&group_adults=2&req_adults=2&no_rooms=1&group_children=0&req_children=0&hpos=3&hapos=53&sr_order=popularity&srpvid=96f3740261db01ca&srepoch=1778344210&all_sr_blocks=1148270801_387652433_4_0_0&highlighted_blocks=1148270801_387652433_4_0_0&matching_block_id=1148270801_387652433_4_0_0&sr_pri_blocks=1148270801_387652433_4_0_0__16000&from=searchresults,5/9/2026
El Gouna,"Luxury & cozy 1BDR at Mangroovy, Elgouna, Red sea",3416,EGP,2,0,1,,,"El Gouna, Hurghada",,,Apartment,One-Bedroom Apartment,No,,,https://www.booking.com/hotel/eg/luxury-amp-cozy-1bdr-at-mangroovy-elgouna-red-sea.html?aid=304142&label=gen173nr-10CAQoggI46wdIMVgEaEOIAQGYATO4ARfIAQzYAQPoAQH4AQGIAgGoAgG4AoTC_c8GwAIB0gIkZTBmZmFmZTMtMTM1NS00NWZmLWE0M2EtZWFiMjkyM2IyMjE42AIB4AIB&ucfs=1&arphpl=1&checkin=2026-06-01&checkout=2026-06-02&group_adults=2&req_adults=2&no_rooms=1&group_children=0&req_children=0&hpos=4&hapos=54&sr_order=popularity&srpvid=96f3740261db01ca&srepoch=1778344210&all_sr_blocks=1617174901_432570785_3_0_0&highlighted_blocks=1617174901_432570785_3_0_0&matching_block_id=1617174901_432570785_3_0_0&sr_pri_blocks=1617174901_432570785_3_0_0__6480&from=searchresults,5/9/2026
El Gouna,Blue haven el gouna,4508,EGP,2,0,1,10,1,"El Gouna, Hurghada",,,Hotel,Double Room,No,,,https://www.booking.com/hotel/eg/blue-haven-el-gouna.html?aid=304142&label=gen173nr-10CAQoggI46wdIMVgEaEOIAQGYATO4ARfIAQzYAQPoAQH4AQGIAgGoAgG4AoTC_c8GwAIB0gIkZTBmZmFmZTMtMTM1NS00NWZmLWE0M2EtZWFiMjkyM2IyMjE42AIB4AIB&ucfs=1&arphpl=1&checkin=2026-06-01&checkout=2026-06-02&group_adults=2&req_adults=2&no_rooms=1&group_children=0&req_children=0&hpos=5&hapos=55&sr_order=popularity&srpvid=96f3740261db01ca&srepoch=1778344210&all_sr_blocks=1584622201_429590441_2_0_0&highlighted_blocks=1584622201_429590441_2_0_0&matching_block_id=1584622201_429590441_2_0_0&sr_pri_blocks=1584622201_429590441_2_0_0__8550&from=searchresults,5/9/2026
El Gouna,"El Gouna Elite Vacation Apartments Hurghada, Multiple Locations",6063,EGP,2,0,1,,,"El Gouna, Hurghada",,3,Apartment,Three-Bedroom Apartment with Water View,Yes,,,https://www.booking.com/hotel/eg/el-gouna-elite-vacation-apartments-hurghada-multiple-locations.html?aid=304142&label=gen173nr-10CAQoggI46wdIMVgEaEOIAQGYATO4ARfIAQzYAQPoAQH4AQGIAgGoAgG4AoTC_c8GwAIB0gIkZTBmZmFmZTMtMTM1NS00NWZmLWE0M2EtZWFiMjkyM2IyMjE42AIB4AIB&ucfs=1&arphpl=1&checkin=2026-06-01&checkout=2026-06-02&group_adults=2&req_adults=2&no_rooms=1&group_children=0&req_children=0&hpos=6&hapos=56&sr_order=popularity&srpvid=96f3740261db01ca&srepoch=1778344210&all_sr_blocks=1594175305_430451925_6_0_0&highlighted_blocks=1594175305_430451925_6_0_0&matching_block_id=1594175305_430451925_6_0_0&sr_pri_blocks=1594175305_430451925_6_0_0__11500&from=searchresults,5/9/2026
El Gouna,Elgouna G cribs b-7 first floor,2263,EGP,2,0,1,,,"El Gouna, Hurghada",,,Apartment,One-Bedroom Apartment,No,,,https://www.booking.com/hotel/eg/elgouna-g-cribs-lgrdq.html?aid=304142&label=gen173nr-10CAQoggI46wdIMVgEaEOIAQGYATO4ARfIAQzYAQPoAQH4AQGIAgGoAgG4AoTC_c8GwAIB0gIkZTBmZmFmZTMtMTM1NS00NWZmLWE0M2EtZWFiMjkyM2IyMjE42AIB4AIB&ucfs=1&arphpl=1&checkin=2026-06-01&checkout=2026-06-02&group_adults=2&req_adults=2&no_rooms=1&group_children=0&req_children=0&hpos=7&hapos=57&sr_order=popularity&srpvid=96f3740261db01ca&srepoch=1778344210&all_sr_blocks=1456793801_416974899_2_0_0&highlighted_blocks=1456793801_416974899_2_0_0&matching_block_id=1456793801_416974899_2_0_0&sr_pri_blocks=1456793801_416974899_2_0_0__4293&from=searchresults,5/9/2026
El Gouna,ELGOUNA Cozy 1BR Cyan Lagoon view,5219,EGP,2,0,1,9,1,"El Gouna, Hurghada",,,Apartment,One-Bedroom Apartment,No,,,https://www.booking.com/hotel/eg/elgouna-cozy-1br-cyan-lagoon-view.html?aid=304142&label=gen173nr-10CAQoggI46wdIMVgEaEOIAQGYATO4ARfIAQzYAQPoAQH4AQGIAgGoAgG4AoTC_c8GwAIB0gIkZTBmZmFmZTMtMTM1NS00NWZmLWE0M2EtZWFiMjkyM2IyMjE42AIB4AIB&ucfs=1&arphpl=1&checkin=2026-06-01&checkout=2026-06-02&group_adults=2&req_adults=2&no_rooms=1&group_children=0&req_children=0&hpos=8&hapos=58&sr_order=popularity&srpvid=96f3740261db01ca&srepoch=1778344210&all_sr_blocks=1564553801_427555500_3_0_0&highlighted_blocks=1564553801_427555500_3_0_0&matching_block_id=1564553801_427555500_3_0_0&sr_pri_blocks=1564553801_427555500_3_0_0__9900&from=searchresults,5/9/2026
El Gouna,Sun Kissed At Fanadir Marina El Gouna - nesty hospitality,8541,EGP,2,0,1,,,"El Gouna, Hurghada",,3,Apartment,Two-Bedroom Apartment,No,,,https://www.booking.com/hotel/eg/sun-kissed-at-fanadir-marina-el-gouna-nesty-hospitaliy.html?aid=304142&label=gen173nr-10CAQoggI46wdIMVgEaEOIAQGYATO4ARfIAQzYAQPoAQH4AQGIAgGoAgG4AoTC_c8GwAIB0gIkZTBmZmFmZTMtMTM1NS00NWZmLWE0M2EtZWFiMjkyM2IyMjE42AIB4AIB&ucfs=1&arphpl=1&checkin=2026-06-01&checkout=2026-06-02&group_adults=2&req_adults=2&no_rooms=1&group_children=0&req_children=0&hpos=9&hapos=59&sr_order=popularity&srpvid=96f3740261db01ca&srepoch=1778344210&all_sr_blocks=1601426301_431094577_4_0_0&highlighted_blocks=1601426301_431094577_4_0_0&matching_block_id=1601426301_431094577_4_0_0&sr_pri_blocks=1601426301_431094577_4_0_0__16200&from=searchresults,5/9/2026
El Gouna,Cheapest studio at El-Gouna - Bali compound,1582,EGP,2,0,1,5,8,"El Gouna, Hurghada",,3,Apartment,One-Bedroom Apartment,No,,,https://www.booking.com/hotel/eg/cheapest-small-studio-at-el-gouna.html?aid=304142&label=gen173nr-10CAQoggI46wdIMVgEaEOIAQGYATO4ARfIAQzYAQPoAQH4AQGIAgGoAgG4AoTC_c8GwAIB0gIkZTBmZmFmZTMtMTM1NS00NWZmLWE0M2EtZWFiMjkyM2IyMjE42AIB4AIB&ucfs=1&arphpl=1&checkin=2026-06-01&checkout=2026-06-02&group_adults=2&req_adults=2&no_rooms=1&group_children=0&req_children=0&hpos=10&hapos=60&sr_order=popularity&srpvid=96f3740261db01ca&srepoch=1778344210&all_sr_blocks=925057901_364309242_2_0_0&highlighted_blocks=925057901_364309242_2_0_0&matching_block_id=925057901_364309242_2_0_0&sr_pri_blocks=925057901_364309242_2_0_0__3000&from=searchresults,5/9/2026
El Gouna,Cozy Two bedroom private pool at Bali El Gouna,7803,EGP,2,0,1,,,"El Gouna, Hurghada",,,Villa,Two-Bedroom Villa,Yes,,,https://www.booking.com/hotel/eg/cozy-two-bedroom-private-pool-at-bali-el-gouna-hurghada-2.html?aid=304142&label=gen173nr-10CAQoggI46wdIMVgEaEOIAQGYATO4ARfIAQzYAQPoAQH4AQGIAgGoAgG4AoTC_c8GwAIB0gIkZTBmZmFmZTMtMTM1NS00NWZmLWE0M2EtZWFiMjkyM2IyMjE42AIB4AIB&ucfs=1&arphpl=1&checkin=2026-06-01&checkout=2026-06-02&group_adults=2&req_adults=2&no_rooms=1&group_children=0&req_children=0&hpos=11&hapos=61&sr_order=popularity&srpvid=96f3740261db01ca&srepoch=1778344210&all_sr_blocks=1632800001_433766940_5_0_0&highlighted_blocks=1632800001_433766940_5_0_0&matching_block_id=1632800001_433766940_5_0_0&sr_pri_blocks=1632800001_433766940_5_0_0__14800&from=searchresults,5/9/2026
El Gouna,Studio El Gouna G Cribs Hotel RH,4270,EGP,2,0,1,8.7,3,"El Gouna, Hurghada",,3,Apartment,One-Bedroom Apartment,No,,,https://www.booking.com/hotel/eg/studio-el-gouna-g-cribs-2-hotels.html?aid=304142&label=gen173nr-10CAQoggI46wdIMVgEaEOIAQGYATO4ARfIAQzYAQPoAQH4AQGIAgGoAgG4AoTC_c8GwAIB0gIkZTBmZmFmZTMtMTM1NS00NWZmLWE0M2EtZWFiMjkyM2IyMjE42AIB4AIB&ucfs=1&arphpl=1&checkin=2026-06-01&checkout=2026-06-02&group_adults=2&req_adults=2&no_rooms=1&group_children=0&req_children=0&hpos=12&hapos=62&sr_order=popularity&srpvid=96f3740261db01ca&srepoch=1778344210&all_sr_blocks=1308821001_403682535_2_0_0&highlighted_blocks=1308821001_403682535_2_0_0&matching_block_id=1308821001_403682535_2_0_0&sr_pri_blocks=1308821001_403682535_2_0_0__8100&from=searchresults,5/9/2026
El Gouna,ELGOUNA Sabina 2 bedrooms,5061,EGP,2,0,1,8.3,3,"El Gouna, Hurghada",,3,Apartment,Two-Bedroom Apartment with Lake View,Yes,,,https://www.booking.com/hotel/eg/elgouna-sabina-2-cozy-bedrooms.html?aid=304142&label=gen173nr-10CAQoggI46wdIMVgEaEOIAQGYATO4ARfIAQzYAQPoAQH4AQGIAgGoAgG4AoTC_c8GwAIB0gIkZTBmZmFmZTMtMTM1NS00NWZmLWE0M2EtZWFiMjkyM2IyMjE42AIB4AIB&ucfs=1&arphpl=1&checkin=2026-06-01&checkout=2026-06-02&group_adults=2&req_adults=2&no_rooms=1&group_children=0&req_children=0&hpos=13&hapos=63&sr_order=popularity&srpvid=96f3740261db01ca&srepoch=1778344210&all_sr_blocks=1565134801_428144254_3_0_0&highlighted_blocks=1565134801_428144254_3_0_0&matching_block_id=1565134801_428144254_3_0_0&sr_pri_blocks=1565134801_428144254_3_0_0__9600&from=searchresults,5/9/2026
El Gouna,unique flat_ garden and lagoon,9490,EGP,2,0,1,9.8,11,"El Gouna, Hurghada",,3,Apartment,Three-Bedroom Apartment,No,,,https://www.booking.com/hotel/eg/unique-flat-garden-and-lagoon.html?aid=304142&label=gen173nr-10CAQoggI46wdIMVgEaEOIAQGYATO4ARfIAQzYAQPoAQH4AQGIAgGoAgG4AoTC_c8GwAIB0gIkZTBmZmFmZTMtMTM1NS00NWZmLWE0M2EtZWFiMjkyM2IyMjE42AIB4AIB&ucfs=1&arphpl=1&checkin=2026-06-01&checkout=2026-06-02&group_adults=2&req_adults=2&no_rooms=1&group_children=0&req_children=0&hpos=14&hapos=64&sr_order=popularity&srpvid=96f3740261db01ca&srepoch=1778344210&all_sr_blocks=1107757801_383556541_6_0_0&highlighted_blocks=1107757801_383556541_6_0_0&matching_block_id=1107757801_383556541_6_0_0&sr_pri_blocks=1107757801_383556541_6_0_0__18000&from=searchresults,5/9/2026
El Gouna,Ancient Sands Golf Resort El Gouna Luxury Apartment,4745,EGP,2,0,1,9,2,"El Gouna, Hurghada",,3,Resort,One-Bedroom Apartment,No,,,https://www.booking.com/hotel/eg/apt-ancient-sands-gulf-resort-el-gouna.html?aid=304142&label=gen173nr-10CAQoggI46wdIMVgEaEOIAQGYATO4ARfIAQzYAQPoAQH4AQGIAgGoAgG4AoTC_c8GwAIB0gIkZTBmZmFmZTMtMTM1NS00NWZmLWE0M2EtZWFiMjkyM2IyMjE42AIB4AIB&ucfs=1&arphpl=1&checkin=2026-06-01&checkout=2026-06-02&group_adults=2&req_adults=2&no_rooms=1&group_children=0&req_children=0&hpos=15&hapos=65&sr_order=popularity&srpvid=96f3740261db01ca&srepoch=1778344210&all_sr_blocks=1214688601_403276158_2_0_0&highlighted_blocks=1214688601_403276158_2_0_0&matching_block_id=1214688601_403276158_2_0_0&sr_pri_blocks=1214688601_403276158_2_0_0__9000&from=searchresults,5/9/2026
El Gouna,Two bedrooms at Westgolf El Gouna,4639,EGP,2,0,1,,,"El Gouna, Hurghada",,,Apartment,Two-Bedroom Apartment with Lake View,Yes,,,https://www.booking.com/hotel/eg/two-bedrooms-at-westgolf-el-gouna.html?aid=304142&label=gen173nr-10CAQoggI46wdIMVgEaEOIAQGYATO4ARfIAQzYAQPoAQH4AQGIAgGoAgG4AoTC_c8GwAIB0gIkZTBmZmFmZTMtMTM1NS00NWZmLWE0M2EtZWFiMjkyM2IyMjE42AIB4AIB&ucfs=1&arphpl=1&checkin=2026-06-01&checkout=2026-06-02&group_adults=2&req_adults=2&no_rooms=1&group_children=0&req_children=0&hpos=16&hapos=66&sr_order=popularity&srpvid=96f3740261db01ca&srepoch=1778344210&all_sr_blocks=1592412601_430308835_5_0_0&highlighted_blocks=1592412601_430308835_5_0_0&matching_block_id=1592412601_430308835_5_0_0&sr_pri_blocks=1592412601_430308835_5_0_0__8800&from=searchresults,5/9/2026
El Gouna,"Bella Sabina, Lovely one bedroom chalet with pool",3321,EGP,2,0,1,,,"El Gouna, Hurghada",,,Apartment,One-Bedroom Apartment,No,,,https://www.booking.com/hotel/eg/bella-sabina-lovely-one-bedroom-chalet-with-pool.html?aid=304142&label=gen173nr-10CAQoggI46wdIMVgEaEOIAQGYATO4ARfIAQzYAQPoAQH4AQGIAgGoAgG4AoTC_c8GwAIB0gIkZTBmZmFmZTMtMTM1NS00NWZmLWE0M2EtZWFiMjkyM2IyMjE42AIB4AIB&ucfs=1&arphpl=1&checkin=2026-06-01&checkout=2026-06-02&group_adults=2&req_adults=2&no_rooms=1&group_children=0&req_children=0&hpos=17&hapos=67&sr_order=popularity&srpvid=96f3740261db01ca&srepoch=1778344210&all_sr_blocks=1347861701_407134695_3_0_0&highlighted_blocks=1347861701_407134695_3_0_0&matching_block_id=1347861701_407134695_3_0_0&sr_pri_blocks=1347861701_407134695_3_0_0__6300&from=searchresults,5/9/2026
El Gouna,Westgolf Y62,4033,EGP,2,0,1,,,"El Gouna, Hurghada",,,Apartment,One-Bedroom Apartment,No,,,https://www.booking.com/hotel/eg/westgolf-y62.html?aid=304142&label=gen173nr-10CAQoggI46wdIMVgEaEOIAQGYATO4ARfIAQzYAQPoAQH4AQGIAgGoAgG4AoTC_c8GwAIB0gIkZTBmZmFmZTMtMTM1NS00NWZmLWE0M2EtZWFiMjkyM2IyMjE42AIB4AIB&ucfs=1&arphpl=1&checkin=2026-06-01&checkout=2026-06-02&group_adults=2&req_adults=2&no_rooms=1&group_children=0&req_children=0&hpos=18&hapos=68&sr_order=popularity&srpvid=96f3740261db01ca&srepoch=1778344210&all_sr_blocks=1577295601_428830649_3_0_0&highlighted_blocks=1577295601_428830649_3_0_0&matching_block_id=1577295601_428830649_3_0_0&sr_pri_blocks=1577295601_428830649_3_0_0__7650&from=searchresults,5/9/2026
El Gouna,Kamaran 1BR Lagoon Pool Apartment El Gouna,4638,EGP,2,0,1,10,1,"El Gouna, Hurghada",,3,Apartment,One-Bedroom Apartment with Balcony and Water View,No,,,https://www.booking.com/hotel/eg/lagoon-style-pool-apartment-in-kamaran-el-gouna.html?aid=304142&label=gen173nr-10CAQoggI46wdIMVgEaEOIAQGYATO4ARfIAQzYAQPoAQH4AQGIAgGoAgG4AoTC_c8GwAIB0gIkZTBmZmFmZTMtMTM1NS00NWZmLWE0M2EtZWFiMjkyM2IyMjE42AIB4AIB&ucfs=1&arphpl=1&checkin=2026-06-01&checkout=2026-06-02&group_adults=2&req_adults=2&no_rooms=1&group_children=0&req_children=0&hpos=19&hapos=69&sr_order=popularity&srpvid=96f3740261db01ca&srepoch=1778344210&all_sr_blocks=1591653001_430242041_4_0_0&highlighted_blocks=1591653001_430242041_4_0_0&matching_block_id=1591653001_430242041_4_0_0&sr_pri_blocks=1591653001_430242041_4_0_0__8798&from=searchresults,5/9/2026
El Gouna,Modern Cozy House In Gouna G cribs,5567,EGP,2,0,1,,,"El Gouna, El Gouna",,,Apartment,One-Bedroom Apartment,No,,,https://www.booking.com/hotel/eg/modern-cozy-house-in-gouna-g-cribs.html?aid=304142&label=gen173nr-10CAQoggI46wdIMVgEaEOIAQGYATO4ARfIAQzYAQPoAQH4AQGIAgGoAgG4AoTC_c8GwAIB0gIkZTBmZmFmZTMtMTM1NS00NWZmLWE0M2EtZWFiMjkyM2IyMjE42AIB4AIB&ucfs=1&arphpl=1&checkin=2026-06-01&checkout=2026-06-02&group_adults=2&req_adults=2&no_rooms=1&group_children=0&req_children=0&hpos=20&hapos=70&sr_order=popularity&srpvid=96f3740261db01ca&srepoch=1778344210&all_sr_blocks=1576493001_428757902_2_0_0&highlighted_blocks=1576493001_428757902_2_0_0&matching_block_id=1576493001_428757902_2_0_0&sr_pri_blocks=1576493001_428757902_2_0_0__10560&from=searchresults,5/9/2026
El Gouna,El GOUNA,4270,EGP,2,0,1,,,"El Gouna, Hurghada",,,Apartment,One-Bedroom Apartment,No,,,https://www.booking.com/hotel/eg/el-gouna-hurghada3.html?aid=304142&label=gen173nr-10CAQoggI46wdIMVgEaEOIAQGYATO4ARfIAQzYAQPoAQH4AQGIAgGoAgG4AoTC_c8GwAIB0gIkZTBmZmFmZTMtMTM1NS00NWZmLWE0M2EtZWFiMjkyM2IyMjE42AIB4AIB&ucfs=1&arphpl=1&checkin=2026-06-01&checkout=2026-06-02&group_adults=2&req_adults=2&no_rooms=1&group_children=0&req_children=0&hpos=21&hapos=71&sr_order=popularity&srpvid=96f3740261db01ca&srepoch=1778344210&all_sr_blocks=1626391301_433316813_2_0_0&highlighted_blocks=1626391301_433316813_2_0_0&matching_block_id=1626391301_433316813_2_0_0&sr_pri_blocks=1626391301_433316813_2_0_0__8100&from=searchresults,5/9/2026
El Gouna,ELGOUNA Maraya duplex pool view,4798,EGP,2,0,1,4,1,"El Gouna, Hurghada",,3,Apartment,Two-Bedroom Apartment,Yes,,,https://www.booking.com/hotel/eg/maraya-2bd-pool-view.html?aid=304142&label=gen173nr-10CAQoggI46wdIMVgEaEOIAQGYATO4ARfIAQzYAQPoAQH4AQGIAgGoAgG4AoTC_c8GwAIB0gIkZTBmZmFmZTMtMTM1NS00NWZmLWE0M2EtZWFiMjkyM2IyMjE42AIB4AIB&ucfs=1&arphpl=1&checkin=2026-06-01&checkout=2026-06-02&group_adults=2&req_adults=2&no_rooms=1&group_children=0&req_children=0&hpos=22&hapos=72&sr_order=popularity&srpvid=96f3740261db01ca&srepoch=1778344210&all_sr_blocks=1510676601_424186545_3_0_0&highlighted_blocks=1510676601_424186545_3_0_0&matching_block_id=1510676601_424186545_3_0_0&sr_pri_blocks=1510676601_424186545_3_0_0__9100&from=searchresults,5/9/2026
El Gouna,The Contemporary Condo in Gouna,3954,EGP,2,0,1,,,"El Gouna, Hurghada",,,Apartment,One-Bedroom Apartment,Yes,,,https://www.booking.com/hotel/eg/the-contemporary-condo-gouna.html?aid=304142&label=gen173nr-10CAQoggI46wdIMVgEaEOIAQGYATO4ARfIAQzYAQPoAQH4AQGIAgGoAgG4AoTC_c8GwAIB0gIkZTBmZmFmZTMtMTM1NS00NWZmLWE0M2EtZWFiMjkyM2IyMjE42AIB4AIB&ucfs=1&arphpl=1&checkin=2026-06-01&checkout=2026-06-02&group_adults=2&req_adults=2&no_rooms=1&group_children=0&req_children=0&hpos=23&hapos=73&sr_order=popularity&srpvid=96f3740261db01ca&srepoch=1778344210&all_sr_blocks=1406912501_412519208_3_0_0&highlighted_blocks=1406912501_412519208_3_0_0&matching_block_id=1406912501_412519208_3_0_0&sr_pri_blocks=1406912501_412519208_3_0_0__7500&from=searchresults,5/9/2026
El Gouna,The G Cribs Sunlit - El Gouna,3929,EGP,2,0,1,1,1,"El Gouna, El Gouna",,4,Apartment,Two-Bedroom Apartment,No,,,https://www.booking.com/hotel/eg/the-g-cribs-sunlit-el-gouna.html?aid=304142&label=gen173nr-10CAQoggI46wdIMVgEaEOIAQGYATO4ARfIAQzYAQPoAQH4AQGIAgGoAgG4AoTC_c8GwAIB0gIkZTBmZmFmZTMtMTM1NS00NWZmLWE0M2EtZWFiMjkyM2IyMjE42AIB4AIB&ucfs=1&arphpl=1&checkin=2026-06-01&checkout=2026-06-02&group_adults=2&req_adults=2&no_rooms=1&group_children=0&req_children=0&hpos=24&hapos=74&sr_order=popularity&srpvid=96f3740261db01ca&srepoch=1778344210&all_sr_blocks=1536845401_425156289_4_0_0&highlighted_blocks=1536845401_425156289_4_0_0&matching_block_id=1536845401_425156289_4_0_0&sr_pri_blocks=1536845401_425156289_4_0_0__7452&from=searchresults,5/9/2026
El Gouna,Serene 1BR Haven Kamaran,3954,EGP,2,0,1,10,1,"El Gouna, Hurghada",,3,Apartment,Apartment,Yes,,,https://www.booking.com/hotel/eg/gouna-kamaran-cozy-1br.html?aid=304142&label=gen173nr-10CAQoggI46wdIMVgEaEOIAQGYATO4ARfIAQzYAQPoAQH4AQGIAgGoAgG4AoTC_c8GwAIB0gIkZTBmZmFmZTMtMTM1NS00NWZmLWE0M2EtZWFiMjkyM2IyMjE42AIB4AIB&ucfs=1&arphpl=1&checkin=2026-06-01&checkout=2026-06-02&group_adults=2&req_adults=2&no_rooms=1&group_children=0&req_children=0&hpos=25&hapos=75&sr_order=popularity&srpvid=96f3740261db01ca&srepoch=1778344210&all_sr_blocks=1448778702_416257797_2_0_0&highlighted_blocks=1448778702_416257797_2_0_0&matching_block_id=1448778702_416257797_2_0_0&sr_pri_blocks=1448778702_416257797_2_0_0__7500&from=searchresults,5/9/2026
Marsa Alam,Three Corners Sea Beach Resort,3985,EGP,2,0,1,8.7,197,Coraya Bay,,4,Resort,Comfort Double Room,Yes,All-inclusive,,https://www.booking.com/hotel/eg/triton-sea-beach-resort.html?aid=304142&label=gen173nr-10CAQoggI46wdIMVgEaEOIAQGYATO4ARfIAQzYAQPoAQH4AQGIAgGoAgG4AurD_c8GwAIB0gIkMzI3NmZkNjYtOWJmNC00MDRiLWI1ZDEtZmM4OTAyOGNiMGJm2AIB4AIB&ucfs=1&arphpl=1&checkin=2026-06-01&checkout=2026-06-02&group_adults=2&req_adults=2&no_rooms=1&group_children=0&req_children=0&hpos=1&hapos=1&sr_order=popularity&srpvid=8fa5747529c8030c&srepoch=1778344442&all_sr_blocks=25527702_361370390_2_85_0&highlighted_blocks=25527702_361370390_2_85_0&matching_block_id=25527702_361370390_2_85_0&sr_pri_blocks=25527702_361370390_2_85_0__7559&from=searchresults,5/9/2026
Marsa Alam,"Marina Resort Port Ghalib, a member of Radisson Individuals",3428,EGP,2,0,1,8.3,686,Port Ghalib,,5,Resort,Junior Suite - Pool View,Yes,Breakfast included,,https://www.booking.com/hotel/eg/marina-resort-port-ghalib-a-member-of-radisson-individuals.html?aid=304142&label=gen173nr-10CAQoggI46wdIMVgEaEOIAQGYATO4ARfIAQzYAQPoAQH4AQGIAgGoAgG4AurD_c8GwAIB0gIkMzI3NmZkNjYtOWJmNC00MDRiLWI1ZDEtZmM4OTAyOGNiMGJm2AIB4AIB&ucfs=1&arphpl=1&checkin=2026-06-01&checkout=2026-06-02&group_adults=2&req_adults=2&no_rooms=1&group_children=0&req_children=0&hpos=2&hapos=2&sr_order=popularity&srpvid=8fa5747529c8030c&srepoch=1778344442&all_sr_blocks=204600039_380549414_2_1_0&highlighted_blocks=204600039_380549414_2_1_0&matching_block_id=204600039_380549414_2_1_0&sr_pri_blocks=204600039_380549414_2_1_0__6502&from=searchresults,5/9/2026
Marsa Alam,Sataya Resort Marsa Alam,6363,EGP,2,0,1,8.8,1625,Marsa Alam City,,5,Resort,Premium Room Pool View,Yes,All-inclusive,,https://www.booking.com/hotel/eg/sataya-marsa-alam.html?aid=304142&label=gen173nr-10CAQoggI46wdIMVgEaEOIAQGYATO4ARfIAQzYAQPoAQH4AQGIAgGoAgG4AurD_c8GwAIB0gIkMzI3NmZkNjYtOWJmNC00MDRiLWI1ZDEtZmM4OTAyOGNiMGJm2AIB4AIB&ucfs=1&arphpl=1&checkin=2026-06-01&checkout=2026-06-02&group_adults=2&req_adults=2&no_rooms=1&group_children=0&req_children=0&hpos=3&hapos=3&sr_order=popularity&srpvid=8fa5747529c8030c&srepoch=1778344442&all_sr_blocks=726401204_432612421_2_85_0_740569&highlighted_blocks=726401204_432612421_2_85_0_740569&matching_block_id=726401204_432612421_2_85_0_740569&sr_pri_blocks=726401204_432612421_2_85_0_740569_12070&from_sustainable_property_sr=1&from=searchresults,5/9/2026
Marsa Alam,Swisstouch Oriental Resort,4508,EGP,2,0,1,8.3,1263,Coraya Bay,,4,Resort,Double or Twin Room with Garden View,No,All-inclusive,,https://www.booking.com/hotel/eg/sentido-oriental-dream-resort.html?aid=304142&label=gen173nr-10CAQoggI46wdIMVgEaEOIAQGYATO4ARfIAQzYAQPoAQH4AQGIAgGoAgG4AurD_c8GwAIB0gIkMzI3NmZkNjYtOWJmNC00MDRiLWI1ZDEtZmM4OTAyOGNiMGJm2AIB4AIB&ucfs=1&arphpl=1&checkin=2026-06-01&checkout=2026-06-02&group_adults=2&req_adults=2&no_rooms=1&group_children=0&req_children=0&hpos=4&hapos=4&sr_order=popularity&srpvid=8fa5747529c8030c&srepoch=1778344442&all_sr_blocks=17140754_402425221_2_85_0&highlighted_blocks=17140754_402425221_2_85_0&matching_block_id=17140754_402425221_2_85_0&sr_pri_blocks=17140754_402425221_2_85_0__8550&from=searchresults,5/9/2026
Marsa Alam,La Casa Guest House,2689,EGP,2,0,1,9,407,Marsa Alam City,,3,Guest house,Double Room,Yes,Breakfast included,,https://www.booking.com/hotel/eg/la-casa-guest-house.html?aid=304142&label=gen173nr-10CAQoggI46wdIMVgEaEOIAQGYATO4ARfIAQzYAQPoAQH4AQGIAgGoAgG4AurD_c8GwAIB0gIkMzI3NmZkNjYtOWJmNC00MDRiLWI1ZDEtZmM4OTAyOGNiMGJm2AIB4AIB&ucfs=1&arphpl=1&checkin=2026-06-01&checkout=2026-06-02&group_adults=2&req_adults=2&no_rooms=1&group_children=0&req_children=0&hpos=5&hapos=5&sr_order=popularity&srpvid=8fa5747529c8030c&srepoch=1778344442&all_sr_blocks=931909501_365260034_2_1_0&highlighted_blocks=931909501_365260034_2_1_0&matching_block_id=931909501_365260034_2_1_0&sr_pri_blocks=931909501_365260034_2_1_0__5100&from=searchresults,5/9/2026
Marsa Alam,Dream Lagoon Resort & Aqua Park,5694,EGP,2,0,1,8.1,170,Marsa Alam City,,4,Resort,Standard room Garden view valid for Egyptian only,Yes,All-inclusive,,https://www.booking.com/hotel/eg/dream-lagoon-and-aqua-park-resort.html?aid=304142&label=gen173nr-10CAQoggI46wdIMVgEaEOIAQGYATO4ARfIAQzYAQPoAQH4AQGIAgGoAgG4AurD_c8GwAIB0gIkMzI3NmZkNjYtOWJmNC00MDRiLWI1ZDEtZmM4OTAyOGNiMGJm2AIB4AIB&ucfs=1&arphpl=1&checkin=2026-06-01&checkout=2026-06-02&group_adults=2&req_adults=2&no_rooms=1&group_children=0&req_children=0&hpos=6&hapos=6&sr_order=popularity&srpvid=8fa5747529c8030c&srepoch=1778344442&all_sr_blocks=852686008_380361192_2_85_0&highlighted_blocks=852686008_380361192_2_85_0&matching_block_id=852686008_380361192_2_85_0&sr_pri_blocks=852686008_380361192_2_85_0__10800&from=searchresults,5/9/2026
Marsa Alam,Hilton Marsa Alam Nubian Resort,5019,EGP,2,0,1,8.8,394,Abu Dabbab,,4,Resort,King Room with Garden View,Yes,Breakfast included,,https://www.booking.com/hotel/eg/hilton-marsa-alam-nubian-resort.html?aid=304142&label=gen173nr-10CAQoggI46wdIMVgEaEOIAQGYATO4ARfIAQzYAQPoAQH4AQGIAgGoAgG4AurD_c8GwAIB0gIkMzI3NmZkNjYtOWJmNC00MDRiLWI1ZDEtZmM4OTAyOGNiMGJm2AIB4AIB&ucfs=1&arphpl=1&checkin=2026-06-01&checkout=2026-06-02&group_adults=2&req_adults=2&no_rooms=1&group_children=0&req_children=0&hpos=7&hapos=7&sr_order=popularity&srpvid=8fa5747529c8030c&srepoch=1778344442&all_sr_blocks=31649006_274560942_2_1_0&highlighted_blocks=31649006_274560942_2_1_0&matching_block_id=31649006_274560942_2_1_0&sr_pri_blocks=31649006_274560942_2_1_0__9520&from_sustainable_property_sr=1&from=searchresults,5/9/2026
Marsa Alam,Marina Residence Suites Port Ghalib,3809,EGP,2,0,1,8.3,751,Port Ghalib,,4,Apartment,Junior Suite Lagoon View,Yes,,,https://www.booking.com/hotel/eg/portghalib-marina-residence-marsa-alam-city1.html?aid=304142&label=gen173nr-10CAQoggI46wdIMVgEaEOIAQGYATO4ARfIAQzYAQPoAQH4AQGIAgGoAgG4AurD_c8GwAIB0gIkMzI3NmZkNjYtOWJmNC00MDRiLWI1ZDEtZmM4OTAyOGNiMGJm2AIB4AIB&ucfs=1&arphpl=1&checkin=2026-06-01&checkout=2026-06-02&group_adults=2&req_adults=2&no_rooms=1&group_children=0&req_children=0&hpos=8&hapos=8&sr_order=popularity&srpvid=8fa5747529c8030c&srepoch=1778344442&all_sr_blocks=461986809_401775945_2_40_0&highlighted_blocks=461986809_401775945_2_40_0&matching_block_id=461986809_401775945_2_40_0&sr_pri_blocks=461986809_401775945_2_40_0__7225&from=searchresults,5/9/2026
Marsa Alam,Three Corners Equinox Beach Resort,3592,EGP,2,0,1,8.1,151,Abu Dabbab,,4,Resort,Comfort Room with Garden View,Yes,All-inclusive,,https://www.booking.com/hotel/eg/the-three-corners-equinox-beach-resort.html?aid=304142&label=gen173nr-10CAQoggI46wdIMVgEaEOIAQGYATO4ARfIAQzYAQPoAQH4AQGIAgGoAgG4AurD_c8GwAIB0gIkMzI3NmZkNjYtOWJmNC00MDRiLWI1ZDEtZmM4OTAyOGNiMGJm2AIB4AIB&ucfs=1&arphpl=1&checkin=2026-06-01&checkout=2026-06-02&group_adults=2&req_adults=2&no_rooms=1&group_children=0&req_children=0&hpos=9&hapos=9&sr_order=popularity&srpvid=8fa5747529c8030c&srepoch=1778344442&all_sr_blocks=118988506_355419481_2_85_0&highlighted_blocks=118988506_355419481_2_85_0&matching_block_id=118988506_355419481_2_85_0&sr_pri_blocks=118988506_355419481_2_85_0__6814&from=searchresults,5/9/2026
Marsa Alam,Wadi Lahmy Azur Resort - Soft All-Inclusive,4600,EGP,2,0,1,9.1,759,Abū Ghuşūn,,3,Resort,Standard Double or Twin Room with Garden View,Yes,All-inclusive,,https://www.booking.com/hotel/eg/wadi-lahmy-azur-resort.html?aid=304142&label=gen173nr-10CAQoggI46wdIMVgEaEOIAQGYATO4ARfIAQzYAQPoAQH4AQGIAgGoAgG4AurD_c8GwAIB0gIkMzI3NmZkNjYtOWJmNC00MDRiLWI1ZDEtZmM4OTAyOGNiMGJm2AIB4AIB&ucfs=1&arphpl=1&checkin=2026-06-01&checkout=2026-06-02&group_adults=2&req_adults=2&no_rooms=1&group_children=0&req_children=0&hpos=10&hapos=10&sr_order=popularity&srpvid=8fa5747529c8030c&srepoch=1778344442&all_sr_blocks=31910001_430454032_2_85_0&highlighted_blocks=31910001_430454032_2_85_0&matching_block_id=31910001_430454032_2_85_0&sr_pri_blocks=31910001_430454032_2_85_0__8725&from=searchresults,5/9/2026
Marsa Alam,Swissotel Resort El Quseir,2873,EGP,2,0,1,8.4,412,Quseir,,4,Resort,Garden View Room - Queen Bed,No,Breakfast included,,https://www.booking.com/hotel/eg/radisson-blu-resort-el-quseir.html?aid=304142&label=gen173nr-10CAQoggI46wdIMVgEaEOIAQGYATO4ARfIAQzYAQPoAQH4AQGIAgGoAgG4AurD_c8GwAIB0gIkMzI3NmZkNjYtOWJmNC00MDRiLWI1ZDEtZmM4OTAyOGNiMGJm2AIB4AIB&ucfs=1&arphpl=1&checkin=2026-06-01&checkout=2026-06-02&group_adults=2&req_adults=2&no_rooms=1&group_children=0&req_children=0&hpos=11&hapos=11&sr_order=popularity&srpvid=8fa5747529c8030c&srepoch=1778344442&all_sr_blocks=24431018_94362656_2_41_0&highlighted_blocks=24431018_94362656_2_41_0&matching_block_id=24431018_94362656_2_41_0&sr_pri_blocks=24431018_94362656_2_41_0__5450&from=searchresults,5/9/2026
Marsa Alam,Amarina Queen Resort & Aqua Park Marsa Alam,5154,EGP,2,0,1,8.8,1741,Marsa Alam City,,5,Resort,Double or Twin Room with Garden View,No,All-inclusive,,https://www.booking.com/hotel/eg/amarina-queen-resort-marsa-alam.html?aid=304142&label=gen173nr-10CAQoggI46wdIMVgEaEOIAQGYATO4ARfIAQzYAQPoAQH4AQGIAgGoAgG4AurD_c8GwAIB0gIkMzI3NmZkNjYtOWJmNC00MDRiLWI1ZDEtZmM4OTAyOGNiMGJm2AIB4AIB&ucfs=1&arphpl=1&checkin=2026-06-01&checkout=2026-06-02&group_adults=2&req_adults=2&no_rooms=1&group_children=0&req_children=0&hpos=12&hapos=12&sr_order=popularity&srpvid=8fa5747529c8030c&srepoch=1778344442&all_sr_blocks=1054783607_377670419_2_85_0&highlighted_blocks=1054783607_377670419_2_85_0&matching_block_id=1054783607_377670419_2_85_0&sr_pri_blocks=1054783607_377670419_2_85_0__9776&from=searchresults,5/9/2026
Marsa Alam,Movenpick Resort El Quseir,4415,EGP,2,0,1,9.2,339,Quseir,,5,Resort,Queen Room with Garden View,No,Breakfast included,,https://www.booking.com/hotel/eg/moevenpick-resort-el-quseir.html?aid=304142&label=gen173nr-10CAQoggI46wdIMVgEaEOIAQGYATO4ARfIAQzYAQPoAQH4AQGIAgGoAgG4AurD_c8GwAIB0gIkMzI3NmZkNjYtOWJmNC00MDRiLWI1ZDEtZmM4OTAyOGNiMGJm2AIB4AIB&ucfs=1&arphpl=1&checkin=2026-06-01&checkout=2026-06-02&group_adults=2&req_adults=2&no_rooms=1&group_children=0&req_children=0&hpos=13&hapos=13&sr_order=popularity&srpvid=8fa5747529c8030c&srepoch=1778344442&all_sr_blocks=23603438_89002362_2_41_0&highlighted_blocks=23603438_89002362_2_41_0&matching_block_id=23603438_89002362_2_41_0&sr_pri_blocks=23603438_89002362_2_41_0__8375&from_sustainable_property_sr=1&from=searchresults,5/9/2026
Marsa Alam,Steigenberger Resort Alaya Marsa Alam - Red Sea - Adults Friendly 16 Years Plus,11040,EGP,2,0,1,9.8,1967,Coraya Bay,,5,Resort,Superior,No,All-inclusive,,https://www.booking.com/hotel/eg/sensimar-alaya.html?aid=304142&label=gen173nr-10CAQoggI46wdIMVgEaEOIAQGYATO4ARfIAQzYAQPoAQH4AQGIAgGoAgG4AurD_c8GwAIB0gIkMzI3NmZkNjYtOWJmNC00MDRiLWI1ZDEtZmM4OTAyOGNiMGJm2AIB4AIB&ucfs=1&arphpl=1&checkin=2026-06-01&checkout=2026-06-02&group_adults=2&req_adults=2&no_rooms=1&group_children=0&req_children=0&hpos=14&hapos=14&sr_order=popularity&srpvid=8fa5747529c8030c&srepoch=1778344442&all_sr_blocks=0_0_2_84_0&highlighted_blocks=0_0_2_84_0&matching_block_id=0_0_2_84_0&sr_pri_blocks=0_0_2_84_0__20941&from=searchresults,5/9/2026
Marsa Alam,Protels Crystal Beach Resort,4999,EGP,2,0,1,8.3,328,Marsa Alam City,,4,Resort,Standard Double Room,No,All-inclusive,,https://www.booking.com/hotel/eg/protels-crystal-beach-resort.html?aid=304142&label=gen173nr-10CAQoggI46wdIMVgEaEOIAQGYATO4ARfIAQzYAQPoAQH4AQGIAgGoAgG4AurD_c8GwAIB0gIkMzI3NmZkNjYtOWJmNC00MDRiLWI1ZDEtZmM4OTAyOGNiMGJm2AIB4AIB&ucfs=1&arphpl=1&checkin=2026-06-01&checkout=2026-06-02&group_adults=2&req_adults=2&no_rooms=1&group_children=0&req_children=0&hpos=15&hapos=15&sr_order=popularity&srpvid=8fa5747529c8030c&srepoch=1778344442&all_sr_blocks=1005729101_373312046_2_85_0&highlighted_blocks=1005729101_373312046_2_85_0&matching_block_id=1005729101_373312046_2_85_0&sr_pri_blocks=1005729101_373312046_2_85_0__9482&from=searchresults,5/9/2026
Marsa Alam,Reef House,1845,EGP,2,0,1,8.7,345,Marsa Alam City,,,Hotel,Economy Double Room,No,,,https://www.booking.com/hotel/eg/reef-house.html?aid=304142&label=gen173nr-10CAQoggI46wdIMVgEaEOIAQGYATO4ARfIAQzYAQPoAQH4AQGIAgGoAgG4AurD_c8GwAIB0gIkMzI3NmZkNjYtOWJmNC00MDRiLWI1ZDEtZmM4OTAyOGNiMGJm2AIB4AIB&ucfs=1&arphpl=1&checkin=2026-06-01&checkout=2026-06-02&group_adults=2&req_adults=2&no_rooms=1&group_children=0&req_children=0&hpos=16&hapos=16&sr_order=popularity&srpvid=8fa5747529c8030c&srepoch=1778344442&all_sr_blocks=817999701_420190291_2_42_0&highlighted_blocks=817999701_420190291_2_42_0&matching_block_id=817999701_420190291_2_42_0&sr_pri_blocks=817999701_420190291_2_42_0__3500&from=searchresults,5/9/2026
Marsa Alam,Three Corners Fayrouz Plaza Beach Resort,6176,EGP,2,0,1,9.2,453,Port Ghalib,,5,Resort,Premium Room,Yes,All-inclusive,,https://www.booking.com/hotel/eg/the-three-corners-fayrouz-plaza-beach-resort.html?aid=304142&label=gen173nr-10CAQoggI46wdIMVgEaEOIAQGYATO4ARfIAQzYAQPoAQH4AQGIAgGoAgG4AurD_c8GwAIB0gIkMzI3NmZkNjYtOWJmNC00MDRiLWI1ZDEtZmM4OTAyOGNiMGJm2AIB4AIB&ucfs=1&arphpl=1&checkin=2026-06-01&checkout=2026-06-02&group_adults=2&req_adults=2&no_rooms=1&group_children=0&req_children=0&hpos=17&hapos=17&sr_order=popularity&srpvid=8fa5747529c8030c&srepoch=1778344442&all_sr_blocks=1612701_355419688_2_85_0&highlighted_blocks=1612701_355419688_2_85_0&matching_block_id=1612701_355419688_2_85_0&sr_pri_blocks=1612701_355419688_2_85_0__11714&from_sustainable_property_sr=1&from=searchresults,5/9/2026
Marsa Alam,Three Corners Happy Life Beach Resort,4522,EGP,2,0,1,9.4,533,Abu Dabbab,,4,Resort,Comfort Double Room,Yes,All-inclusive,,https://www.booking.com/hotel/eg/happy-life-resort.html?aid=304142&label=gen173nr-10CAQoggI46wdIMVgEaEOIAQGYATO4ARfIAQzYAQPoAQH4AQGIAgGoAgG4AurD_c8GwAIB0gIkMzI3NmZkNjYtOWJmNC00MDRiLWI1ZDEtZmM4OTAyOGNiMGJm2AIB4AIB&ucfs=1&arphpl=1&checkin=2026-06-01&checkout=2026-06-02&group_adults=2&req_adults=2&no_rooms=1&group_children=0&req_children=0&hpos=18&hapos=18&sr_order=popularity&srpvid=8fa5747529c8030c&srepoch=1778344442&all_sr_blocks=41184501_361370362_2_85_0&highlighted_blocks=41184501_361370362_2_85_0&matching_block_id=41184501_361370362_2_85_0&sr_pri_blocks=41184501_361370362_2_85_0__8578&from_sustainable_property_sr=1&from=searchresults,5/9/2026
Marsa Alam,JAZ Costa Mares- Adults Friendly 16 Years Plus,14123,EGP,2,0,1,9.5,441,Marsa Alam City,,5,Hotel,Superior Queen Bay View,Yes,All-inclusive,,https://www.booking.com/hotel/eg/iberotel-costa-mares.html?aid=304142&label=gen173nr-10CAQoggI46wdIMVgEaEOIAQGYATO4ARfIAQzYAQPoAQH4AQGIAgGoAgG4AurD_c8GwAIB0gIkMzI3NmZkNjYtOWJmNC00MDRiLWI1ZDEtZmM4OTAyOGNiMGJm2AIB4AIB&ucfs=1&arphpl=1&checkin=2026-06-01&checkout=2026-06-02&group_adults=2&req_adults=2&no_rooms=1&group_children=0&req_children=0&hpos=19&hapos=19&sr_order=popularity&srpvid=8fa5747529c8030c&srepoch=1778344442&all_sr_blocks=676908801_422435163_2_85_0_262659&highlighted_blocks=676908801_422435163_2_85_0_262659&matching_block_id=676908801_422435163_2_85_0_262659&sr_pri_blocks=676908801_422435163_2_85_0_262659_26789&from_sustainable_property_sr=1&from=searchresults,5/9/2026
Marsa Alam,JAZ Lamaya Resort,9374,EGP,2,0,1,9.3,899,Coraya Bay,,5,Resort,"Deluxe, Queen or Twin Bed, Garden View - Jaz Lamaya",Yes,All-inclusive,,https://www.booking.com/hotel/eg/iberotel-lamaya.html?aid=304142&label=gen173nr-10CAQoggI46wdIMVgEaEOIAQGYATO4ARfIAQzYAQPoAQH4AQGIAgGoAgG4AurD_c8GwAIB0gIkMzI3NmZkNjYtOWJmNC00MDRiLWI1ZDEtZmM4OTAyOGNiMGJm2AIB4AIB&ucfs=1&arphpl=1&checkin=2026-06-01&checkout=2026-06-02&group_adults=2&req_adults=2&no_rooms=1&group_children=0&req_children=0&hpos=20&hapos=20&sr_order=popularity&srpvid=8fa5747529c8030c&srepoch=1778344442&all_sr_blocks=17294739_422437322_2_85_0_262422&highlighted_blocks=17294739_422437322_2_85_0_262422&matching_block_id=17294739_422437322_2_85_0_262422&sr_pri_blocks=17294739_422437322_2_85_0_262422_17781&from_sustainable_property_sr=1&from=searchresults,5/9/2026
Marsa Alam,Sentido Reef Oasis Suakin Resort,8237,EGP,2,0,1,9.1,669,Marsa Alam City,,5,Resort,Deluxe Room,Yes,All-inclusive,,https://www.booking.com/hotel/eg/reef-oasis-suakin-resort.html?aid=304142&label=gen173nr-10CAQoggI46wdIMVgEaEOIAQGYATO4ARfIAQzYAQPoAQH4AQGIAgGoAgG4AurD_c8GwAIB0gIkMzI3NmZkNjYtOWJmNC00MDRiLWI1ZDEtZmM4OTAyOGNiMGJm2AIB4AIB&ucfs=1&arphpl=1&checkin=2026-06-01&checkout=2026-06-02&group_adults=2&req_adults=2&no_rooms=1&group_children=0&req_children=0&hpos=21&hapos=21&sr_order=popularity&srpvid=8fa5747529c8030c&srepoch=1778344442&all_sr_blocks=1064564904_433385768_2_85_0_656771&highlighted_blocks=1064564904_433385768_2_85_0_656771&matching_block_id=1064564904_433385768_2_85_0_656771&sr_pri_blocks=1064564904_433385768_2_85_0_656771_15625&from=searchresults,5/9/2026
Marsa Alam,JAZ Solaya,9448,EGP,2,0,1,9.7,532,Coraya Bay,,5,Hotel,Superior Deluxe Garden View,Yes,All-inclusive,,https://www.booking.com/hotel/eg/sol-y-mar-solaya.html?aid=304142&label=gen173nr-10CAQoggI46wdIMVgEaEOIAQGYATO4ARfIAQzYAQPoAQH4AQGIAgGoAgG4AurD_c8GwAIB0gIkMzI3NmZkNjYtOWJmNC00MDRiLWI1ZDEtZmM4OTAyOGNiMGJm2AIB4AIB&ucfs=1&arphpl=1&checkin=2026-06-01&checkout=2026-06-02&group_adults=2&req_adults=2&no_rooms=1&group_children=0&req_children=0&hpos=22&hapos=22&sr_order=popularity&srpvid=8fa5747529c8030c&srepoch=1778344442&all_sr_blocks=1605016_0_2_84_0&highlighted_blocks=1605016_0_2_84_0&matching_block_id=1605016_0_2_84_0&sr_pri_blocks=1605016_0_2_84_0__17922&from_sustainable_property_sr=1&from=searchresults,5/9/2026
Marsa Alam,JAZ Grand Marsa,11604,EGP,2,0,1,9.1,561,Coraya Bay,,5,Hotel,"Superior Premium, Queen or Twin Bed, Pool View",Yes,All-inclusive,,https://www.booking.com/hotel/eg/resta-grand-resort.html?aid=304142&label=gen173nr-10CAQoggI46wdIMVgEaEOIAQGYATO4ARfIAQzYAQPoAQH4AQGIAgGoAgG4AurD_c8GwAIB0gIkMzI3NmZkNjYtOWJmNC00MDRiLWI1ZDEtZmM4OTAyOGNiMGJm2AIB4AIB&ucfs=1&arphpl=1&checkin=2026-06-01&checkout=2026-06-02&group_adults=2&req_adults=2&no_rooms=1&group_children=0&req_children=0&hpos=23&hapos=23&sr_order=popularity&srpvid=8fa5747529c8030c&srepoch=1778344442&all_sr_blocks=17140538_367313078_2_85_0_262672&highlighted_blocks=17140538_367313078_2_85_0_262672&matching_block_id=17140538_367313078_2_85_0_262672&sr_pri_blocks=17140538_367313078_2_85_0_262672_22011&from_sustainable_property_sr=1&from=searchresults,5/9/2026
Marsa Alam,Marina Lodge at Port Ghalib,5203,EGP,2,0,1,9.2,535,Port Ghalib,,4,Hotel,Standard Double or Twin Room with Garden View,Yes,All-inclusive,,https://www.booking.com/hotel/eg/marina-lodge-port-ghalib.html?aid=304142&label=gen173nr-10CAQoggI46wdIMVgEaEOIAQGYATO4ARfIAQzYAQPoAQH4AQGIAgGoAgG4AurD_c8GwAIB0gIkMzI3NmZkNjYtOWJmNC00MDRiLWI1ZDEtZmM4OTAyOGNiMGJm2AIB4AIB&ucfs=1&arphpl=1&checkin=2026-06-01&checkout=2026-06-02&group_adults=2&req_adults=2&no_rooms=1&group_children=0&req_children=0&hpos=24&hapos=24&sr_order=popularity&srpvid=8fa5747529c8030c&srepoch=1778344442&all_sr_blocks=49604001_199242674_2_85_0&highlighted_blocks=49604001_199242674_2_85_0&matching_block_id=49604001_199242674_2_85_0&sr_pri_blocks=49604001_199242674_2_85_0__9870&from=searchresults,5/9/2026
Marsa Alam,Cardina Resort,5321,EGP,2,0,1,8,306,Marsa Alam City,,4,Resort,Standard Room,Yes,All-inclusive,,https://www.booking.com/hotel/eg/oriental-bay-marsa-allam.html?aid=304142&label=gen173nr-10CAQoggI46wdIMVgEaEOIAQGYATO4ARfIAQzYAQPoAQH4AQGIAgGoAgG4AurD_c8GwAIB0gIkMzI3NmZkNjYtOWJmNC00MDRiLWI1ZDEtZmM4OTAyOGNiMGJm2AIB4AIB&ucfs=1&arphpl=1&checkin=2026-06-01&checkout=2026-06-02&group_adults=2&req_adults=2&no_rooms=1&group_children=0&req_children=0&hpos=25&hapos=25&sr_order=popularity&srpvid=8fa5747529c8030c&srepoch=1778344442&all_sr_blocks=37018222_422630926_2_85_0&highlighted_blocks=37018222_422630926_2_85_0&matching_block_id=37018222_422630926_2_85_0&sr_pri_blocks=37018222_422630926_2_85_0__10093&from=searchresults,5/9/2026
Marsa Alam,Novotel Marsa Alam Beach Resort,5377,EGP,2,0,1,8.6,487,Quseir,,5,Resort,Classic Twin Room with Garden View,No,Breakfast & dinner included,,https://www.booking.com/hotel/eg/novotel-marsa-alam.html?aid=304142&label=gen173nr-10CAQoggI46wdIMVgEaEOIAQGYATO4ARfIAQzYAQPoAQH4AQGIAgGoAgG4AurD_c8GwAIB0gIkMzI3NmZkNjYtOWJmNC00MDRiLWI1ZDEtZmM4OTAyOGNiMGJm2AIB4AIB&ucfs=1&arphpl=1&checkin=2026-06-01&checkout=2026-06-02&group_adults=2&req_adults=2&no_rooms=1&group_children=0&req_children=0&hpos=1&hapos=26&sr_order=popularity&srpvid=8fa5747529c8030c&srepoch=1778344435&all_sr_blocks=144591110_94599490_2_25_0&highlighted_blocks=144591110_94599490_2_25_0&matching_block_id=144591110_94599490_2_25_0&sr_pri_blocks=144591110_94599490_2_25_0__10200&from_sustainable_property_sr=1&from=searchresults,5/9/2026
Marsa Alam,Flamenco Beach & Resort Quseir,3203,EGP,2,0,1,8.2,110,Quseir,,4,Resort,Standard Room with Sea View,No,Breakfast & dinner included,,https://www.booking.com/hotel/eg/flamenco-beach-resort-quseir.html?aid=304142&label=gen173nr-10CAQoggI46wdIMVgEaEOIAQGYATO4ARfIAQzYAQPoAQH4AQGIAgGoAgG4AurD_c8GwAIB0gIkMzI3NmZkNjYtOWJmNC00MDRiLWI1ZDEtZmM4OTAyOGNiMGJm2AIB4AIB&ucfs=1&arphpl=1&checkin=2026-06-01&checkout=2026-06-02&group_adults=2&req_adults=2&no_rooms=1&group_children=0&req_children=0&hpos=2&hapos=27&sr_order=popularity&srpvid=8fa5747529c8030c&srepoch=1778344435&all_sr_blocks=1603903_0_2_17_0&highlighted_blocks=1603903_0_2_17_0&matching_block_id=1603903_0_2_17_0&sr_pri_blocks=1603903_0_2_17_0__6076&from=searchresults,5/9/2026
Marsa Alam,Akassia Swiss Resort,7477,EGP,2,0,1,9.1,504,Quseir,,5,Resort,Standard Room with Garden View,No,All-inclusive,,https://www.booking.com/hotel/eg/club-calimera-akassia-swiss-resort.html?aid=304142&label=gen173nr-10CAQoggI46wdIMVgEaEOIAQGYATO4ARfIAQzYAQPoAQH4AQGIAgGoAgG4AurD_c8GwAIB0gIkMzI3NmZkNjYtOWJmNC00MDRiLWI1ZDEtZmM4OTAyOGNiMGJm2AIB4AIB&ucfs=1&arphpl=1&checkin=2026-06-01&checkout=2026-06-02&group_adults=2&req_adults=2&no_rooms=1&group_children=0&req_children=0&hpos=3&hapos=28&sr_order=popularity&srpvid=8fa5747529c8030c&srepoch=1778344435&all_sr_blocks=107721601_0_2_85_0&highlighted_blocks=107721601_0_2_85_0&matching_block_id=107721601_0_2_85_0&sr_pri_blocks=107721601_0_2_85_0__14183&from_sustainable_property_sr=1&from=searchresults,5/9/2026
Marsa Alam,Sunrise Anjum Resort,9991,EGP,2,0,1,9.4,643,Marsa Alam City,,5,Resort,Family Room Bunk Bed,Yes,All meals included,,https://www.booking.com/hotel/eg/sunrise-anjumresort.html?aid=304142&label=gen173nr-10CAQoggI46wdIMVgEaEOIAQGYATO4ARfIAQzYAQPoAQH4AQGIAgGoAgG4AurD_c8GwAIB0gIkMzI3NmZkNjYtOWJmNC00MDRiLWI1ZDEtZmM4OTAyOGNiMGJm2AIB4AIB&ucfs=1&arphpl=1&checkin=2026-06-01&checkout=2026-06-02&group_adults=2&req_adults=2&no_rooms=1&group_children=0&req_children=0&hpos=4&hapos=29&sr_order=popularity&srpvid=8fa5747529c8030c&srepoch=1778344435&all_sr_blocks=1094022202_0_2_21_0&highlighted_blocks=1094022202_0_2_21_0&matching_block_id=1094022202_0_2_21_0&sr_pri_blocks=1094022202_0_2_21_0__18951&from=searchresults,5/9/2026
Marsa Alam,Shams Alam Beach Resort,5765,EGP,2,0,1,8.7,451,Abū Ghuşūn,,4,Resort,Standard Room,No,All-inclusive,,https://www.booking.com/hotel/eg/shams-alam-beach-resort.html?aid=304142&label=gen173nr-10CAQoggI46wdIMVgEaEOIAQGYATO4ARfIAQzYAQPoAQH4AQGIAgGoAgG4AurD_c8GwAIB0gIkMzI3NmZkNjYtOWJmNC00MDRiLWI1ZDEtZmM4OTAyOGNiMGJm2AIB4AIB&ucfs=1&arphpl=1&checkin=2026-06-01&checkout=2026-06-02&group_adults=2&req_adults=2&no_rooms=1&group_children=0&req_children=0&hpos=5&hapos=30&sr_order=popularity&srpvid=8fa5747529c8030c&srepoch=1778344435&all_sr_blocks=4840301_295588443_2_85_0&highlighted_blocks=4840301_295588443_2_85_0&matching_block_id=4840301_295588443_2_85_0&sr_pri_blocks=4840301_295588443_2_85_0__10935&from=searchresults,5/9/2026
Marsa Alam,True Beach Resort,5074,EGP,2,0,1,8.9,111,Marsa Alam City,,5,Resort,Superior Double Room,Yes,All-inclusive,,https://www.booking.com/hotel/eg/true-beach-resort-marsa-alam.html?aid=304142&label=gen173nr-10CAQoggI46wdIMVgEaEOIAQGYATO4ARfIAQzYAQPoAQH4AQGIAgGoAgG4AurD_c8GwAIB0gIkMzI3NmZkNjYtOWJmNC00MDRiLWI1ZDEtZmM4OTAyOGNiMGJm2AIB4AIB&ucfs=1&arphpl=1&checkin=2026-06-01&checkout=2026-06-02&group_adults=2&req_adults=2&no_rooms=1&group_children=0&req_children=0&hpos=6&hapos=31&sr_order=popularity&srpvid=8fa5747529c8030c&srepoch=1778344435&all_sr_blocks=1039447601_0_2_84_0&highlighted_blocks=1039447601_0_2_84_0&matching_block_id=1039447601_0_2_84_0&sr_pri_blocks=1039447601_0_2_84_0__9624&from=searchresults,5/9/2026
Marsa Alam,Pickalbatros Vita Resort - Portofino Marsa Alam,10131,EGP,2,0,1,9.8,923,Abu Dabbab,,4,Resort,Deluxe Double or Twin Room with Garden View,Yes,All-inclusive,,https://www.booking.com/hotel/eg/pickalbatros-vita-resort-portofino-marsa-alam.html?aid=304142&label=gen173nr-10CAQoggI46wdIMVgEaEOIAQGYATO4ARfIAQzYAQPoAQH4AQGIAgGoAgG4AurD_c8GwAIB0gIkMzI3NmZkNjYtOWJmNC00MDRiLWI1ZDEtZmM4OTAyOGNiMGJm2AIB4AIB&ucfs=1&arphpl=1&checkin=2026-06-01&checkout=2026-06-02&group_adults=2&req_adults=2&no_rooms=1&group_children=0&req_children=0&hpos=7&hapos=32&sr_order=popularity&srpvid=8fa5747529c8030c&srepoch=1778344435&all_sr_blocks=1175762202_390116399_2_85_0_317506&highlighted_blocks=1175762202_390116399_2_85_0_317506&matching_block_id=1175762202_390116399_2_85_0_317506&sr_pri_blocks=1175762202_390116399_2_85_0_317506_19216&from_sustainable_property_sr=1&from=searchresults,5/9/2026
Marsa Alam,Oyster Bay Beach Suites,2202,EGP,2,0,1,8.3,96,Abu Dabbab,,5,Apartment,Studio with Sea View,Yes,,,https://www.booking.com/hotel/eg/oyster-bay-beach-suites.html?aid=304142&label=gen173nr-10CAQoggI46wdIMVgEaEOIAQGYATO4ARfIAQzYAQPoAQH4AQGIAgGoAgG4AurD_c8GwAIB0gIkMzI3NmZkNjYtOWJmNC00MDRiLWI1ZDEtZmM4OTAyOGNiMGJm2AIB4AIB&ucfs=1&arphpl=1&checkin=2026-06-01&checkout=2026-06-02&group_adults=2&req_adults=2&no_rooms=1&group_children=0&req_children=0&hpos=8&hapos=33&sr_order=popularity&srpvid=8fa5747529c8030c&srepoch=1778344435&all_sr_blocks=932059401_403562280_2_0_0&highlighted_blocks=932059401_403562280_2_0_0&matching_block_id=932059401_403562280_2_0_0&sr_pri_blocks=932059401_403562280_2_0_0__4176&from=searchresults,5/9/2026
Marsa Alam,Marsa Alam Luxury Apartments Signature Suite,1054,EGP,2,0,1,10,1,Marsa Alam City,,3,Apartment,Double Room with Private Bathroom,Yes,,,https://www.booking.com/hotel/eg/marsa-alam-luxury-apartments-signature-suite.html?aid=304142&label=gen173nr-10CAQoggI46wdIMVgEaEOIAQGYATO4ARfIAQzYAQPoAQH4AQGIAgGoAgG4AurD_c8GwAIB0gIkMzI3NmZkNjYtOWJmNC00MDRiLWI1ZDEtZmM4OTAyOGNiMGJm2AIB4AIB&ucfs=1&arphpl=1&checkin=2026-06-01&checkout=2026-06-02&group_adults=2&req_adults=2&no_rooms=1&group_children=0&req_children=0&hpos=9&hapos=34&sr_order=popularity&srpvid=8fa5747529c8030c&srepoch=1778344435&all_sr_blocks=1593146402_430371127_2_0_0&highlighted_blocks=1593146402_430371127_2_0_0&matching_block_id=1593146402_430371127_2_0_0&sr_pri_blocks=1593146402_430371127_2_0_0__2000&from=searchresults,5/9/2026
Marsa Alam,JAZ Elite Riviera,17262,EGP,2,0,1,9.6,601,Marsa Alam City,,5,Hotel,Superior Queen Garden View,Yes,All-inclusive,,https://www.booking.com/hotel/eg/jaz-riviera.html?aid=304142&label=gen173nr-10CAQoggI46wdIMVgEaEOIAQGYATO4ARfIAQzYAQPoAQH4AQGIAgGoAgG4AurD_c8GwAIB0gIkMzI3NmZkNjYtOWJmNC00MDRiLWI1ZDEtZmM4OTAyOGNiMGJm2AIB4AIB&ucfs=1&arphpl=1&checkin=2026-06-01&checkout=2026-06-02&group_adults=2&req_adults=2&no_rooms=1&group_children=0&req_children=0&hpos=10&hapos=35&sr_order=popularity&srpvid=8fa5747529c8030c&srepoch=1778344435&all_sr_blocks=1276927301_422434905_2_85_0&highlighted_blocks=1276927301_422434905_2_85_0&matching_block_id=1276927301_422434905_2_85_0&sr_pri_blocks=1276927301_422434905_2_85_0__32742&from_sustainable_property_sr=1&from=searchresults,5/9/2026
Marsa Alam,Marsa Alam Family Apartment,1002,EGP,2,0,1,8.5,16,Marsa Alam City,,4,Apartment,Three-Bedroom Apartment,Yes,,,https://www.booking.com/hotel/eg/family-apartment-in-marsa-alam-3br.html?aid=304142&label=gen173nr-10CAQoggI46wdIMVgEaEOIAQGYATO4ARfIAQzYAQPoAQH4AQGIAgGoAgG4AurD_c8GwAIB0gIkMzI3NmZkNjYtOWJmNC00MDRiLWI1ZDEtZmM4OTAyOGNiMGJm2AIB4AIB&ucfs=1&arphpl=1&checkin=2026-06-01&checkout=2026-06-02&group_adults=2&req_adults=2&no_rooms=1&group_children=0&req_children=0&hpos=11&hapos=36&sr_order=popularity&srpvid=8fa5747529c8030c&srepoch=1778344435&all_sr_blocks=1382673201_410331914_6_0_0&highlighted_blocks=1382673201_410331914_6_0_0&matching_block_id=1382673201_410331914_6_0_0&sr_pri_blocks=1382673201_410331914_6_0_0__1900&from=searchresults,5/9/2026
Marsa Alam,Steigenberger Coraya Beach - Adults Friendly 16 Years Plus,13887,EGP,2,0,1,9.8,598,Coraya Bay,,5,Hotel,Room Assigned on Arrival,Yes,All-inclusive,,https://www.booking.com/hotel/eg/iberotel-coraya-beach.html?aid=304142&label=gen173nr-10CAQoggI46wdIMVgEaEOIAQGYATO4ARfIAQzYAQPoAQH4AQGIAgGoAgG4AurD_c8GwAIB0gIkMzI3NmZkNjYtOWJmNC00MDRiLWI1ZDEtZmM4OTAyOGNiMGJm2AIB4AIB&ucfs=1&arphpl=1&checkin=2026-06-01&checkout=2026-06-02&group_adults=2&req_adults=2&no_rooms=1&group_children=0&req_children=0&hpos=12&hapos=37&sr_order=popularity&srpvid=8fa5747529c8030c&srepoch=1778344435&all_sr_blocks=0_0_2_84_0&highlighted_blocks=0_0_2_84_0&matching_block_id=0_0_2_84_0&sr_pri_blocks=0_0_2_84_0__26341&from_sustainable_property_sr=1&from=searchresults,5/9/2026
Marsa Alam,JAZ Elite Amara,19409,EGP,2,0,1,9.5,369,Marsa Alam City,,5,Hotel,Superior Queen or Twin Beds with Pool View,Yes,All-inclusive,,https://www.booking.com/hotel/eg/jaz-amara.html?aid=304142&label=gen173nr-10CAQoggI46wdIMVgEaEOIAQGYATO4ARfIAQzYAQPoAQH4AQGIAgGoAgG4AurD_c8GwAIB0gIkMzI3NmZkNjYtOWJmNC00MDRiLWI1ZDEtZmM4OTAyOGNiMGJm2AIB4AIB&ucfs=1&arphpl=1&checkin=2026-06-01&checkout=2026-06-02&group_adults=2&req_adults=2&no_rooms=1&group_children=0&req_children=0&hpos=13&hapos=38&sr_order=popularity&srpvid=8fa5747529c8030c&srepoch=1778344435&all_sr_blocks=1062037403_422437522_2_85_0_262702&highlighted_blocks=1062037403_422437522_2_85_0_262702&matching_block_id=1062037403_422437522_2_85_0_262702&sr_pri_blocks=1062037403_422437522_2_85_0_262702_36815&from=searchresults,5/9/2026
Marsa Alam,Deep Ashri Apartment & Dive Club,2465,EGP,2,0,1,8.7,67,Marsa Alam City,,4,Apartment,Studio with Balcony,No,,,https://www.booking.com/hotel/eg/deep-ashri.html?aid=304142&label=gen173nr-10CAQoggI46wdIMVgEaEOIAQGYATO4ARfIAQzYAQPoAQH4AQGIAgGoAgG4AurD_c8GwAIB0gIkMzI3NmZkNjYtOWJmNC00MDRiLWI1ZDEtZmM4OTAyOGNiMGJm2AIB4AIB&ucfs=1&arphpl=1&checkin=2026-06-01&checkout=2026-06-02&group_adults=2&req_adults=2&no_rooms=1&group_children=0&req_children=0&hpos=14&hapos=39&sr_order=popularity&srpvid=8fa5747529c8030c&srepoch=1778344435&all_sr_blocks=280942802_107202214_2_42_0&highlighted_blocks=280942802_107202214_2_42_0&matching_block_id=280942802_107202214_2_42_0&sr_pri_blocks=280942802_107202214_2_42_0__4675&from=searchresults,5/9/2026
Marsa Alam,MG Alexander The Great Hotel,6405,EGP,2,0,1,8.4,198,Marsa Alam City,,4,Hotel,Double Room with Garden View,No,,,https://www.booking.com/hotel/eg/mg-alexander-the-great.html?aid=304142&label=gen173nr-10CAQoggI46wdIMVgEaEOIAQGYATO4ARfIAQzYAQPoAQH4AQGIAgGoAgG4AurD_c8GwAIB0gIkMzI3NmZkNjYtOWJmNC00MDRiLWI1ZDEtZmM4OTAyOGNiMGJm2AIB4AIB&ucfs=1&arphpl=1&checkin=2026-06-01&checkout=2026-06-02&group_adults=2&req_adults=2&no_rooms=1&group_children=0&req_children=0&hpos=15&hapos=40&sr_order=popularity&srpvid=8fa5747529c8030c&srepoch=1778344435&all_sr_blocks=854060005_356408176_2_42_0&highlighted_blocks=854060005_356408176_2_42_0&matching_block_id=854060005_356408176_2_42_0&sr_pri_blocks=854060005_356408176_2_42_0__12150&from=searchresults,5/9/2026
Marsa Alam,Lahami Bay Beach Resort,12231,EGP,2,0,1,8.6,118,Abū Ghuşūn,,4,Resort,Twin Room with 2 Full Beds and Partial Sea View,Yes,All-inclusive,,https://www.booking.com/hotel/eg/lahami-bay.html?aid=304142&label=gen173nr-10CAQoggI46wdIMVgEaEOIAQGYATO4ARfIAQzYAQPoAQH4AQGIAgGoAgG4AurD_c8GwAIB0gIkMzI3NmZkNjYtOWJmNC00MDRiLWI1ZDEtZmM4OTAyOGNiMGJm2AIB4AIB&ucfs=1&arphpl=1&checkin=2026-06-01&checkout=2026-06-02&group_adults=2&req_adults=2&no_rooms=1&group_children=0&req_children=0&hpos=16&hapos=41&sr_order=popularity&srpvid=8fa5747529c8030c&srepoch=1778344435&all_sr_blocks=457514706_145256894_2_85_0&highlighted_blocks=457514706_145256894_2_85_0&matching_block_id=457514706_145256894_2_85_0&sr_pri_blocks=457514706_145256894_2_85_0__23200&from=searchresults,5/9/2026
Marsa Alam,Utopia Beach Club,9490,EGP,2,0,1,9,244,Marsa Alam City,,4,Hotel,Standard Double Room,Yes,All-inclusive,,https://www.booking.com/hotel/eg/utopia-beach-club-marsa-alam.html?aid=304142&label=gen173nr-10CAQoggI46wdIMVgEaEOIAQGYATO4ARfIAQzYAQPoAQH4AQGIAgGoAgG4AurD_c8GwAIB0gIkMzI3NmZkNjYtOWJmNC00MDRiLWI1ZDEtZmM4OTAyOGNiMGJm2AIB4AIB&ucfs=1&arphpl=1&checkin=2026-06-01&checkout=2026-06-02&group_adults=2&req_adults=2&no_rooms=1&group_children=0&req_children=0&hpos=17&hapos=42&sr_order=popularity&srpvid=8fa5747529c8030c&srepoch=1778344435&all_sr_blocks=816946805_357473489_2_85_0&highlighted_blocks=816946805_357473489_2_85_0&matching_block_id=816946805_357473489_2_85_0&sr_pri_blocks=816946805_357473489_2_85_0__18000&from=searchresults,5/9/2026
Marsa Alam,"Lazuli Hotel, Marsa Alam",9490,EGP,2,0,1,8,81,Quseir,,5,Hotel,Deluxe Double Room,No,All-inclusive,,https://www.booking.com/hotel/eg/lazuli-marsa-alam.html?aid=304142&label=gen173nr-10CAQoggI46wdIMVgEaEOIAQGYATO4ARfIAQzYAQPoAQH4AQGIAgGoAgG4AurD_c8GwAIB0gIkMzI3NmZkNjYtOWJmNC00MDRiLWI1ZDEtZmM4OTAyOGNiMGJm2AIB4AIB&ucfs=1&arphpl=1&checkin=2026-06-01&checkout=2026-06-02&group_adults=2&req_adults=2&no_rooms=1&group_children=0&req_children=0&hpos=18&hapos=43&sr_order=popularity&srpvid=8fa5747529c8030c&srepoch=1778344435&all_sr_blocks=720854301_309117398_2_85_0&highlighted_blocks=720854301_309117398_2_85_0&matching_block_id=720854301_309117398_2_85_0&sr_pri_blocks=720854301_309117398_2_85_0__18000&from=searchresults,5/9/2026
Marsa Alam,Desert & Sea Haven Marsa Alam,939,EGP,2,0,1,8.1,11,Marsa Alam City,,3,Apartment,One-Bedroom Apartment,No,,,https://www.booking.com/hotel/eg/desert-amp-sea-haven-marsa-alam-marsa-alam.html?aid=304142&label=gen173nr-10CAQoggI46wdIMVgEaEOIAQGYATO4ARfIAQzYAQPoAQH4AQGIAgGoAgG4AurD_c8GwAIB0gIkMzI3NmZkNjYtOWJmNC00MDRiLWI1ZDEtZmM4OTAyOGNiMGJm2AIB4AIB&ucfs=1&arphpl=1&checkin=2026-06-01&checkout=2026-06-02&group_adults=2&req_adults=2&no_rooms=1&group_children=0&req_children=0&hpos=19&hapos=44&sr_order=popularity&srpvid=8fa5747529c8030c&srepoch=1778344435&all_sr_blocks=1400464101_411903425_2_10_0&highlighted_blocks=1400464101_411903425_2_10_0&matching_block_id=1400464101_411903425_2_10_0&sr_pri_blocks=1400464101_411903425_2_10_0__1782&from=searchresults,5/9/2026
Marsa Alam,Blend Elphistone Resort Marsa Alam,4256,EGP,2,0,1,8.9,1008,Abu Dabbab,,4,Resort,Superior Twin bed Garden View,No,All-inclusive,,https://www.booking.com/hotel/eg/elphistone-resort-marsa-alam.html?aid=304142&label=gen173nr-10CAQoggI46wdIMVgEaEOIAQGYATO4ARfIAQzYAQPoAQH4AQGIAgGoAgG4AurD_c8GwAIB0gIkMzI3NmZkNjYtOWJmNC00MDRiLWI1ZDEtZmM4OTAyOGNiMGJm2AIB4AIB&ucfs=1&arphpl=1&checkin=2026-06-01&checkout=2026-06-02&group_adults=2&req_adults=2&no_rooms=1&group_children=0&req_children=0&hpos=20&hapos=45&sr_order=popularity&srpvid=8fa5747529c8030c&srepoch=1778344435&all_sr_blocks=39863822_425000005_2_85_0&highlighted_blocks=39863822_425000005_2_85_0&matching_block_id=39863822_425000005_2_85_0&sr_pri_blocks=39863822_425000005_2_85_0__8073&from_sustainable_property_sr=1&from=searchresults,5/9/2026
Marsa Alam,Dolphin Continental Hotel,1898,EGP,2,0,1,8.3,125,Quseir,,3,Hotel,King Room with Sea View,Yes,,,https://www.booking.com/hotel/eg/dolphinecontinental.html?aid=304142&label=gen173nr-10CAQoggI46wdIMVgEaEOIAQGYATO4ARfIAQzYAQPoAQH4AQGIAgGoAgG4AurD_c8GwAIB0gIkMzI3NmZkNjYtOWJmNC00MDRiLWI1ZDEtZmM4OTAyOGNiMGJm2AIB4AIB&ucfs=1&arphpl=1&checkin=2026-06-01&checkout=2026-06-02&group_adults=2&req_adults=2&no_rooms=1&group_children=0&req_children=0&hpos=21&hapos=46&sr_order=popularity&srpvid=8fa5747529c8030c&srepoch=1778344435&all_sr_blocks=864085102_360331072_0_2_0&highlighted_blocks=864085102_360331072_0_2_0&matching_block_id=864085102_360331072_0_2_0&sr_pri_blocks=864085102_360331072_0_2_0__3600&from=searchresults,5/9/2026
Marsa Alam,la vi marsa alam,1815,EGP,2,0,1,9.3,28,Marsa Alam City,,4,Apartment,Two-Bedroom Apartment,Yes,,,https://www.booking.com/hotel/eg/la-vi-marsa-alam.html?aid=304142&label=gen173nr-10CAQoggI46wdIMVgEaEOIAQGYATO4ARfIAQzYAQPoAQH4AQGIAgGoAgG4AurD_c8GwAIB0gIkMzI3NmZkNjYtOWJmNC00MDRiLWI1ZDEtZmM4OTAyOGNiMGJm2AIB4AIB&ucfs=1&arphpl=1&checkin=2026-06-01&checkout=2026-06-02&group_adults=2&req_adults=2&no_rooms=1&group_children=0&req_children=0&hpos=22&hapos=47&sr_order=popularity&srpvid=8fa5747529c8030c&srepoch=1778344435&all_sr_blocks=1216842401_393897121_2_0_0&highlighted_blocks=1216842401_393897121_2_0_0&matching_block_id=1216842401_393897121_2_0_0&sr_pri_blocks=1216842401_393897121_2_0_0__3442&from=searchresults,5/9/2026
Marsa Alam,JAZ Neo Dar El Madina,7227,EGP,2,0,1,9.7,273,Coraya Bay,,4,Hotel,Superior Twin Room,Yes,All-inclusive,,https://www.booking.com/hotel/eg/dar-el-madina.html?aid=304142&label=gen173nr-10CAQoggI46wdIMVgEaEOIAQGYATO4ARfIAQzYAQPoAQH4AQGIAgGoAgG4AurD_c8GwAIB0gIkMzI3NmZkNjYtOWJmNC00MDRiLWI1ZDEtZmM4OTAyOGNiMGJm2AIB4AIB&ucfs=1&arphpl=1&checkin=2026-06-01&checkout=2026-06-02&group_adults=2&req_adults=2&no_rooms=1&group_children=0&req_children=0&hpos=23&hapos=48&sr_order=popularity&srpvid=8fa5747529c8030c&srepoch=1778344435&all_sr_blocks=1787803_422434926_2_85_0_262680&highlighted_blocks=1787803_422434926_2_85_0_262680&matching_block_id=1787803_422434926_2_85_0_262680&sr_pri_blocks=1787803_422434926_2_85_0_262680_13708&from_sustainable_property_sr=1&from=searchresults,5/9/2026
Marsa Alam,Oyster bay resort studio,1993,EGP,2,0,1,8,1,Marsa Alam,,,Resort,Studio with Garden View,No,,,https://www.booking.com/hotel/eg/oyster-bay-resort.html?aid=304142&label=gen173nr-10CAQoggI46wdIMVgEaEOIAQGYATO4ARfIAQzYAQPoAQH4AQGIAgGoAgG4AurD_c8GwAIB0gIkMzI3NmZkNjYtOWJmNC00MDRiLWI1ZDEtZmM4OTAyOGNiMGJm2AIB4AIB&ucfs=1&arphpl=1&checkin=2026-06-01&checkout=2026-06-02&group_adults=2&req_adults=2&no_rooms=1&group_children=0&req_children=0&hpos=24&hapos=49&sr_order=popularity&srpvid=8fa5747529c8030c&srepoch=1778344435&all_sr_blocks=1407915501_412566141_0_0_0&highlighted_blocks=1407915501_412566141_0_0_0&matching_block_id=1407915501_412566141_0_0_0&sr_pri_blocks=1407915501_412566141_0_0_0__3780&from=searchresults,5/9/2026
Marsa Alam,Abu Dabbab Lodge,5061,EGP,2,0,1,8,85,Abu Dabbab,,3,Inn,Double Room with Terrace,Yes,All meals included,,https://www.booking.com/hotel/eg/abu-dabbab-lodge.html?aid=304142&label=gen173nr-10CAQoggI46wdIMVgEaEOIAQGYATO4ARfIAQzYAQPoAQH4AQGIAgGoAgG4AurD_c8GwAIB0gIkMzI3NmZkNjYtOWJmNC00MDRiLWI1ZDEtZmM4OTAyOGNiMGJm2AIB4AIB&ucfs=1&arphpl=1&checkin=2026-06-01&checkout=2026-06-02&group_adults=2&req_adults=2&no_rooms=1&group_children=0&req_children=0&hpos=25&hapos=50&sr_order=popularity&srpvid=8fa5747529c8030c&srepoch=1778344435&all_sr_blocks=131644901_401377999_0_21_0&highlighted_blocks=131644901_401377999_0_21_0&matching_block_id=131644901_401377999_0_21_0&sr_pri_blocks=131644901_401377999_0_21_0__9600&from=searchresults,5/9/2026
Marsa Alam,Oasis marsa alam,1423,EGP,2,0,1,7.3,97,Marsa Alam City,,4,Hotel,Studio with Sofa Bed,Yes,,,https://www.booking.com/hotel/eg/oasis-marsa-alam.html?aid=304142&label=gen173nr-10CAQoggI46wdIMVgEaEOIAQGYATO4ARfIAQzYAQPoAQH4AQGIAgGoAgG4AurD_c8GwAIB0gIkMzI3NmZkNjYtOWJmNC00MDRiLWI1ZDEtZmM4OTAyOGNiMGJm2AIB4AIB&ucfs=1&arphpl=1&checkin=2026-06-01&checkout=2026-06-02&group_adults=2&req_adults=2&no_rooms=1&group_children=0&req_children=0&hpos=1&hapos=51&sr_order=popularity&srpvid=8fa5747529c8030c&srepoch=1778344439&all_sr_blocks=752827701_393961500_2_42_0&highlighted_blocks=752827701_393961500_2_42_0&matching_block_id=752827701_393961500_2_42_0&sr_pri_blocks=752827701_393961500_2_42_0__2700&from=searchresults,5/9/2026
Marsa Alam,"2 rooms, 2 balconies",854,EGP,2,0,1,10,1,Marsa Alam City,,3,Apartment,Apartment,No,,,https://www.booking.com/hotel/eg/2-rooms-2-balconies.html?aid=304142&label=gen173nr-10CAQoggI46wdIMVgEaEOIAQGYATO4ARfIAQzYAQPoAQH4AQGIAgGoAgG4AurD_c8GwAIB0gIkMzI3NmZkNjYtOWJmNC00MDRiLWI1ZDEtZmM4OTAyOGNiMGJm2AIB4AIB&ucfs=1&arphpl=1&checkin=2026-06-01&checkout=2026-06-02&group_adults=2&req_adults=2&no_rooms=1&group_children=0&req_children=0&hpos=2&hapos=52&sr_order=popularity&srpvid=8fa5747529c8030c&srepoch=1778344439&all_sr_blocks=1618320501_432672917_2_0_0&highlighted_blocks=1618320501_432672917_2_0_0&matching_block_id=1618320501_432672917_2_0_0&sr_pri_blocks=1618320501_432672917_2_0_0__1620&from=searchresults,5/9/2026
Marsa Alam,sea view house,1845,EGP,2,0,1,7.3,175,Marsa Alam City,,3,Hotel,Deluxe Double Room with Balcony and Sea View,Yes,Breakfast included,,https://www.booking.com/hotel/eg/sea-view-house-marsa-alam.html?aid=304142&label=gen173nr-10CAQoggI46wdIMVgEaEOIAQGYATO4ARfIAQzYAQPoAQH4AQGIAgGoAgG4AurD_c8GwAIB0gIkMzI3NmZkNjYtOWJmNC00MDRiLWI1ZDEtZmM4OTAyOGNiMGJm2AIB4AIB&ucfs=1&arphpl=1&checkin=2026-06-01&checkout=2026-06-02&group_adults=2&req_adults=2&no_rooms=1&group_children=0&req_children=0&hpos=3&hapos=53&sr_order=popularity&srpvid=8fa5747529c8030c&srepoch=1778344439&all_sr_blocks=933062301_365402246_2_1_0&highlighted_blocks=933062301_365402246_2_1_0&matching_block_id=933062301_365402246_2_1_0&sr_pri_blocks=933062301_365402246_2_1_0__3500&from=searchresults,5/9/2026
Marsa Alam,Bedouin Valley Eco Resort,2667,EGP,2,0,1,8.1,89,Marsa Alam City,,,Resort,Deluxe Double Room with Balcony and Sea View,Yes,Breakfast & dinner included,,https://www.booking.com/hotel/eg/bedouin-valley-eco-resort-marsa-alam-city.html?aid=304142&label=gen173nr-10CAQoggI46wdIMVgEaEOIAQGYATO4ARfIAQzYAQPoAQH4AQGIAgGoAgG4AurD_c8GwAIB0gIkMzI3NmZkNjYtOWJmNC00MDRiLWI1ZDEtZmM4OTAyOGNiMGJm2AIB4AIB&ucfs=1&arphpl=1&checkin=2026-06-01&checkout=2026-06-02&group_adults=2&req_adults=2&no_rooms=1&group_children=0&req_children=0&hpos=4&hapos=54&sr_order=popularity&srpvid=8fa5747529c8030c&srepoch=1778344439&all_sr_blocks=827992301_347522201_0_17_0&highlighted_blocks=827992301_347522201_0_17_0&matching_block_id=827992301_347522201_0_17_0&sr_pri_blocks=827992301_347522201_0_17_0__5058&from=searchresults,5/9/2026
Marsa Alam,Concorde Moreen Beach Resort,6512,EGP,2,0,1,9,149,Abu Dabbab,,5,Resort,Superior Double or Twin Room with Garden View,Yes,All-inclusive,,https://www.booking.com/hotel/eg/concorde-moreen-beach-resort.html?aid=304142&label=gen173nr-10CAQoggI46wdIMVgEaEOIAQGYATO4ARfIAQzYAQPoAQH4AQGIAgGoAgG4AurD_c8GwAIB0gIkMzI3NmZkNjYtOWJmNC00MDRiLWI1ZDEtZmM4OTAyOGNiMGJm2AIB4AIB&ucfs=1&arphpl=1&checkin=2026-06-01&checkout=2026-06-02&group_adults=2&req_adults=2&no_rooms=1&group_children=0&req_children=0&hpos=5&hapos=55&sr_order=popularity&srpvid=8fa5747529c8030c&srepoch=1778344439&all_sr_blocks=39431701_362475577_2_85_0&highlighted_blocks=39431701_362475577_2_85_0&matching_block_id=39431701_362475577_2_85_0&sr_pri_blocks=39431701_362475577_2_85_0__12352&from=searchresults,5/9/2026
Marsa Alam,Beach safari nubian resort,5272,EGP,2,0,1,7.4,123,Marsa Alam City,,4,Resort,Double Room with Patio,Yes,All-inclusive,,https://www.booking.com/hotel/eg/beach-safari-nubian-resort-marsa-alam.html?aid=304142&label=gen173nr-10CAQoggI46wdIMVgEaEOIAQGYATO4ARfIAQzYAQPoAQH4AQGIAgGoAgG4AurD_c8GwAIB0gIkMzI3NmZkNjYtOWJmNC00MDRiLWI1ZDEtZmM4OTAyOGNiMGJm2AIB4AIB&ucfs=1&arphpl=1&checkin=2026-06-01&checkout=2026-06-02&group_adults=2&req_adults=2&no_rooms=1&group_children=0&req_children=0&hpos=6&hapos=56&sr_order=popularity&srpvid=8fa5747529c8030c&srepoch=1778344439&all_sr_blocks=916701601_386550305_2_85_0&highlighted_blocks=916701601_386550305_2_85_0&matching_block_id=916701601_386550305_2_85_0&sr_pri_blocks=916701601_386550305_2_85_0__10000&from=searchresults,5/9/2026
Marsa Alam,"Pickalbatros Sea World Resort - Marsa Alam- ""Aqua Park""",9545,EGP,2,0,1,9.4,682,Quseir,,5,Resort,Deluxe Twin Room,Yes,All-inclusive,,https://www.booking.com/hotel/eg/albatros-sea-world-marsa-alam-marsa-alam12345.html?aid=304142&label=gen173nr-10CAQoggI46wdIMVgEaEOIAQGYATO4ARfIAQzYAQPoAQH4AQGIAgGoAgG4AurD_c8GwAIB0gIkMzI3NmZkNjYtOWJmNC00MDRiLWI1ZDEtZmM4OTAyOGNiMGJm2AIB4AIB&ucfs=1&arphpl=1&checkin=2026-06-01&checkout=2026-06-02&group_adults=2&req_adults=2&no_rooms=1&group_children=0&req_children=0&hpos=7&hapos=57&sr_order=popularity&srpvid=8fa5747529c8030c&srepoch=1778344439&all_sr_blocks=351637501_410102524_2_85_0_223916&highlighted_blocks=351637501_410102524_2_85_0_223916&matching_block_id=351637501_410102524_2_85_0_223916&sr_pri_blocks=351637501_410102524_2_85_0_223916_18106&from=searchresults,5/9/2026
Marsa Alam,Cozy studio with a view in port ghalib,1898,EGP,2,0,1,8.4,15,Marsa Alam,,,Apartment,One-Bedroom Apartment,No,,,https://www.booking.com/hotel/eg/cozy-studio-with-a-view-in-port-ghalib.html?aid=304142&label=gen173nr-10CAQoggI46wdIMVgEaEOIAQGYATO4ARfIAQzYAQPoAQH4AQGIAgGoAgG4AurD_c8GwAIB0gIkMzI3NmZkNjYtOWJmNC00MDRiLWI1ZDEtZmM4OTAyOGNiMGJm2AIB4AIB&ucfs=1&arphpl=1&checkin=2026-06-01&checkout=2026-06-02&group_adults=2&req_adults=2&no_rooms=1&group_children=0&req_children=0&hpos=8&hapos=58&sr_order=popularity&srpvid=8fa5747529c8030c&srepoch=1778344439&all_sr_blocks=1324127001_405062896_3_0_0&highlighted_blocks=1324127001_405062896_3_0_0&matching_block_id=1324127001_405062896_3_0_0&sr_pri_blocks=1324127001_405062896_3_0_0__3600&from=searchresults,5/9/2026
Marsa Alam,La Casa Budget,1898,EGP,2,0,1,9,55,Marsa Alam City,,,Hotel,Double Room with Shared Bathroom,Yes,Breakfast included,,https://www.booking.com/hotel/eg/la-casa-budget.html?aid=304142&label=gen173nr-10CAQoggI46wdIMVgEaEOIAQGYATO4ARfIAQzYAQPoAQH4AQGIAgGoAgG4AurD_c8GwAIB0gIkMzI3NmZkNjYtOWJmNC00MDRiLWI1ZDEtZmM4OTAyOGNiMGJm2AIB4AIB&ucfs=1&arphpl=1&checkin=2026-06-01&checkout=2026-06-02&group_adults=2&req_adults=2&no_rooms=1&group_children=0&req_children=0&hpos=9&hapos=59&sr_order=popularity&srpvid=8fa5747529c8030c&srepoch=1778344439&all_sr_blocks=1154569401_388257211_2_1_0&highlighted_blocks=1154569401_388257211_2_1_0&matching_block_id=1154569401_388257211_2_1_0&sr_pri_blocks=1154569401_388257211_2_1_0__3600&from=searchresults,5/9/2026
Marsa Alam,Pickalbatros The Palace Port Ghalib,9725,EGP,2,0,1,9.3,1147,Port Ghalib,,5,Hotel,Special Offer - Deluxe Double Room - Egyptians and Residents Only,Yes,All-inclusive,,https://www.booking.com/hotel/eg/intercontinental-the-palace-port-ghalib-resort.html?aid=304142&label=gen173nr-10CAQoggI46wdIMVgEaEOIAQGYATO4ARfIAQzYAQPoAQH4AQGIAgGoAgG4AurD_c8GwAIB0gIkMzI3NmZkNjYtOWJmNC00MDRiLWI1ZDEtZmM4OTAyOGNiMGJm2AIB4AIB&ucfs=1&arphpl=1&checkin=2026-06-01&checkout=2026-06-02&group_adults=2&req_adults=2&no_rooms=1&group_children=0&req_children=0&hpos=10&hapos=60&sr_order=popularity&srpvid=8fa5747529c8030c&srepoch=1778344439&all_sr_blocks=24672717_410102606_2_85_0_241170&highlighted_blocks=24672717_410102606_2_85_0_241170&matching_block_id=24672717_410102606_2_85_0_241170&sr_pri_blocks=24672717_410102606_2_85_0_241170_18447&from_sustainable_property_sr=1&from=searchresults,5/9/2026
Marsa Alam,Wadi Sabarah Lodge,5939,EGP,2,0,1,9.3,884,Marsa Alam City,,,Hotel,Standard King Room,Yes,Breakfast included,,https://www.booking.com/hotel/eg/sabarah-lodge.html?aid=304142&label=gen173nr-10CAQoggI46wdIMVgEaEOIAQGYATO4ARfIAQzYAQPoAQH4AQGIAgGoAgG4AurD_c8GwAIB0gIkMzI3NmZkNjYtOWJmNC00MDRiLWI1ZDEtZmM4OTAyOGNiMGJm2AIB4AIB&ucfs=1&arphpl=1&checkin=2026-06-01&checkout=2026-06-02&group_adults=2&req_adults=2&no_rooms=1&group_children=0&req_children=0&hpos=11&hapos=61&sr_order=popularity&srpvid=8fa5747529c8030c&srepoch=1778344439&all_sr_blocks=883860118_372103769_2_1_0&highlighted_blocks=883860118_372103769_2_1_0&matching_block_id=883860118_372103769_2_1_0&sr_pri_blocks=883860118_372103769_2_1_0__11266&from=searchresults,5/9/2026
Marsa Alam,Pickalbatros Sands Port Ghalib,8093,EGP,2,0,1,9.1,708,Port Ghalib,,5,Hotel,Deluxe Double or Twin Room,No,All-inclusive,,https://www.booking.com/hotel/eg/sands-port-ghalib.html?aid=304142&label=gen173nr-10CAQoggI46wdIMVgEaEOIAQGYATO4ARfIAQzYAQPoAQH4AQGIAgGoAgG4AurD_c8GwAIB0gIkMzI3NmZkNjYtOWJmNC00MDRiLWI1ZDEtZmM4OTAyOGNiMGJm2AIB4AIB&ucfs=1&arphpl=1&checkin=2026-06-01&checkout=2026-06-02&group_adults=2&req_adults=2&no_rooms=1&group_children=0&req_children=0&hpos=12&hapos=62&sr_order=popularity&srpvid=8fa5747529c8030c&srepoch=1778344439&all_sr_blocks=830459801_0_2_84_0&highlighted_blocks=830459801_0_2_84_0&matching_block_id=830459801_0_2_84_0&sr_pri_blocks=830459801_0_2_84_0__15350&from=searchresults,5/9/2026
Marsa Alam,Blue Vision Diving Hotel,2109,EGP,2,0,1,8.5,99,Marsa Alam City,,3,Hotel,Double or Twin Room,No,,,https://www.booking.com/hotel/eg/blue-vision.html?aid=304142&label=gen173nr-10CAQoggI46wdIMVgEaEOIAQGYATO4ARfIAQzYAQPoAQH4AQGIAgGoAgG4AurD_c8GwAIB0gIkMzI3NmZkNjYtOWJmNC00MDRiLWI1ZDEtZmM4OTAyOGNiMGJm2AIB4AIB&ucfs=1&arphpl=1&checkin=2026-06-01&checkout=2026-06-02&group_adults=2&req_adults=2&no_rooms=1&group_children=0&req_children=0&hpos=13&hapos=63&sr_order=popularity&srpvid=8fa5747529c8030c&srepoch=1778344439&all_sr_blocks=117052901_97932851_2_0_0&highlighted_blocks=117052901_97932851_2_0_0&matching_block_id=117052901_97932851_2_0_0&sr_pri_blocks=117052901_97932851_2_0_0__4000&from=searchresults,5/9/2026
Marsa Alam,Silver Beach Boutique Hotel,3411,EGP,2,0,1,9.1,125,Quseir,,3,Hotel,Deluxe Twin Room,No,Breakfast included,,https://www.booking.com/hotel/eg/silver-beach-el-quseir.html?aid=304142&label=gen173nr-10CAQoggI46wdIMVgEaEOIAQGYATO4ARfIAQzYAQPoAQH4AQGIAgGoAgG4AurD_c8GwAIB0gIkMzI3NmZkNjYtOWJmNC00MDRiLWI1ZDEtZmM4OTAyOGNiMGJm2AIB4AIB&ucfs=1&arphpl=1&checkin=2026-06-01&checkout=2026-06-02&group_adults=2&req_adults=2&no_rooms=1&group_children=0&req_children=0&hpos=14&hapos=64&sr_order=popularity&srpvid=8fa5747529c8030c&srepoch=1778344439&all_sr_blocks=304232807_0_2_1_0&highlighted_blocks=304232807_0_2_1_0&matching_block_id=304232807_0_2_1_0&sr_pri_blocks=304232807_0_2_1_0__6470&from=searchresults,5/9/2026
Marsa Alam,Mangrove Bay Resort,4323,EGP,2,0,1,7.7,96,Quseir,,3,Resort,Bungalow,No,All meals included,,https://www.booking.com/hotel/eg/mangrove-bay-resort.html?aid=304142&label=gen173nr-10CAQoggI46wdIMVgEaEOIAQGYATO4ARfIAQzYAQPoAQH4AQGIAgGoAgG4AurD_c8GwAIB0gIkMzI3NmZkNjYtOWJmNC00MDRiLWI1ZDEtZmM4OTAyOGNiMGJm2AIB4AIB&ucfs=1&arphpl=1&checkin=2026-06-01&checkout=2026-06-02&group_adults=2&req_adults=2&no_rooms=1&group_children=0&req_children=0&hpos=15&hapos=65&sr_order=popularity&srpvid=8fa5747529c8030c&srepoch=1778344439&all_sr_blocks=263220007_105281269_2_21_0_1224147&highlighted_blocks=263220007_105281269_2_21_0_1224147&matching_block_id=263220007_105281269_2_21_0_1224147&sr_pri_blocks=263220007_105281269_2_21_0_1224147_8200&from=searchresults,5/9/2026
Marsa Alam,Royal Brayka Beach Resort,5799,EGP,2,0,1,8.7,98,Abu Dabbab,,4,Resort,Standard Double or Twin Room,Yes,All-inclusive,,https://www.booking.com/hotel/eg/royal-brayka-beach-resort.html?aid=304142&label=gen173nr-10CAQoggI46wdIMVgEaEOIAQGYATO4ARfIAQzYAQPoAQH4AQGIAgGoAgG4AurD_c8GwAIB0gIkMzI3NmZkNjYtOWJmNC00MDRiLWI1ZDEtZmM4OTAyOGNiMGJm2AIB4AIB&ucfs=1&arphpl=1&checkin=2026-06-01&checkout=2026-06-02&group_adults=2&req_adults=2&no_rooms=1&group_children=0&req_children=0&hpos=16&hapos=66&sr_order=popularity&srpvid=8fa5747529c8030c&srepoch=1778344439&all_sr_blocks=44118401_204725367_2_85_0&highlighted_blocks=44118401_204725367_2_85_0&matching_block_id=44118401_204725367_2_85_0&sr_pri_blocks=44118401_204725367_2_85_0__11000&from=searchresults,5/9/2026
Marsa Alam,Guest house science W 1,1613,EGP,2,0,1,9.1,39,Marsa Alam City,,4,Apartment,One-Bedroom Apartment,Yes,,,https://www.booking.com/hotel/eg/guest-house-science-w-1.html?aid=304142&label=gen173nr-10CAQoggI46wdIMVgEaEOIAQGYATO4ARfIAQzYAQPoAQH4AQGIAgGoAgG4AurD_c8GwAIB0gIkMzI3NmZkNjYtOWJmNC00MDRiLWI1ZDEtZmM4OTAyOGNiMGJm2AIB4AIB&ucfs=1&arphpl=1&checkin=2026-06-01&checkout=2026-06-02&group_adults=2&req_adults=2&no_rooms=1&group_children=0&req_children=0&hpos=17&hapos=67&sr_order=popularity&srpvid=8fa5747529c8030c&srepoch=1778344439&all_sr_blocks=1312069301_403982168_2_0_0&highlighted_blocks=1312069301_403982168_2_0_0&matching_block_id=1312069301_403982168_2_0_0&sr_pri_blocks=1312069301_403982168_2_0_0__3060&from=searchresults,5/9/2026
Marsa Alam,Shoni Bay Resort,6480,EGP,2,0,1,8.3,3,Marsa Alam City,,,Resort,Chalet Sea view,No,All-inclusive,,https://www.booking.com/hotel/eg/shoni-bay-resort-marsa-alam.html?aid=304142&label=gen173nr-10CAQoggI46wdIMVgEaEOIAQGYATO4ARfIAQzYAQPoAQH4AQGIAgGoAgG4AurD_c8GwAIB0gIkMzI3NmZkNjYtOWJmNC00MDRiLWI1ZDEtZmM4OTAyOGNiMGJm2AIB4AIB&ucfs=1&arphpl=1&checkin=2026-06-01&checkout=2026-06-02&group_adults=2&req_adults=2&no_rooms=1&group_children=0&req_children=0&hpos=18&hapos=68&sr_order=popularity&srpvid=8fa5747529c8030c&srepoch=1778344439&all_sr_blocks=1548929702_426209903_2_85_0&highlighted_blocks=1548929702_426209903_2_85_0&matching_block_id=1548929702_426209903_2_85_0&sr_pri_blocks=1548929702_426209903_2_85_0__12292&from=searchresults,5/9/2026
Marsa Alam,Coral Hills Resort & SPA,3585,EGP,2,0,1,6.6,236,Quseir,,4,Resort,Double or Twin Room with Sea View,No,All-inclusive,,https://www.booking.com/hotel/eg/coral-hills-resort-marsa-alam.html?aid=304142&label=gen173nr-10CAQoggI46wdIMVgEaEOIAQGYATO4ARfIAQzYAQPoAQH4AQGIAgGoAgG4AurD_c8GwAIB0gIkMzI3NmZkNjYtOWJmNC00MDRiLWI1ZDEtZmM4OTAyOGNiMGJm2AIB4AIB&ucfs=1&arphpl=1&checkin=2026-06-01&checkout=2026-06-02&group_adults=2&req_adults=2&no_rooms=1&group_children=0&req_children=0&hpos=19&hapos=69&sr_order=popularity&srpvid=8fa5747529c8030c&srepoch=1778344439&all_sr_blocks=44061001_165892561_0_85_0_746245&highlighted_blocks=44061001_165892561_0_85_0_746245&matching_block_id=44061001_165892561_0_85_0_746245&sr_pri_blocks=44061001_165892561_0_85_0_746245_6800&from=searchresults,5/9/2026
Marsa Alam,JAZ Neo Reef Marsa,11356,EGP,2,0,1,9.2,415,Coraya Bay,,4,Hotel,"Standard, King or Twin Bed, Pool View",Yes,All-inclusive,,https://www.booking.com/hotel/eg/resta-reef-resort.html?aid=304142&label=gen173nr-10CAQoggI46wdIMVgEaEOIAQGYATO4ARfIAQzYAQPoAQH4AQGIAgGoAgG4AurD_c8GwAIB0gIkMzI3NmZkNjYtOWJmNC00MDRiLWI1ZDEtZmM4OTAyOGNiMGJm2AIB4AIB&ucfs=1&arphpl=1&checkin=2026-06-01&checkout=2026-06-02&group_adults=2&req_adults=2&no_rooms=1&group_children=0&req_children=0&hpos=20&hapos=70&sr_order=popularity&srpvid=8fa5747529c8030c&srepoch=1778344439&all_sr_blocks=4914511_422490348_2_85_0_262676&highlighted_blocks=4914511_422490348_2_85_0_262676&matching_block_id=4914511_422490348_2_85_0_262676&sr_pri_blocks=4914511_422490348_2_85_0_262676_21541&from=searchresults,5/9/2026
Marsa Alam,Pickalbatros Villaggio Aqua Park - Portofino Marsa Alam,9545,EGP,2,0,1,9.7,1895,Marsa Alam City,,4,Villa,Deluxe Double or Twin Room with Garden View,Yes,All-inclusive,,https://www.booking.com/hotel/eg/portofino-villaggio-resort.html?aid=304142&label=gen173nr-10CAQoggI46wdIMVgEaEOIAQGYATO4ARfIAQzYAQPoAQH4AQGIAgGoAgG4AurD_c8GwAIB0gIkMzI3NmZkNjYtOWJmNC00MDRiLWI1ZDEtZmM4OTAyOGNiMGJm2AIB4AIB&ucfs=1&arphpl=1&checkin=2026-06-01&checkout=2026-06-02&group_adults=2&req_adults=2&no_rooms=1&group_children=0&req_children=0&hpos=21&hapos=71&sr_order=popularity&srpvid=8fa5747529c8030c&srepoch=1778344439&all_sr_blocks=972762801_410102787_2_85_0_239257&highlighted_blocks=972762801_410102787_2_85_0_239257&matching_block_id=972762801_410102787_2_85_0_239257&sr_pri_blocks=972762801_410102787_2_85_0_239257_18106&from_sustainable_property_sr=1&from=searchresults,5/9/2026
Marsa Alam,Rock House,949,EGP,2,0,1,10,2,Marsa Alam City,,4,Apartment,One-Bedroom Apartment,No,,,https://www.booking.com/hotel/eg/rock-house.html?aid=304142&label=gen173nr-10CAQoggI46wdIMVgEaEOIAQGYATO4ARfIAQzYAQPoAQH4AQGIAgGoAgG4AurD_c8GwAIB0gIkMzI3NmZkNjYtOWJmNC00MDRiLWI1ZDEtZmM4OTAyOGNiMGJm2AIB4AIB&ucfs=1&arphpl=1&checkin=2026-06-01&checkout=2026-06-02&group_adults=2&req_adults=2&no_rooms=1&group_children=0&req_children=0&hpos=22&hapos=72&sr_order=popularity&srpvid=8fa5747529c8030c&srepoch=1778344439&all_sr_blocks=1536768801_425150311_3_2_0&highlighted_blocks=1536768801_425150311_3_2_0&matching_block_id=1536768801_425150311_3_2_0&sr_pri_blocks=1536768801_425150311_3_2_0__1800&from=searchresults,5/9/2026
Marsa Alam,النزهه,896,EGP,2,0,1,10,1,Quseir,,,Apartment,Three-Bedroom Premium Apartment,Yes,,,https://www.booking.com/hotel/eg/lnzhh-lqsyr.html?aid=304142&label=gen173nr-10CAQoggI46wdIMVgEaEOIAQGYATO4ARfIAQzYAQPoAQH4AQGIAgGoAgG4AurD_c8GwAIB0gIkMzI3NmZkNjYtOWJmNC00MDRiLWI1ZDEtZmM4OTAyOGNiMGJm2AIB4AIB&ucfs=1&arphpl=1&checkin=2026-06-01&checkout=2026-06-02&group_adults=2&req_adults=2&no_rooms=1&group_children=0&req_children=0&hpos=23&hapos=73&sr_order=popularity&srpvid=8fa5747529c8030c&srepoch=1778344439&all_sr_blocks=1618791101_432706788_2_0_0&highlighted_blocks=1618791101_432706788_2_0_0&matching_block_id=1618791101_432706788_2_0_0&sr_pri_blocks=1618791101_432706788_2_0_0__1700&from=searchresults,5/9/2026
Marsa Alam,Brayka Bay Reef Resort,6643,EGP,2,0,1,8.7,83,Abu Dabbab,,4,Resort,Standard Double or Twin Room,Yes,All-inclusive,,https://www.booking.com/hotel/eg/brayka-bay-beach-resort.html?aid=304142&label=gen173nr-10CAQoggI46wdIMVgEaEOIAQGYATO4ARfIAQzYAQPoAQH4AQGIAgGoAgG4AurD_c8GwAIB0gIkMzI3NmZkNjYtOWJmNC00MDRiLWI1ZDEtZmM4OTAyOGNiMGJm2AIB4AIB&ucfs=1&arphpl=1&checkin=2026-06-01&checkout=2026-06-02&group_adults=2&req_adults=2&no_rooms=1&group_children=0&req_children=0&hpos=24&hapos=74&sr_order=popularity&srpvid=8fa5747529c8030c&srepoch=1778344439&all_sr_blocks=44133801_330980753_2_85_0&highlighted_blocks=44133801_330980753_2_85_0&matching_block_id=44133801_330980753_2_85_0&sr_pri_blocks=44133801_330980753_2_85_0__12600&from=searchresults,5/9/2026
Marsa Alam,Bliss Nada Beach Resort,2313,EGP,2,0,1,8.2,10,Coraya Bay,,4,Resort,Double or Twin Room with Sea View,No,,,https://www.booking.com/hotel/eg/bliss-nada-beach-resort.html?aid=304142&label=gen173nr-10CAQoggI46wdIMVgEaEOIAQGYATO4ARfIAQzYAQPoAQH4AQGIAgGoAgG4AurD_c8GwAIB0gIkMzI3NmZkNjYtOWJmNC00MDRiLWI1ZDEtZmM4OTAyOGNiMGJm2AIB4AIB&ucfs=1&arphpl=1&checkin=2026-06-01&checkout=2026-06-02&group_adults=2&req_adults=2&no_rooms=1&group_children=0&req_children=0&hpos=25&hapos=75&sr_order=popularity&srpvid=8fa5747529c8030c&srepoch=1778344439&all_sr_blocks=0_0_2_0_0&highlighted_blocks=0_0_2_0_0&matching_block_id=0_0_2_0_0&sr_pri_blocks=0_0_2_0_0__4387&from=searchresults,5/9/2026
Siwa Oasis,Gazrashek Siwa Hot spring& trips Haven,1213,EGP,2,0,1,9.3,128,Siwa,5 km from downtown,,Hotel,Double Room with Private Bathroom,Yes,Breakfast included,"Hot tub/Jacuzzi, Heated pool, Free parking",https://www.booking.com/hotel/eg/gazrashek-siwa-oasis.html?aid=304142&label=gen173nr-10CAQoggI46wdIMVgEaEOIAQGYATO4ARfIAQzYAQPoAQH4AQGIAgGoAgG4AsDE_c8GwAIB0gIkOGM3ZTExOGUtMzBhNS00MzI4LWJiYjAtNzBlNjE3MjJlYWQw2AIB4AIB&ucfs=1&arphpl=1&checkin=2026-06-01&checkout=2026-06-02&group_adults=2&req_adults=2&no_rooms=1&group_children=0&req_children=0&hpos=1&hapos=1&sr_order=popularity&srpvid=bc6274a01c2f0c54&srepoch=1778344539&all_sr_blocks=1085852706_432675383_2_41_0&highlighted_blocks=1085852706_432675383_2_41_0&matching_block_id=1085852706_432675383_2_41_0&sr_pri_blocks=1085852706_432675383_2_41_0__2300&from=searchresults,5/9/2026
Siwa Oasis,Seliyaa Siwa Inn Hotel,1160,EGP,2,0,1,8.5,87,Siwa,1.7 km from downtown,,Inn,Bungalow with Garden View,Yes,Breakfast included,"Restaurant, Free Wifi, 24-hour front desk",https://www.booking.com/hotel/eg/fndq-syly.html?aid=304142&label=gen173nr-10CAQoggI46wdIMVgEaEOIAQGYATO4ARfIAQzYAQPoAQH4AQGIAgGoAgG4AsDE_c8GwAIB0gIkOGM3ZTExOGUtMzBhNS00MzI4LWJiYjAtNzBlNjE3MjJlYWQw2AIB4AIB&ucfs=1&arphpl=1&checkin=2026-06-01&checkout=2026-06-02&group_adults=2&req_adults=2&no_rooms=1&group_children=0&req_children=0&hpos=2&hapos=2&sr_order=popularity&srpvid=bc6274a01c2f0c54&srepoch=1778344539&all_sr_blocks=807431614_343999551_2_1_0&highlighted_blocks=807431614_343999551_2_1_0&matching_block_id=807431614_343999551_2_1_0&sr_pri_blocks=807431614_343999551_2_1_0__2200&from=searchresults,5/9/2026
Siwa Oasis,NaInshal Siwa,1568,EGP,2,0,1,9.1,260,Siwa,150 m from downtown,,Hotel,Double or Twin Room,Yes,Breakfast included,Free Wifi,https://www.booking.com/hotel/eg/nainshal-siwa.html?aid=304142&label=gen173nr-10CAQoggI46wdIMVgEaEOIAQGYATO4ARfIAQzYAQPoAQH4AQGIAgGoAgG4AsDE_c8GwAIB0gIkOGM3ZTExOGUtMzBhNS00MzI4LWJiYjAtNzBlNjE3MjJlYWQw2AIB4AIB&ucfs=1&arphpl=1&checkin=2026-06-01&checkout=2026-06-02&group_adults=2&req_adults=2&no_rooms=1&group_children=0&req_children=0&hpos=3&hapos=3&sr_order=popularity&srpvid=bc6274a01c2f0c54&srepoch=1778344539&all_sr_blocks=846918303_406203335_2_1_0_715914&highlighted_blocks=846918303_406203335_2_1_0_715914&matching_block_id=846918303_406203335_2_1_0_715914&sr_pri_blocks=846918303_406203335_2_1_0_715914_2975&from=searchresults,5/9/2026
Siwa Oasis,Siwa Gardenia Cottage,2135,EGP,2,0,1,,,Siwa,450 m from downtown,,Hotel,Triple Room,Yes,Breakfast included,"Free parking, Bar, Restaurant",https://www.booking.com/hotel/eg/siwa-gardenia-cottage-sywh1.html?aid=304142&label=gen173nr-10CAQoggI46wdIMVgEaEOIAQGYATO4ARfIAQzYAQPoAQH4AQGIAgGoAgG4AsDE_c8GwAIB0gIkOGM3ZTExOGUtMzBhNS00MzI4LWJiYjAtNzBlNjE3MjJlYWQw2AIB4AIB&ucfs=1&arphpl=1&checkin=2026-06-01&checkout=2026-06-02&group_adults=2&req_adults=2&no_rooms=1&group_children=0&req_children=0&hpos=4&hapos=4&sr_order=popularity&srpvid=bc6274a01c2f0c54&srepoch=1778344539&all_sr_blocks=1636717001_434041506_2_1_0&highlighted_blocks=1636717001_434041506_2_1_0&matching_block_id=1636717001_434041506_2_1_0&sr_pri_blocks=1636717001_434041506_2_1_0__4050&from=searchresults,5/9/2026
Siwa Oasis,Al-Manara Hostel Siwa Oasis,1075,EGP,2,0,1,8.8,255,Siwa,400 m from downtown,,Hostel,Economy Double or Twin Room,Yes,Breakfast included,"Free parking, Free Wifi",https://www.booking.com/hotel/eg/al-manara-hostel-siwa-oasis-syw.html?aid=304142&label=gen173nr-10CAQoggI46wdIMVgEaEOIAQGYATO4ARfIAQzYAQPoAQH4AQGIAgGoAgG4AsDE_c8GwAIB0gIkOGM3ZTExOGUtMzBhNS00MzI4LWJiYjAtNzBlNjE3MjJlYWQw2AIB4AIB&ucfs=1&arphpl=1&checkin=2026-06-01&checkout=2026-06-02&group_adults=2&req_adults=2&no_rooms=1&group_children=0&req_children=0&hpos=5&hapos=5&sr_order=popularity&srpvid=bc6274a01c2f0c54&srepoch=1778344539&all_sr_blocks=945510104_369849737_2_1_0&highlighted_blocks=945510104_369849737_2_1_0&matching_block_id=945510104_369849737_2_1_0&sr_pri_blocks=945510104_369849737_2_1_0__2040&from=searchresults,5/9/2026
Siwa Oasis,WAFLA,2636,EGP,2,0,1,9.8,100,Siwa,2.5 km from downtown,3,Hotel,One-Bedroom House,Yes,Breakfast included,"Free parking, Free Wifi",https://www.booking.com/hotel/eg/wafla.html?aid=304142&label=gen173nr-10CAQoggI46wdIMVgEaEOIAQGYATO4ARfIAQzYAQPoAQH4AQGIAgGoAgG4AsDE_c8GwAIB0gIkOGM3ZTExOGUtMzBhNS00MzI4LWJiYjAtNzBlNjE3MjJlYWQw2AIB4AIB&ucfs=1&arphpl=1&checkin=2026-06-01&checkout=2026-06-02&group_adults=2&req_adults=2&no_rooms=1&group_children=0&req_children=0&hpos=6&hapos=6&sr_order=popularity&srpvid=bc6274a01c2f0c54&srepoch=1778344539&all_sr_blocks=1133551401_386007341_2_1_0&highlighted_blocks=1133551401_386007341_2_1_0&matching_block_id=1133551401_386007341_2_1_0&sr_pri_blocks=1133551401_386007341_2_1_0__5000&from=searchresults,5/9/2026
Siwa Oasis,Siwa Shali Resort,3427,EGP,2,0,1,7.9,112,Siwa,4.2 km from downtown,3,Resort,Standard Twin Room,Yes,Breakfast included,"Heated pool, Free parking, Spa",https://www.booking.com/hotel/eg/siwa-shali-resort.html?aid=304142&label=gen173nr-10CAQoggI46wdIMVgEaEOIAQGYATO4ARfIAQzYAQPoAQH4AQGIAgGoAgG4AsDE_c8GwAIB0gIkOGM3ZTExOGUtMzBhNS00MzI4LWJiYjAtNzBlNjE3MjJlYWQw2AIB4AIB&ucfs=1&arphpl=1&checkin=2026-06-01&checkout=2026-06-02&group_adults=2&req_adults=2&no_rooms=1&group_children=0&req_children=0&hpos=7&hapos=7&sr_order=popularity&srpvid=bc6274a01c2f0c54&srepoch=1778344539&all_sr_blocks=42047101_234664906_0_41_0&highlighted_blocks=42047101_234664906_0_41_0&matching_block_id=42047101_234664906_0_41_0&sr_pri_blocks=42047101_234664906_0_41_0__6500&from=searchresults,5/9/2026
Siwa Oasis,Hotel Talid,2894,EGP,2,0,1,8.9,93,Siwa,350 m from downtown,3,Hotel,Double Room,No,Breakfast included,"Free parking, Restaurant, Free Wifi",https://www.booking.com/hotel/eg/talid.html?aid=304142&label=gen173nr-10CAQoggI46wdIMVgEaEOIAQGYATO4ARfIAQzYAQPoAQH4AQGIAgGoAgG4AsDE_c8GwAIB0gIkOGM3ZTExOGUtMzBhNS00MzI4LWJiYjAtNzBlNjE3MjJlYWQw2AIB4AIB&ucfs=1&arphpl=1&checkin=2026-06-01&checkout=2026-06-02&group_adults=2&req_adults=2&no_rooms=1&group_children=0&req_children=0&hpos=8&hapos=8&sr_order=popularity&srpvid=bc6274a01c2f0c54&srepoch=1778344539&all_sr_blocks=1383639704_410422428_2_1_0&highlighted_blocks=1383639704_410422428_2_1_0&matching_block_id=1383639704_410422428_2_1_0&sr_pri_blocks=1383639704_410422428_2_1_0__5490&from=searchresults,5/9/2026
Siwa Oasis,Tanirt ecolodge,3163,EGP,2,0,1,9.6,64,Siwa,11.4 km from downtown,5,Hotel,Double Room with Terrace,No,Breakfast included,"Free parking, Bar, Restaurant",https://www.booking.com/hotel/eg/tnyrt-ykwlwdj.html?aid=304142&label=gen173nr-10CAQoggI46wdIMVgEaEOIAQGYATO4ARfIAQzYAQPoAQH4AQGIAgGoAgG4AsDE_c8GwAIB0gIkOGM3ZTExOGUtMzBhNS00MzI4LWJiYjAtNzBlNjE3MjJlYWQw2AIB4AIB&ucfs=1&arphpl=1&checkin=2026-06-01&checkout=2026-06-02&group_adults=2&req_adults=2&no_rooms=1&group_children=0&req_children=0&hpos=9&hapos=9&sr_order=popularity&srpvid=bc6274a01c2f0c54&srepoch=1778344539&all_sr_blocks=984679201_370876490_2_41_0_756939&highlighted_blocks=984679201_370876490_2_41_0_756939&matching_block_id=984679201_370876490_2_41_0_756939&sr_pri_blocks=984679201_370876490_2_41_0_756939_6000&from=searchresults,5/9/2026
Siwa Oasis,Addas Home,791,EGP,2,0,1,8.2,156,Siwa,0.7 km from downtown,3,Apartment,One-Bedroom Apartment,Yes,,"Bar, Restaurant, Free Wifi",https://www.booking.com/hotel/eg/addas-home-sywh.html?aid=304142&label=gen173nr-10CAQoggI46wdIMVgEaEOIAQGYATO4ARfIAQzYAQPoAQH4AQGIAgGoAgG4AsDE_c8GwAIB0gIkOGM3ZTExOGUtMzBhNS00MzI4LWJiYjAtNzBlNjE3MjJlYWQw2AIB4AIB&ucfs=1&arphpl=1&checkin=2026-06-01&checkout=2026-06-02&group_adults=2&req_adults=2&no_rooms=1&group_children=0&req_children=0&hpos=10&hapos=10&sr_order=popularity&srpvid=bc6274a01c2f0c54&srepoch=1778344539&all_sr_blocks=993519201_372292552_3_42_0&highlighted_blocks=993519201_372292552_3_42_0&matching_block_id=993519201_372292552_3_42_0&sr_pri_blocks=993519201_372292552_3_42_0__1500&from=searchresults,5/9/2026
Siwa Oasis,Siwa Salt Lake Lodge,2812,EGP,2,0,1,8.7,64,Siwa,6.9 km from downtown,,Hotel,Standard Double or Twin Room with Garden View,Yes,Breakfast included,"Heated pool, Free parking, Free Wifi",https://www.booking.com/hotel/eg/siwa-salt-lake-lodge.html?aid=304142&label=gen173nr-10CAQoggI46wdIMVgEaEOIAQGYATO4ARfIAQzYAQPoAQH4AQGIAgGoAgG4AsDE_c8GwAIB0gIkOGM3ZTExOGUtMzBhNS00MzI4LWJiYjAtNzBlNjE3MjJlYWQw2AIB4AIB&ucfs=1&arphpl=1&checkin=2026-06-01&checkout=2026-06-02&group_adults=2&req_adults=2&no_rooms=1&group_children=0&req_children=0&hpos=11&hapos=11&sr_order=popularity&srpvid=bc6274a01c2f0c54&srepoch=1778344539&all_sr_blocks=1325827403_409840918_2_1_0&highlighted_blocks=1325827403_409840918_2_1_0&matching_block_id=1325827403_409840918_2_1_0&sr_pri_blocks=1325827403_409840918_2_1_0__5333&from=searchresults,5/9/2026
Siwa Oasis,Olive Garden House Siwa,1344,EGP,2,0,1,9.2,227,Siwa,2.1 km from downtown,,Hotel,Double or Twin Room,Yes,Breakfast included,"Free parking, Restaurant, Free Wifi",https://www.booking.com/hotel/eg/olive-garden-house-siwa.html?aid=304142&label=gen173nr-10CAQoggI46wdIMVgEaEOIAQGYATO4ARfIAQzYAQPoAQH4AQGIAgGoAgG4AsDE_c8GwAIB0gIkOGM3ZTExOGUtMzBhNS00MzI4LWJiYjAtNzBlNjE3MjJlYWQw2AIB4AIB&ucfs=1&arphpl=1&checkin=2026-06-01&checkout=2026-06-02&group_adults=2&req_adults=2&no_rooms=1&group_children=0&req_children=0&hpos=12&hapos=12&sr_order=popularity&srpvid=bc6274a01c2f0c54&srepoch=1778344539&all_sr_blocks=780408105_406203403_2_33_0_715912&highlighted_blocks=780408105_406203403_2_33_0_715912&matching_block_id=780408105_406203403_2_33_0_715912&sr_pri_blocks=780408105_406203403_2_33_0_715912_2550&from=searchresults,5/9/2026
Siwa Oasis,Baben Home,1281,EGP,2,0,1,8.8,97,Siwa,0.7 km from downtown,,Hotel,Double Room with Balcony,Yes,Breakfast included,"Free parking, Free Wifi",https://www.booking.com/hotel/eg/baben-home.html?aid=304142&label=gen173nr-10CAQoggI46wdIMVgEaEOIAQGYATO4ARfIAQzYAQPoAQH4AQGIAgGoAgG4AsDE_c8GwAIB0gIkOGM3ZTExOGUtMzBhNS00MzI4LWJiYjAtNzBlNjE3MjJlYWQw2AIB4AIB&ucfs=1&arphpl=1&checkin=2026-06-01&checkout=2026-06-02&group_adults=2&req_adults=2&no_rooms=1&group_children=0&req_children=0&hpos=13&hapos=13&sr_order=popularity&srpvid=bc6274a01c2f0c54&srepoch=1778344539&all_sr_blocks=909076003_366427429_2_1_0&highlighted_blocks=909076003_366427429_2_1_0&matching_block_id=909076003_366427429_2_1_0&sr_pri_blocks=909076003_366427429_2_1_0__2430&from=searchresults,5/9/2026
Siwa Oasis,Nour El Waha Hotel,1845,EGP,2,0,1,8.5,20,Siwa,0.6 km from downtown,3,Hotel,Standard Double or Twin Room,Yes,Breakfast included,"Free parking, Bar, Restaurant",https://www.booking.com/hotel/eg/nour-el-waha.html?aid=304142&label=gen173nr-10CAQoggI46wdIMVgEaEOIAQGYATO4ARfIAQzYAQPoAQH4AQGIAgGoAgG4AsDE_c8GwAIB0gIkOGM3ZTExOGUtMzBhNS00MzI4LWJiYjAtNzBlNjE3MjJlYWQw2AIB4AIB&ucfs=1&arphpl=1&checkin=2026-06-01&checkout=2026-06-02&group_adults=2&req_adults=2&no_rooms=1&group_children=0&req_children=0&hpos=14&hapos=14&sr_order=popularity&srpvid=bc6274a01c2f0c54&srepoch=1778344539&all_sr_blocks=63240002_335395058_0_1_0&highlighted_blocks=63240002_335395058_0_1_0&matching_block_id=63240002_335395058_0_1_0&sr_pri_blocks=63240002_335395058_0_1_0__3500&from=searchresults,5/9/2026
Siwa Oasis,The Green Siwa Hotel,986,EGP,2,0,1,9.1,140,Siwa,1.8 km from downtown,,Hotel,Double Room with Garden View,No,Breakfast included,"Hot tub/Jacuzzi, Free parking, 24-hour front desk",https://www.booking.com/hotel/eg/the-green-siwa.html?aid=304142&label=gen173nr-10CAQoggI46wdIMVgEaEOIAQGYATO4ARfIAQzYAQPoAQH4AQGIAgGoAgG4AsDE_c8GwAIB0gIkOGM3ZTExOGUtMzBhNS00MzI4LWJiYjAtNzBlNjE3MjJlYWQw2AIB4AIB&ucfs=1&arphpl=1&checkin=2026-06-01&checkout=2026-06-02&group_adults=2&req_adults=2&no_rooms=1&group_children=0&req_children=0&hpos=15&hapos=15&sr_order=popularity&srpvid=bc6274a01c2f0c54&srepoch=1778344539&all_sr_blocks=1330905601_405624405_2_1_0_1117497&highlighted_blocks=1330905601_405624405_2_1_0_1117497&matching_block_id=1330905601_405624405_2_1_0_1117497&sr_pri_blocks=1330905601_405624405_2_1_0_1117497_1870&from=searchresults,5/9/2026
Siwa Oasis,Albabenshal Lodge Siwa,2372,EGP,2,0,1,9,124,Siwa,0.5 km from downtown,,Hotel,Double or Twin Room,Yes,Breakfast included,"Free parking, Restaurant, Free Wifi",https://www.booking.com/hotel/eg/albabenshal.html?aid=304142&label=gen173nr-10CAQoggI46wdIMVgEaEOIAQGYATO4ARfIAQzYAQPoAQH4AQGIAgGoAgG4AsDE_c8GwAIB0gIkOGM3ZTExOGUtMzBhNS00MzI4LWJiYjAtNzBlNjE3MjJlYWQw2AIB4AIB&ucfs=1&arphpl=1&checkin=2026-06-01&checkout=2026-06-02&group_adults=2&req_adults=2&no_rooms=1&group_children=0&req_children=0&hpos=16&hapos=16&sr_order=popularity&srpvid=bc6274a01c2f0c54&srepoch=1778344539&all_sr_blocks=46876602_335387268_0_41_0&highlighted_blocks=46876602_335387268_0_41_0&matching_block_id=46876602_335387268_0_41_0&sr_pri_blocks=46876602_335387268_0_41_0__4500&from=searchresults,5/9/2026
Siwa Oasis,Shali Home,1196,EGP,2,0,1,9.8,43,Siwa,350 m from downtown,,Hotel,Double Room with Shared Bathroom,No,,"Free parking, Bar, Free Wifi",https://www.booking.com/hotel/eg/shali-home.html?aid=304142&label=gen173nr-10CAQoggI46wdIMVgEaEOIAQGYATO4ARfIAQzYAQPoAQH4AQGIAgGoAgG4AsDE_c8GwAIB0gIkOGM3ZTExOGUtMzBhNS00MzI4LWJiYjAtNzBlNjE3MjJlYWQw2AIB4AIB&ucfs=1&arphpl=1&checkin=2026-06-01&checkout=2026-06-02&group_adults=2&req_adults=2&no_rooms=1&group_children=0&req_children=0&hpos=17&hapos=17&sr_order=popularity&srpvid=bc6274a01c2f0c54&srepoch=1778344539&all_sr_blocks=1515758401_423283888_2_0_0&highlighted_blocks=1515758401_423283888_2_0_0&matching_block_id=1515758401_423283888_2_0_0&sr_pri_blocks=1515758401_423283888_2_0_0__2268&from=searchresults,5/9/2026
Siwa Oasis,Siwa Oracle Hostel,1708,EGP,2,0,1,9.9,74,Siwa,1.3 km from downtown,,Hostel,Double Room with Shared Bathroom,No,Breakfast included,"Bar, Free Wifi",https://www.booking.com/hotel/eg/siwa-oracle-hostel.html?aid=304142&label=gen173nr-10CAQoggI46wdIMVgEaEOIAQGYATO4ARfIAQzYAQPoAQH4AQGIAgGoAgG4AsDE_c8GwAIB0gIkOGM3ZTExOGUtMzBhNS00MzI4LWJiYjAtNzBlNjE3MjJlYWQw2AIB4AIB&ucfs=1&arphpl=1&checkin=2026-06-01&checkout=2026-06-02&group_adults=2&req_adults=2&no_rooms=1&group_children=0&req_children=0&hpos=18&hapos=18&sr_order=popularity&srpvid=bc6274a01c2f0c54&srepoch=1778344539&all_sr_blocks=1487119704_420194414_0_1_0&highlighted_blocks=1487119704_420194414_0_1_0&matching_block_id=1487119704_420194414_0_1_0&sr_pri_blocks=1487119704_420194414_0_1_0__3240&from=searchresults,5/9/2026
Siwa Oasis,Negmet Siwa Hotel,1898,EGP,2,0,1,7.5,4,Siwa,450 m from downtown,3,Hotel,Double Room,Yes,Breakfast included,"Free parking, Bar, Restaurant",https://www.booking.com/hotel/eg/siwa-star-sywh.html?aid=304142&label=gen173nr-10CAQoggI46wdIMVgEaEOIAQGYATO4ARfIAQzYAQPoAQH4AQGIAgGoAgG4AsDE_c8GwAIB0gIkOGM3ZTExOGUtMzBhNS00MzI4LWJiYjAtNzBlNjE3MjJlYWQw2AIB4AIB&ucfs=1&arphpl=1&checkin=2026-06-01&checkout=2026-06-02&group_adults=2&req_adults=2&no_rooms=1&group_children=0&req_children=0&hpos=19&hapos=19&sr_order=popularity&srpvid=bc6274a01c2f0c54&srepoch=1778344539&all_sr_blocks=1508813801_422642692_2_41_0&highlighted_blocks=1508813801_422642692_2_41_0&matching_block_id=1508813801_422642692_2_41_0&sr_pri_blocks=1508813801_422642692_2_41_0__3600&from=searchresults,5/9/2026
Siwa Oasis,Asfay Lodge Siwa,3954,EGP,2,0,1,9.3,12,Siwa,4 km from downtown,,Hotel,Standard Double Room,No,Breakfast included,"Hot tub/Jacuzzi, Heated pool, Free parking",https://www.booking.com/hotel/eg/amuddu-lodge.html?aid=304142&label=gen173nr-10CAQoggI46wdIMVgEaEOIAQGYATO4ARfIAQzYAQPoAQH4AQGIAgGoAgG4AsDE_c8GwAIB0gIkOGM3ZTExOGUtMzBhNS00MzI4LWJiYjAtNzBlNjE3MjJlYWQw2AIB4AIB&ucfs=1&arphpl=1&checkin=2026-06-01&checkout=2026-06-02&group_adults=2&req_adults=2&no_rooms=1&group_children=0&req_children=0&hpos=20&hapos=20&sr_order=popularity&srpvid=bc6274a01c2f0c54&srepoch=1778344539&all_sr_blocks=1522799605_426091658_0_1_0&highlighted_blocks=1522799605_426091658_0_1_0&matching_block_id=1522799605_426091658_0_1_0&sr_pri_blocks=1522799605_426091658_0_1_0__7500&from=searchresults,5/9/2026
Siwa Oasis,Spellbound in Siwa,2636,EGP,2,0,1,10,2,Siwa,2.4 km from downtown,,Hotel,Double Room with Private Bathroom,Yes,Breakfast included,"Free parking, Free Wifi",https://www.booking.com/hotel/eg/spellbound-in-siwa-sywh.html?aid=304142&label=gen173nr-10CAQoggI46wdIMVgEaEOIAQGYATO4ARfIAQzYAQPoAQH4AQGIAgGoAgG4AsDE_c8GwAIB0gIkOGM3ZTExOGUtMzBhNS00MzI4LWJiYjAtNzBlNjE3MjJlYWQw2AIB4AIB&ucfs=1&arphpl=1&checkin=2026-06-01&checkout=2026-06-02&group_adults=2&req_adults=2&no_rooms=1&group_children=0&req_children=0&hpos=21&hapos=21&sr_order=popularity&srpvid=bc6274a01c2f0c54&srepoch=1778344539&all_sr_blocks=1489274501_420577347_2_1_0&highlighted_blocks=1489274501_420577347_2_1_0&matching_block_id=1489274501_420577347_2_1_0&sr_pri_blocks=1489274501_420577347_2_1_0__5000&from=searchresults,5/9/2026
Siwa Oasis,RAAK HOTEL فندق راك,896,EGP,2,0,1,7,43,Siwa,350 m from downtown,3,Hotel,Double Room,Yes,,"Free parking, Restaurant, Free Wifi",https://www.booking.com/hotel/eg/raak-fndq-rk.html?aid=304142&label=gen173nr-10CAQoggI46wdIMVgEaEOIAQGYATO4ARfIAQzYAQPoAQH4AQGIAgGoAgG4AsDE_c8GwAIB0gIkOGM3ZTExOGUtMzBhNS00MzI4LWJiYjAtNzBlNjE3MjJlYWQw2AIB4AIB&ucfs=1&arphpl=1&checkin=2026-06-01&checkout=2026-06-02&group_adults=2&req_adults=2&no_rooms=1&group_children=0&req_children=0&hpos=22&hapos=22&sr_order=popularity&srpvid=bc6274a01c2f0c54&srepoch=1778344539&all_sr_blocks=1161511101_424889299_0_34_0&highlighted_blocks=1161511101_424889299_0_34_0&matching_block_id=1161511101_424889299_0_34_0&sr_pri_blocks=1161511101_424889299_0_34_0__1700&from=searchresults,5/9/2026
Siwa Oasis,Hayaat siwa hot spring,1753,EGP,2,0,1,8.9,130,Siwa,5.7 km from downtown,,Hotel,Budget Double Room,No,Breakfast included,"Hot tub/Jacuzzi, Heated pool, Bar",https://www.booking.com/hotel/eg/hayaat-siwa-hot-spring-siwa.html?aid=304142&label=gen173nr-10CAQoggI46wdIMVgEaEOIAQGYATO4ARfIAQzYAQPoAQH4AQGIAgGoAgG4AsDE_c8GwAIB0gIkOGM3ZTExOGUtMzBhNS00MzI4LWJiYjAtNzBlNjE3MjJlYWQw2AIB4AIB&ucfs=1&arphpl=1&checkin=2026-06-01&checkout=2026-06-02&group_adults=2&req_adults=2&no_rooms=1&group_children=0&req_children=0&hpos=23&hapos=23&sr_order=popularity&srpvid=bc6274a01c2f0c54&srepoch=1778344539&all_sr_blocks=821259102_363145873_0_41_0&highlighted_blocks=821259102_363145873_0_41_0&matching_block_id=821259102_363145873_0_41_0&sr_pri_blocks=821259102_363145873_0_41_0__3325&from=searchresults,5/9/2026
Siwa Oasis,Dakhly siwa,493,EGP,2,0,1,9.3,3,Siwa,350 m from downtown,,Apartment,Two-Bedroom Apartment,No,,Free parking,https://www.booking.com/hotel/eg/dakhly-siwa.html?aid=304142&label=gen173nr-10CAQoggI46wdIMVgEaEOIAQGYATO4ARfIAQzYAQPoAQH4AQGIAgGoAgG4AsDE_c8GwAIB0gIkOGM3ZTExOGUtMzBhNS00MzI4LWJiYjAtNzBlNjE3MjJlYWQw2AIB4AIB&ucfs=1&arphpl=1&checkin=2026-06-01&checkout=2026-06-02&group_adults=2&req_adults=2&no_rooms=1&group_children=0&req_children=0&hpos=24&hapos=24&sr_order=popularity&srpvid=bc6274a01c2f0c54&srepoch=1778344539&all_sr_blocks=1590224001_430126717_4_0_0&highlighted_blocks=1590224001_430126717_4_0_0&matching_block_id=1590224001_430126717_4_0_0&sr_pri_blocks=1590224001_430126717_4_0_0__936&from=searchresults,5/9/2026
Siwa Oasis,Wazidi Resort,5272,EGP,2,0,1,10,3,Siwa,3.7 km from downtown,4,Resort,Double Room with Garden View,Yes,Breakfast included,"Free parking, Restaurant, Free Wifi",https://www.booking.com/hotel/eg/wazidi-resort.html?aid=304142&label=gen173nr-10CAQoggI46wdIMVgEaEOIAQGYATO4ARfIAQzYAQPoAQH4AQGIAgGoAgG4AsDE_c8GwAIB0gIkOGM3ZTExOGUtMzBhNS00MzI4LWJiYjAtNzBlNjE3MjJlYWQw2AIB4AIB&ucfs=1&arphpl=1&checkin=2026-06-01&checkout=2026-06-02&group_adults=2&req_adults=2&no_rooms=1&group_children=0&req_children=0&hpos=25&hapos=25&sr_order=popularity&srpvid=bc6274a01c2f0c54&srepoch=1778344539&all_sr_blocks=1514699203_423189522_2_1_0&highlighted_blocks=1514699203_423189522_2_1_0&matching_block_id=1514699203_423189522_2_1_0&sr_pri_blocks=1514699203_423189522_2_1_0__10000&from=searchresults,5/9/2026
Siwa Oasis,Soléi Old Town,3321,EGP,2,0,1,8.4,62,Siwa,350 m from downtown,,Hotel,Superior Double Room,Yes,Breakfast included,"Free parking, Bar, Restaurant",https://www.booking.com/hotel/eg/solei-old-town.html?aid=304142&label=gen173nr-10CAQoggI46wdIMVgEaEOIAQGYATO4ARfIAQzYAQPoAQH4AQGIAgGoAgG4AsDE_c8GwAIB0gIkOGM3ZTExOGUtMzBhNS00MzI4LWJiYjAtNzBlNjE3MjJlYWQw2AIB4AIB&ucfs=1&arphpl=1&checkin=2026-06-01&checkout=2026-06-02&group_adults=2&req_adults=2&no_rooms=1&group_children=0&req_children=0&hpos=1&hapos=26&sr_order=popularity&srpvid=bc6274a01c2f0c54&srepoch=1778344527&all_sr_blocks=1377286808_418614842_2_33_0&highlighted_blocks=1377286808_418614842_2_33_0&matching_block_id=1377286808_418614842_2_33_0&sr_pri_blocks=1377286808_418614842_2_33_0__6300&from=searchresults,5/9/2026
Siwa Oasis,Grand Siwa,3179,EGP,2,0,1,9.5,75,Siwa,3.3 km from downtown,,Hotel,Standard Twin Room,Yes,Breakfast included,"Free parking, Restaurant, Free Wifi",https://www.booking.com/hotel/eg/grand-view-siwa.html?aid=304142&label=gen173nr-10CAQoggI46wdIMVgEaEOIAQGYATO4ARfIAQzYAQPoAQH4AQGIAgGoAgG4AsDE_c8GwAIB0gIkOGM3ZTExOGUtMzBhNS00MzI4LWJiYjAtNzBlNjE3MjJlYWQw2AIB4AIB&ucfs=1&arphpl=1&checkin=2026-06-01&checkout=2026-06-02&group_adults=2&req_adults=2&no_rooms=1&group_children=0&req_children=0&hpos=2&hapos=27&sr_order=popularity&srpvid=bc6274a01c2f0c54&srepoch=1778344527&all_sr_blocks=812646501_422807904_2_41_0_167677&highlighted_blocks=812646501_422807904_2_41_0_167677&matching_block_id=812646501_422807904_2_41_0_167677&sr_pri_blocks=812646501_422807904_2_41_0_167677_6030&from=searchresults,5/9/2026
Siwa Oasis,Siwawi house,664,EGP,2,0,1,8.8,4,Siwa,0.7 km from downtown,,Hotel,Double Room with Balcony,No,,,https://www.booking.com/hotel/eg/siwawi-house-siwa.html?aid=304142&label=gen173nr-10CAQoggI46wdIMVgEaEOIAQGYATO4ARfIAQzYAQPoAQH4AQGIAgGoAgG4AsDE_c8GwAIB0gIkOGM3ZTExOGUtMzBhNS00MzI4LWJiYjAtNzBlNjE3MjJlYWQw2AIB4AIB&ucfs=1&arphpl=1&checkin=2026-06-01&checkout=2026-06-02&group_adults=2&req_adults=2&no_rooms=1&group_children=0&req_children=0&hpos=3&hapos=28&sr_order=popularity&srpvid=bc6274a01c2f0c54&srepoch=1778344527&all_sr_blocks=1427745101_414355038_2_42_0&highlighted_blocks=1427745101_414355038_2_42_0&matching_block_id=1427745101_414355038_2_42_0&sr_pri_blocks=1427745101_414355038_2_42_0__1260&from=searchresults,5/9/2026
Siwa Oasis,Happy Oasis Hotel,2636,EGP,2,0,1,10,5,Siwa,4.1 km from downtown,,Hotel,King Room with Garden View,Yes,Breakfast included,"Heated pool, Free parking, Restaurant",https://www.booking.com/hotel/eg/happy-oasis.html?aid=304142&label=gen173nr-10CAQoggI46wdIMVgEaEOIAQGYATO4ARfIAQzYAQPoAQH4AQGIAgGoAgG4AsDE_c8GwAIB0gIkOGM3ZTExOGUtMzBhNS00MzI4LWJiYjAtNzBlNjE3MjJlYWQw2AIB4AIB&ucfs=1&arphpl=1&checkin=2026-06-01&checkout=2026-06-02&group_adults=2&req_adults=2&no_rooms=1&group_children=0&req_children=0&hpos=4&hapos=29&sr_order=popularity&srpvid=bc6274a01c2f0c54&srepoch=1778344527&all_sr_blocks=1540186705_428751091_2_41_0&highlighted_blocks=1540186705_428751091_2_41_0&matching_block_id=1540186705_428751091_2_41_0&sr_pri_blocks=1540186705_428751091_2_41_0__5000&from=searchresults,5/9/2026
Siwa Oasis,Arkan siwa أركان سيوة,721,EGP,2,0,1,9.4,14,Siwa,0.6 km from downtown,,Hotel,Double Room with Shared Bathroom,No,Breakfast included,"Free parking, Bar, Restaurant",https://www.booking.com/hotel/eg/arkan-siwa-rkn-syw.html?aid=304142&label=gen173nr-10CAQoggI46wdIMVgEaEOIAQGYATO4ARfIAQzYAQPoAQH4AQGIAgGoAgG4AsDE_c8GwAIB0gIkOGM3ZTExOGUtMzBhNS00MzI4LWJiYjAtNzBlNjE3MjJlYWQw2AIB4AIB&ucfs=1&arphpl=1&checkin=2026-06-01&checkout=2026-06-02&group_adults=2&req_adults=2&no_rooms=1&group_children=0&req_children=0&hpos=5&hapos=30&sr_order=popularity&srpvid=bc6274a01c2f0c54&srepoch=1778344527&all_sr_blocks=1528570604_424421059_2_41_0&highlighted_blocks=1528570604_424421059_2_41_0&matching_block_id=1528570604_424421059_2_41_0&sr_pri_blocks=1528570604_424421059_2_41_0__1368&from=searchresults,5/9/2026
Siwa Oasis,Panta Lodge Siwa بنتا لودج سيوة,2501,EGP,2,0,1,8.3,115,Siwa,1.5 km from downtown,4,Hotel,King Studio with Sofa Bed,Yes,Breakfast included,"Hot tub/Jacuzzi, Free parking, Spa",https://www.booking.com/hotel/eg/panta-lodge-siwa-bnt-lwdj-syw.html?aid=304142&label=gen173nr-10CAQoggI46wdIMVgEaEOIAQGYATO4ARfIAQzYAQPoAQH4AQGIAgGoAgG4AsDE_c8GwAIB0gIkOGM3ZTExOGUtMzBhNS00MzI4LWJiYjAtNzBlNjE3MjJlYWQw2AIB4AIB&ucfs=1&arphpl=1&checkin=2026-06-01&checkout=2026-06-02&group_adults=2&req_adults=2&no_rooms=1&group_children=0&req_children=0&hpos=6&hapos=31&sr_order=popularity&srpvid=bc6274a01c2f0c54&srepoch=1778344527&all_sr_blocks=975885804_381368204_0_1_0&highlighted_blocks=975885804_381368204_0_1_0&matching_block_id=975885804_381368204_0_1_0&sr_pri_blocks=975885804_381368204_0_1_0__4743&from=searchresults,5/9/2026
Siwa Oasis,People to People Siwa,1661,EGP,2,0,1,7.3,4,Siwa,3.3 km from downtown,,Hotel,Triple Room with Balcony,No,Breakfast included,"Free parking, Free Wifi",https://www.booking.com/hotel/eg/people-to-people-hostel-siwa-siwa-oasis.html?aid=304142&label=gen173nr-10CAQoggI46wdIMVgEaEOIAQGYATO4ARfIAQzYAQPoAQH4AQGIAgGoAgG4AsDE_c8GwAIB0gIkOGM3ZTExOGUtMzBhNS00MzI4LWJiYjAtNzBlNjE3MjJlYWQw2AIB4AIB&ucfs=1&arphpl=1&checkin=2026-06-01&checkout=2026-06-02&group_adults=2&req_adults=2&no_rooms=1&group_children=0&req_children=0&hpos=7&hapos=32&sr_order=popularity&srpvid=bc6274a01c2f0c54&srepoch=1778344527&all_sr_blocks=1047146412_377009128_0_1_0&highlighted_blocks=1047146412_377009128_0_1_0&matching_block_id=1047146412_377009128_0_1_0&sr_pri_blocks=1047146412_377009128_0_1_0__3150&from=searchresults,5/9/2026
Siwa Oasis,Best One Siwa بيست وان سيوة,1170,EGP,2,0,1,7.6,26,Siwa,1.4 km from downtown,4,Hotel,Deluxe Double Room,No,Breakfast included,"Free parking, Restaurant, Free Wifi",https://www.booking.com/hotel/eg/best-one-siwa-byst-wn-syw.html?aid=304142&label=gen173nr-10CAQoggI46wdIMVgEaEOIAQGYATO4ARfIAQzYAQPoAQH4AQGIAgGoAgG4AsDE_c8GwAIB0gIkOGM3ZTExOGUtMzBhNS00MzI4LWJiYjAtNzBlNjE3MjJlYWQw2AIB4AIB&ucfs=1&arphpl=1&checkin=2026-06-01&checkout=2026-06-02&group_adults=2&req_adults=2&no_rooms=1&group_children=0&req_children=0&hpos=8&hapos=33&sr_order=popularity&srpvid=bc6274a01c2f0c54&srepoch=1778344527&all_sr_blocks=1461413602_417438696_0_1_0&highlighted_blocks=1461413602_417438696_0_1_0&matching_block_id=1461413602_417438696_0_1_0&sr_pri_blocks=1461413602_417438696_0_1_0__2219&from=searchresults,5/9/2026
Siwa Oasis,فندق إريغن Erighin siwa hotel,1000,EGP,2,0,1,8.9,122,Siwa,1.1 km from downtown,3,Hotel,Double Room with Pool View,Yes,Breakfast included,"Hot tub/Jacuzzi, Free parking, Restaurant",https://www.booking.com/hotel/eg/fndq-rygn-erighin-siwa.html?aid=304142&label=gen173nr-10CAQoggI46wdIMVgEaEOIAQGYATO4ARfIAQzYAQPoAQH4AQGIAgGoAgG4AsDE_c8GwAIB0gIkOGM3ZTExOGUtMzBhNS00MzI4LWJiYjAtNzBlNjE3MjJlYWQw2AIB4AIB&ucfs=1&arphpl=1&checkin=2026-06-01&checkout=2026-06-02&group_adults=2&req_adults=2&no_rooms=1&group_children=0&req_children=0&hpos=9&hapos=34&sr_order=popularity&srpvid=bc6274a01c2f0c54&srepoch=1778344527&all_sr_blocks=1292887505_0_2_1_0&highlighted_blocks=1292887505_0_2_1_0&matching_block_id=1292887505_0_2_1_0&sr_pri_blocks=1292887505_0_2_1_0__1896&from=searchresults,5/9/2026
Siwa Oasis,Nour El wadi,1002,EGP,2,0,1,9.8,17,Siwa,2.6 km from downtown,,Hotel,Double Room,Yes,Breakfast included,"Heated pool, Free parking, Bar",https://www.booking.com/hotel/eg/nour-el-wadi.html?aid=304142&label=gen173nr-10CAQoggI46wdIMVgEaEOIAQGYATO4ARfIAQzYAQPoAQH4AQGIAgGoAgG4AsDE_c8GwAIB0gIkOGM3ZTExOGUtMzBhNS00MzI4LWJiYjAtNzBlNjE3MjJlYWQw2AIB4AIB&ucfs=1&arphpl=1&checkin=2026-06-01&checkout=2026-06-02&group_adults=2&req_adults=2&no_rooms=1&group_children=0&req_children=0&hpos=10&hapos=35&sr_order=popularity&srpvid=bc6274a01c2f0c54&srepoch=1778344527&all_sr_blocks=1422595203_413882004_2_41_0&highlighted_blocks=1422595203_413882004_2_41_0&matching_block_id=1422595203_413882004_2_41_0&sr_pri_blocks=1422595203_413882004_2_41_0__1900&from=searchresults,5/9/2026
Siwa Oasis,The Green Mirage free pickup,1186,EGP,2,0,1,,,Siwa,5 km from downtown,,Hotel,Double Room with Private Bathroom,No,Breakfast included,"Hot tub/Jacuzzi, Free parking, Free Wifi",https://www.booking.com/hotel/eg/the-green-mirage.html?aid=304142&label=gen173nr-10CAQoggI46wdIMVgEaEOIAQGYATO4ARfIAQzYAQPoAQH4AQGIAgGoAgG4AsDE_c8GwAIB0gIkOGM3ZTExOGUtMzBhNS00MzI4LWJiYjAtNzBlNjE3MjJlYWQw2AIB4AIB&ucfs=1&arphpl=1&checkin=2026-06-01&checkout=2026-06-02&group_adults=2&req_adults=2&no_rooms=1&group_children=0&req_children=0&hpos=11&hapos=36&sr_order=popularity&srpvid=bc6274a01c2f0c54&srepoch=1778344527&all_sr_blocks=1586173801_429734655_2_1_0&highlighted_blocks=1586173801_429734655_2_1_0&matching_block_id=1586173801_429734655_2_1_0&sr_pri_blocks=1586173801_429734655_2_1_0__2250&from=searchresults,5/9/2026
Siwa Oasis,Meddur Siwa Oasis,3427,EGP,2,0,1,9.1,11,Siwa,4.7 km from downtown,5,Hotel,Bungalow with Garden View,Yes,Breakfast included,"Hot tub/Jacuzzi, Heated pool, Free parking",https://www.booking.com/hotel/eg/meddur-siwa-oasis-siwa.html?aid=304142&label=gen173nr-10CAQoggI46wdIMVgEaEOIAQGYATO4ARfIAQzYAQPoAQH4AQGIAgGoAgG4AsDE_c8GwAIB0gIkOGM3ZTExOGUtMzBhNS00MzI4LWJiYjAtNzBlNjE3MjJlYWQw2AIB4AIB&ucfs=1&arphpl=1&checkin=2026-06-01&checkout=2026-06-02&group_adults=2&req_adults=2&no_rooms=1&group_children=0&req_children=0&hpos=12&hapos=37&sr_order=popularity&srpvid=bc6274a01c2f0c54&srepoch=1778344527&all_sr_blocks=1374659906_409619211_2_1_0&highlighted_blocks=1374659906_409619211_2_1_0&matching_block_id=1374659906_409619211_2_1_0&sr_pri_blocks=1374659906_409619211_2_1_0__6500&from=searchresults,5/9/2026
Siwa Oasis,La Siwa,1848,EGP,2,0,1,9.3,29,Siwa,4.3 km from downtown,4,Villa,Villa with Private Pool,No,,"Hot tub/Jacuzzi, Free parking, Free Wifi",https://www.booking.com/hotel/eg/la-siwa.html?aid=304142&label=gen173nr-10CAQoggI46wdIMVgEaEOIAQGYATO4ARfIAQzYAQPoAQH4AQGIAgGoAgG4AsDE_c8GwAIB0gIkOGM3ZTExOGUtMzBhNS00MzI4LWJiYjAtNzBlNjE3MjJlYWQw2AIB4AIB&ucfs=1&arphpl=1&checkin=2026-06-01&checkout=2026-06-02&group_adults=2&req_adults=2&no_rooms=1&group_children=0&req_children=0&hpos=13&hapos=38&sr_order=popularity&srpvid=bc6274a01c2f0c54&srepoch=1778344527&all_sr_blocks=1159501901_388664050_2_34_0_907824&highlighted_blocks=1159501901_388664050_2_34_0_907824&matching_block_id=1159501901_388664050_2_34_0_907824&sr_pri_blocks=1159501901_388664050_2_34_0_907824_3506&from=searchresults,5/9/2026
Siwa Oasis,Agpeninshal Ecolodge,1578,EGP,2,0,1,9.5,40,Siwa,3.3 km from downtown,,Hotel,Deluxe Double Room,No,Breakfast included,"Free parking, Restaurant, 24-hour front desk",https://www.booking.com/hotel/eg/agpeninshal-ecolodge.html?aid=304142&label=gen173nr-10CAQoggI46wdIMVgEaEOIAQGYATO4ARfIAQzYAQPoAQH4AQGIAgGoAgG4AsDE_c8GwAIB0gIkOGM3ZTExOGUtMzBhNS00MzI4LWJiYjAtNzBlNjE3MjJlYWQw2AIB4AIB&ucfs=1&arphpl=1&checkin=2026-06-01&checkout=2026-06-02&group_adults=2&req_adults=2&no_rooms=1&group_children=0&req_children=0&hpos=14&hapos=39&sr_order=popularity&srpvid=bc6274a01c2f0c54&srepoch=1778344527&all_sr_blocks=932619301_404063020_0_41_0&highlighted_blocks=932619301_404063020_0_41_0&matching_block_id=932619301_404063020_0_41_0&sr_pri_blocks=932619301_404063020_0_41_0__2993&from=searchresults,5/9/2026
Siwa Oasis,Quiet Home,854,EGP,2,0,1,9,74,Siwa,450 m from downtown,4,Hotel,Double Room with Mountain View,No,,"Airport shuttle (free), Free Wifi",https://www.booking.com/hotel/eg/mzyg-syw.html?aid=304142&label=gen173nr-10CAQoggI46wdIMVgEaEOIAQGYATO4ARfIAQzYAQPoAQH4AQGIAgGoAgG4AsDE_c8GwAIB0gIkOGM3ZTExOGUtMzBhNS00MzI4LWJiYjAtNzBlNjE3MjJlYWQw2AIB4AIB&ucfs=1&arphpl=1&checkin=2026-06-01&checkout=2026-06-02&group_adults=2&req_adults=2&no_rooms=1&group_children=0&req_children=0&hpos=15&hapos=40&sr_order=popularity&srpvid=bc6274a01c2f0c54&srepoch=1778344527&all_sr_blocks=790266101_338784851_2_0_0&highlighted_blocks=790266101_338784851_2_0_0&matching_block_id=790266101_338784851_2_0_0&sr_pri_blocks=790266101_338784851_2_0_0__1620&from=searchresults,5/9/2026
Siwa Oasis,Bait Ward Siwa House,949,EGP,2,0,1,9.7,36,Siwa,150 m from downtown,,Hotel,Double Room,No,,"Free parking, Bar",https://www.booking.com/hotel/eg/agben-intesent.html?aid=304142&label=gen173nr-10CAQoggI46wdIMVgEaEOIAQGYATO4ARfIAQzYAQPoAQH4AQGIAgGoAgG4AsDE_c8GwAIB0gIkOGM3ZTExOGUtMzBhNS00MzI4LWJiYjAtNzBlNjE3MjJlYWQw2AIB4AIB&ucfs=1&arphpl=1&checkin=2026-06-01&checkout=2026-06-02&group_adults=2&req_adults=2&no_rooms=1&group_children=0&req_children=0&hpos=16&hapos=41&sr_order=popularity&srpvid=bc6274a01c2f0c54&srepoch=1778344527&all_sr_blocks=911990001_406728660_0_0_0&highlighted_blocks=911990001_406728660_0_0_0&matching_block_id=911990001_406728660_0_0_0&sr_pri_blocks=911990001_406728660_0_0_0__1800&from=searchresults,5/9/2026
Siwa Oasis,Mountain Camp Ali Khaled,1845,EGP,2,0,1,8.3,58,Siwa,4 km from downtown,,Hotel,Double or Twin Room with Bathroom,Yes,Breakfast included,"Heated pool, Free parking, Bar",https://www.booking.com/hotel/eg/mountain-camp-ali-khaled-syw.html?aid=304142&label=gen173nr-10CAQoggI46wdIMVgEaEOIAQGYATO4ARfIAQzYAQPoAQH4AQGIAgGoAgG4AsDE_c8GwAIB0gIkOGM3ZTExOGUtMzBhNS00MzI4LWJiYjAtNzBlNjE3MjJlYWQw2AIB4AIB&ucfs=1&arphpl=1&checkin=2026-06-01&checkout=2026-06-02&group_adults=2&req_adults=2&no_rooms=1&group_children=0&req_children=0&hpos=17&hapos=42&sr_order=popularity&srpvid=bc6274a01c2f0c54&srepoch=1778344527&all_sr_blocks=556245703_223532604_2_1_0&highlighted_blocks=556245703_223532604_2_1_0&matching_block_id=556245703_223532604_2_1_0&sr_pri_blocks=556245703_223532604_2_1_0__3500&from=searchresults,5/9/2026
Siwa Oasis,M Biama Island,767,EGP,2,0,1,9,45,Siwa,4.8 km from downtown,,Hotel,Double Room with Lake View,No,Breakfast included,"Hot tub/Jacuzzi, Heated pool, Free parking",https://www.booking.com/hotel/eg/m-biama-island.html?aid=304142&label=gen173nr-10CAQoggI46wdIMVgEaEOIAQGYATO4ARfIAQzYAQPoAQH4AQGIAgGoAgG4AsDE_c8GwAIB0gIkOGM3ZTExOGUtMzBhNS00MzI4LWJiYjAtNzBlNjE3MjJlYWQw2AIB4AIB&ucfs=1&arphpl=1&checkin=2026-06-01&checkout=2026-06-02&group_adults=2&req_adults=2&no_rooms=1&group_children=0&req_children=0&hpos=18&hapos=43&sr_order=popularity&srpvid=bc6274a01c2f0c54&srepoch=1778344527&all_sr_blocks=1099793701_413268527_0_1_0&highlighted_blocks=1099793701_413268527_0_1_0&matching_block_id=1099793701_413268527_0_1_0&sr_pri_blocks=1099793701_413268527_0_1_0__1454&from=searchresults,5/9/2026
Siwa Oasis,Papy house,1423,EGP,2,0,1,9.9,11,Siwa,6.9 km from downtown,,Hotel,Double Room,No,Breakfast included,"Free parking, Restaurant, 24-hour front desk",https://www.booking.com/hotel/eg/papy-house.html?aid=304142&label=gen173nr-10CAQoggI46wdIMVgEaEOIAQGYATO4ARfIAQzYAQPoAQH4AQGIAgGoAgG4AsDE_c8GwAIB0gIkOGM3ZTExOGUtMzBhNS00MzI4LWJiYjAtNzBlNjE3MjJlYWQw2AIB4AIB&ucfs=1&arphpl=1&checkin=2026-06-01&checkout=2026-06-02&group_adults=2&req_adults=2&no_rooms=1&group_children=0&req_children=0&hpos=19&hapos=44&sr_order=popularity&srpvid=bc6274a01c2f0c54&srepoch=1778344527&all_sr_blocks=1359115901_408225023_2_41_0_1352559&highlighted_blocks=1359115901_408225023_2_41_0_1352559&matching_block_id=1359115901_408225023_2_41_0_1352559&sr_pri_blocks=1359115901_408225023_2_41_0_1352559_2700&from=searchresults,5/9/2026
Siwa Oasis,El-Beit,1318,EGP,2,0,1,9.9,11,Siwa,2.5 km from downtown,,Hotel,Economy Double Room,Yes,Breakfast included,"Free parking, Free Wifi",https://www.booking.com/hotel/eg/el-beit-siwa.html?aid=304142&label=gen173nr-10CAQoggI46wdIMVgEaEOIAQGYATO4ARfIAQzYAQPoAQH4AQGIAgGoAgG4AsDE_c8GwAIB0gIkOGM3ZTExOGUtMzBhNS00MzI4LWJiYjAtNzBlNjE3MjJlYWQw2AIB4AIB&ucfs=1&arphpl=1&checkin=2026-06-01&checkout=2026-06-02&group_adults=2&req_adults=2&no_rooms=1&group_children=0&req_children=0&hpos=20&hapos=45&sr_order=popularity&srpvid=bc6274a01c2f0c54&srepoch=1778344527&all_sr_blocks=1336224702_430151902_2_41_0&highlighted_blocks=1336224702_430151902_2_41_0&matching_block_id=1336224702_430151902_2_41_0&sr_pri_blocks=1336224702_430151902_2_41_0__2500&from=searchresults,5/9/2026
Siwa Oasis,Al-Manara Hostel Siwa Oasis 2,1012,EGP,2,0,1,9.2,41,Siwa,500 m from downtown,,Hostel,Apartment,No,,Free parking,https://www.booking.com/hotel/eg/al-manara-hostel-siwa-oasis-2.html?aid=304142&label=gen173nr-10CAQoggI46wdIMVgEaEOIAQGYATO4ARfIAQzYAQPoAQH4AQGIAgGoAgG4AsDE_c8GwAIB0gIkOGM3ZTExOGUtMzBhNS00MzI4LWJiYjAtNzBlNjE3MjJlYWQw2AIB4AIB&ucfs=1&arphpl=1&checkin=2026-06-01&checkout=2026-06-02&group_adults=2&req_adults=2&no_rooms=1&group_children=0&req_children=0&hpos=21&hapos=46&sr_order=popularity&srpvid=bc6274a01c2f0c54&srepoch=1778344527&all_sr_blocks=1332229105_432024545_2_2_0&highlighted_blocks=1332229105_432024545_2_2_0&matching_block_id=1332229105_432024545_2_2_0&sr_pri_blocks=1332229105_432024545_2_2_0__1920&from=searchresults,5/9/2026
Siwa Oasis,Moon_Valley_Siwa,2372,EGP,2,0,1,9.2,22,Siwa,15.5 km from downtown,,Hotel,Standard Twin Room,No,Breakfast included,"Free parking, Restaurant, 24-hour front desk",https://www.booking.com/hotel/eg/moon-valley-siwa.html?aid=304142&label=gen173nr-10CAQoggI46wdIMVgEaEOIAQGYATO4ARfIAQzYAQPoAQH4AQGIAgGoAgG4AsDE_c8GwAIB0gIkOGM3ZTExOGUtMzBhNS00MzI4LWJiYjAtNzBlNjE3MjJlYWQw2AIB4AIB&ucfs=1&arphpl=1&checkin=2026-06-01&checkout=2026-06-02&group_adults=2&req_adults=2&no_rooms=1&group_children=0&req_children=0&hpos=22&hapos=47&sr_order=popularity&srpvid=bc6274a01c2f0c54&srepoch=1778344527&all_sr_blocks=904144003_361396874_2_1_0&highlighted_blocks=904144003_361396874_2_1_0&matching_block_id=904144003_361396874_2_1_0&sr_pri_blocks=904144003_361396874_2_1_0__4500&from=searchresults,5/9/2026
Siwa Oasis,Tulip Camp Siwa Oasis,1318,EGP,2,0,1,9.5,4,Siwa,3.5 km from downtown,,Hotel,Tent,Yes,Breakfast included,"Heated pool, Restaurant",https://www.booking.com/hotel/eg/tulip-camp-siwa-oasis.html?aid=304142&label=gen173nr-10CAQoggI46wdIMVgEaEOIAQGYATO4ARfIAQzYAQPoAQH4AQGIAgGoAgG4AsDE_c8GwAIB0gIkOGM3ZTExOGUtMzBhNS00MzI4LWJiYjAtNzBlNjE3MjJlYWQw2AIB4AIB&ucfs=1&arphpl=1&checkin=2026-06-01&checkout=2026-06-02&group_adults=2&req_adults=2&no_rooms=1&group_children=0&req_children=0&hpos=23&hapos=48&sr_order=popularity&srpvid=bc6274a01c2f0c54&srepoch=1778344527&all_sr_blocks=1343164203_406694073_2_1_0&highlighted_blocks=1343164203_406694073_2_1_0&matching_block_id=1343164203_406694073_2_1_0&sr_pri_blocks=1343164203_406694073_2_1_0__2500&from=searchresults,5/9/2026
Siwa Oasis,Siwa Serenity Home,1186,EGP,2,0,1,9,41,Siwa,3.1 km from downtown,,Hotel,Deluxe Double or Twin Room,No,,"Hot tub/Jacuzzi, Bar, Free Wifi",https://www.booking.com/hotel/eg/serene-camp.html?aid=304142&label=gen173nr-10CAQoggI46wdIMVgEaEOIAQGYATO4ARfIAQzYAQPoAQH4AQGIAgGoAgG4AsDE_c8GwAIB0gIkOGM3ZTExOGUtMzBhNS00MzI4LWJiYjAtNzBlNjE3MjJlYWQw2AIB4AIB&ucfs=1&arphpl=1&checkin=2026-06-01&checkout=2026-06-02&group_adults=2&req_adults=2&no_rooms=1&group_children=0&req_children=0&hpos=24&hapos=49&sr_order=popularity&srpvid=bc6274a01c2f0c54&srepoch=1778344527&all_sr_blocks=1353632805_432917204_0_0_0&highlighted_blocks=1353632805_432917204_0_0_0&matching_block_id=1353632805_432917204_0_0_0&sr_pri_blocks=1353632805_432917204_0_0_0__2250&from=searchresults,5/9/2026
Siwa Oasis,Marcelia Eco-Village Front Lake View,4555,EGP,2,0,1,9.4,7,Siwa,19.7 km from downtown,,Villa,Suite with Lake View,Yes,Breakfast included,"Free parking, Restaurant, Free Wifi",https://www.booking.com/hotel/eg/central-siwa-oasis-3br-apartment.html?aid=304142&label=gen173nr-10CAQoggI46wdIMVgEaEOIAQGYATO4ARfIAQzYAQPoAQH4AQGIAgGoAgG4AsDE_c8GwAIB0gIkOGM3ZTExOGUtMzBhNS00MzI4LWJiYjAtNzBlNjE3MjJlYWQw2AIB4AIB&ucfs=1&arphpl=1&checkin=2026-06-01&checkout=2026-06-02&group_adults=2&req_adults=2&no_rooms=1&group_children=0&req_children=0&hpos=25&hapos=50&sr_order=popularity&srpvid=bc6274a01c2f0c54&srepoch=1778344527&all_sr_blocks=1294053702_429376235_2_33_0_1367129&highlighted_blocks=1294053702_429376235_2_33_0_1367129&matching_block_id=1294053702_429376235_2_33_0_1367129&sr_pri_blocks=1294053702_429376235_2_33_0_1367129_8640&from=searchresults,5/9/2026
Siwa Oasis,Divine Siwa,4270,EGP,2,0,1,,,Siwa,2.8 km from downtown,,Hotel,Twin Room,No,Breakfast included,"Free parking, Bar, Restaurant",https://www.booking.com/hotel/eg/divine-siwa.html?aid=304142&label=gen173nr-10CAQoggI46wdIMVgEaEOIAQGYATO4ARfIAQzYAQPoAQH4AQGIAgGoAgG4AsDE_c8GwAIB0gIkOGM3ZTExOGUtMzBhNS00MzI4LWJiYjAtNzBlNjE3MjJlYWQw2AIB4AIB&ucfs=1&arphpl=1&checkin=2026-06-01&checkout=2026-06-02&group_adults=2&req_adults=2&no_rooms=1&group_children=0&req_children=0&hpos=1&hapos=51&sr_order=popularity&srpvid=bc6274a01c2f0c54&srepoch=1778344532&all_sr_blocks=1597561902_430768180_2_1_0&highlighted_blocks=1597561902_430768180_2_1_0&matching_block_id=1597561902_430768180_2_1_0&sr_pri_blocks=1597561902_430768180_2_1_0__8100&from=searchresults,5/9/2026
Siwa Oasis,Dar Alsalam Suites,1210,EGP,2,0,1,8.3,9,Siwa,0.7 km from downtown,,Apartment,Two-Bedroom Apartment,No,,"Free parking, Free Wifi, 24-hour front desk",https://www.booking.com/hotel/eg/dar-alsalam-suites.html?aid=304142&label=gen173nr-10CAQoggI46wdIMVgEaEOIAQGYATO4ARfIAQzYAQPoAQH4AQGIAgGoAgG4AsDE_c8GwAIB0gIkOGM3ZTExOGUtMzBhNS00MzI4LWJiYjAtNzBlNjE3MjJlYWQw2AIB4AIB&ucfs=1&arphpl=1&checkin=2026-06-01&checkout=2026-06-02&group_adults=2&req_adults=2&no_rooms=1&group_children=0&req_children=0&hpos=2&hapos=52&sr_order=popularity&srpvid=bc6274a01c2f0c54&srepoch=1778344532&all_sr_blocks=1410668301_412815437_2_0_0&highlighted_blocks=1410668301_412815437_2_0_0&matching_block_id=1410668301_412815437_2_0_0&sr_pri_blocks=1410668301_412815437_2_0_0__2295&from=searchresults,5/9/2026
Siwa Oasis,Azad Siwa Hotel,2768,EGP,2,0,1,9.3,124,Siwa,3.6 km from downtown,4,Hotel,Double Room,Yes,,"Free parking, Restaurant, 24-hour front desk",https://www.booking.com/hotel/eg/siwa-sunrise-siwa.html?aid=304142&label=gen173nr-10CAQoggI46wdIMVgEaEOIAQGYATO4ARfIAQzYAQPoAQH4AQGIAgGoAgG4AsDE_c8GwAIB0gIkOGM3ZTExOGUtMzBhNS00MzI4LWJiYjAtNzBlNjE3MjJlYWQw2AIB4AIB&ucfs=1&arphpl=1&checkin=2026-06-01&checkout=2026-06-02&group_adults=2&req_adults=2&no_rooms=1&group_children=0&req_children=0&hpos=3&hapos=53&sr_order=popularity&srpvid=bc6274a01c2f0c54&srepoch=1778344532&all_sr_blocks=1130547904_425153162_2_0_0&highlighted_blocks=1130547904_425153162_2_0_0&matching_block_id=1130547904_425153162_2_0_0&sr_pri_blocks=1130547904_425153162_2_0_0__5250&from=searchresults,5/9/2026
Siwa Oasis,Stamps Ayur Siwa,6326,EGP,2,0,1,9,9,Siwa,3.6 km from downtown,,Hotel,Deluxe Double Room,Yes,,"Hot tub/Jacuzzi, Heated pool, Bar",https://www.booking.com/hotel/eg/stamps-travelers-camp.html?aid=304142&label=gen173nr-10CAQoggI46wdIMVgEaEOIAQGYATO4ARfIAQzYAQPoAQH4AQGIAgGoAgG4AsDE_c8GwAIB0gIkOGM3ZTExOGUtMzBhNS00MzI4LWJiYjAtNzBlNjE3MjJlYWQw2AIB4AIB&ucfs=1&arphpl=1&checkin=2026-06-01&checkout=2026-06-02&group_adults=2&req_adults=2&no_rooms=1&group_children=0&req_children=0&hpos=4&hapos=54&sr_order=popularity&srpvid=bc6274a01c2f0c54&srepoch=1778344532&all_sr_blocks=1107087103_383489695_2_0_0&highlighted_blocks=1107087103_383489695_2_0_0&matching_block_id=1107087103_383489695_2_0_0&sr_pri_blocks=1107087103_383489695_2_0_0__12000&from=searchresults,5/9/2026
Siwa Oasis,TATRABENT - Eco Friendly retreat in Siwa,5441,EGP,2,0,1,8.5,4,Siwa,1.4 km from downtown,4,Apartment,Two-Bedroom Deluxe Apartment with Garden View,Yes,,"Free parking, Free Wifi, 24-hour front desk",https://www.booking.com/hotel/eg/tatrabent-eco-friendly-retreat-in-siwa-siwa.html?aid=304142&label=gen173nr-10CAQoggI46wdIMVgEaEOIAQGYATO4ARfIAQzYAQPoAQH4AQGIAgGoAgG4AsDE_c8GwAIB0gIkOGM3ZTExOGUtMzBhNS00MzI4LWJiYjAtNzBlNjE3MjJlYWQw2AIB4AIB&ucfs=1&arphpl=1&checkin=2026-06-01&checkout=2026-06-02&group_adults=2&req_adults=2&no_rooms=1&group_children=0&req_children=0&hpos=5&hapos=55&sr_order=popularity&srpvid=bc6274a01c2f0c54&srepoch=1778344532&all_sr_blocks=1345640601_406915459_2_2_0&highlighted_blocks=1345640601_406915459_2_2_0&matching_block_id=1345640601_406915459_2_2_0&sr_pri_blocks=1345640601_406915459_2_2_0__10320&from=searchresults,5/9/2026
Siwa Oasis,Paloma Lodge,1827,EGP,2,0,1,9.3,26,Siwa,0.8 km from downtown,3,Hotel,Triple Room with Balcony,Yes,Breakfast included,"Free parking, Free Wifi",https://www.booking.com/hotel/eg/paloma-lodge.html?aid=304142&label=gen173nr-10CAQoggI46wdIMVgEaEOIAQGYATO4ARfIAQzYAQPoAQH4AQGIAgGoAgG4AsDE_c8GwAIB0gIkOGM3ZTExOGUtMzBhNS00MzI4LWJiYjAtNzBlNjE3MjJlYWQw2AIB4AIB&ucfs=1&arphpl=1&checkin=2026-06-01&checkout=2026-06-02&group_adults=2&req_adults=2&no_rooms=1&group_children=0&req_children=0&hpos=6&hapos=56&sr_order=popularity&srpvid=bc6274a01c2f0c54&srepoch=1778344532&all_sr_blocks=1012056302_373854056_2_1_0&highlighted_blocks=1012056302_373854056_2_1_0&matching_block_id=1012056302_373854056_2_1_0&sr_pri_blocks=1012056302_373854056_2_1_0__3465&from=searchresults,5/9/2026
Siwa Oasis,Soléi Desert Retreat,3690,EGP,2,0,1,9.3,7,Siwa,11 km from downtown,,Hotel,Deluxe Double or Twin Room with Pool View,Yes,Breakfast included,"Free parking, Spa, Bar",https://www.booking.com/hotel/eg/solei-salt.html?aid=304142&label=gen173nr-10CAQoggI46wdIMVgEaEOIAQGYATO4ARfIAQzYAQPoAQH4AQGIAgGoAgG4AsDE_c8GwAIB0gIkOGM3ZTExOGUtMzBhNS00MzI4LWJiYjAtNzBlNjE3MjJlYWQw2AIB4AIB&ucfs=1&arphpl=1&checkin=2026-06-01&checkout=2026-06-02&group_adults=2&req_adults=2&no_rooms=1&group_children=0&req_children=0&hpos=7&hapos=57&sr_order=popularity&srpvid=bc6274a01c2f0c54&srepoch=1778344532&all_sr_blocks=1495466702_421219271_2_41_0&highlighted_blocks=1495466702_421219271_2_41_0&matching_block_id=1495466702_421219271_2_41_0&sr_pri_blocks=1495466702_421219271_2_41_0__7000&from=searchresults,5/9/2026
Siwa Oasis,Dar Ismail Siwa,949,EGP,2,0,1,9.3,21,Siwa,50 m from downtown,3,Hotel,Standard Double Room with Shared Bathroom,Yes,,"Free parking, Free Wifi, 24-hour front desk",https://www.booking.com/hotel/eg/dar-ismail-siwa.html?aid=304142&label=gen173nr-10CAQoggI46wdIMVgEaEOIAQGYATO4ARfIAQzYAQPoAQH4AQGIAgGoAgG4AsDE_c8GwAIB0gIkOGM3ZTExOGUtMzBhNS00MzI4LWJiYjAtNzBlNjE3MjJlYWQw2AIB4AIB&ucfs=1&arphpl=1&checkin=2026-06-01&checkout=2026-06-02&group_adults=2&req_adults=2&no_rooms=1&group_children=0&req_children=0&hpos=8&hapos=58&sr_order=popularity&srpvid=bc6274a01c2f0c54&srepoch=1778344532&all_sr_blocks=1432139201_429340729_2_0_0&highlighted_blocks=1432139201_429340729_2_0_0&matching_block_id=1432139201_429340729_2_0_0&sr_pri_blocks=1432139201_429340729_2_0_0__1800&from=searchresults,5/9/2026
Siwa Oasis,Dream Lodge Siwa دريم لودج سيوة,1964,EGP,2,0,1,8.9,47,Siwa,1.6 km from downtown,3,Hotel,Deluxe Double or Twin Room,No,Breakfast included,"Free parking, Restaurant, Free Wifi",https://www.booking.com/hotel/eg/dream-lodge-siwa-drym-lwdj-syw.html?aid=304142&label=gen173nr-10CAQoggI46wdIMVgEaEOIAQGYATO4ARfIAQzYAQPoAQH4AQGIAgGoAgG4AsDE_c8GwAIB0gIkOGM3ZTExOGUtMzBhNS00MzI4LWJiYjAtNzBlNjE3MjJlYWQw2AIB4AIB&ucfs=1&arphpl=1&checkin=2026-06-01&checkout=2026-06-02&group_adults=2&req_adults=2&no_rooms=1&group_children=0&req_children=0&hpos=9&hapos=59&sr_order=popularity&srpvid=bc6274a01c2f0c54&srepoch=1778344532&all_sr_blocks=1142234311_387626652_0_1_0&highlighted_blocks=1142234311_387626652_0_1_0&matching_block_id=1142234311_387626652_0_1_0&sr_pri_blocks=1142234311_387626652_0_1_0__3726&from=searchresults,5/9/2026
Siwa Oasis,Adrartaziry,1186,EGP,2,0,1,,,Siwa,4 km from downtown,,Hotel,Double Room with Terrace,No,Breakfast included,"Free parking, Bar, Restaurant",https://www.booking.com/hotel/eg/aadrartazery.html?aid=304142&label=gen173nr-10CAQoggI46wdIMVgEaEOIAQGYATO4ARfIAQzYAQPoAQH4AQGIAgGoAgG4AsDE_c8GwAIB0gIkOGM3ZTExOGUtMzBhNS00MzI4LWJiYjAtNzBlNjE3MjJlYWQw2AIB4AIB&ucfs=1&arphpl=1&checkin=2026-06-01&checkout=2026-06-02&group_adults=2&req_adults=2&no_rooms=1&group_children=0&req_children=0&hpos=10&hapos=60&sr_order=popularity&srpvid=bc6274a01c2f0c54&srepoch=1778344532&all_sr_blocks=1588526001_429947423_3_1_0&highlighted_blocks=1588526001_429947423_3_1_0&matching_block_id=1588526001_429947423_3_1_0&sr_pri_blocks=1588526001_429947423_3_1_0__2250&from=searchresults,5/9/2026
Siwa Oasis,Desert Rose Hotel,1864,EGP,2,0,1,10,3,Siwa,400 m from downtown,3,Hotel,Double Room,Yes,Breakfast included,"Restaurant, Free Wifi, 24-hour front desk",https://www.booking.com/hotel/eg/desert-rose-sywh.html?aid=304142&label=gen173nr-10CAQoggI46wdIMVgEaEOIAQGYATO4ARfIAQzYAQPoAQH4AQGIAgGoAgG4AsDE_c8GwAIB0gIkOGM3ZTExOGUtMzBhNS00MzI4LWJiYjAtNzBlNjE3MjJlYWQw2AIB4AIB&ucfs=1&arphpl=1&checkin=2026-06-01&checkout=2026-06-02&group_adults=2&req_adults=2&no_rooms=1&group_children=0&req_children=0&hpos=11&hapos=61&sr_order=popularity&srpvid=bc6274a01c2f0c54&srepoch=1778344532&all_sr_blocks=1530463701_0_2_1_0&highlighted_blocks=1530463701_0_2_1_0&matching_block_id=1530463701_0_2_1_0&sr_pri_blocks=1530463701_0_2_1_0__3536&from=searchresults,5/9/2026
Siwa Oasis,Siwa Bait Ward Home,909,EGP,2,0,1,10,16,Siwa,300 m from downtown,,Hotel,Budget Double Room,Yes,,"Free parking, Bar, Free Wifi",https://www.booking.com/hotel/eg/rose-house-siwa.html?aid=304142&label=gen173nr-10CAQoggI46wdIMVgEaEOIAQGYATO4ARfIAQzYAQPoAQH4AQGIAgGoAgG4AsDE_c8GwAIB0gIkOGM3ZTExOGUtMzBhNS00MzI4LWJiYjAtNzBlNjE3MjJlYWQw2AIB4AIB&ucfs=1&arphpl=1&checkin=2026-06-01&checkout=2026-06-02&group_adults=2&req_adults=2&no_rooms=1&group_children=0&req_children=0&hpos=12&hapos=62&sr_order=popularity&srpvid=bc6274a01c2f0c54&srepoch=1778344532&all_sr_blocks=1500934110_421934740_2_40_0&highlighted_blocks=1500934110_421934740_2_40_0&matching_block_id=1500934110_421934740_2_40_0&sr_pri_blocks=1500934110_421934740_2_40_0__1725&from=searchresults,5/9/2026
Siwa Oasis,Siwa Nostalgia Ecolodge,1423,EGP,2,0,1,8.5,14,Siwa,5 km from downtown,,Hotel,Deluxe Double Room with Balcony,Yes,Breakfast included,"Free parking, Restaurant",https://www.booking.com/hotel/eg/siwa-nostalgia-ecolodge.html?aid=304142&label=gen173nr-10CAQoggI46wdIMVgEaEOIAQGYATO4ARfIAQzYAQPoAQH4AQGIAgGoAgG4AsDE_c8GwAIB0gIkOGM3ZTExOGUtMzBhNS00MzI4LWJiYjAtNzBlNjE3MjJlYWQw2AIB4AIB&ucfs=1&arphpl=1&checkin=2026-06-01&checkout=2026-06-02&group_adults=2&req_adults=2&no_rooms=1&group_children=0&req_children=0&hpos=13&hapos=63&sr_order=popularity&srpvid=bc6274a01c2f0c54&srepoch=1778344532&all_sr_blocks=1365875401_410739002_2_1_0_1129806&highlighted_blocks=1365875401_410739002_2_1_0_1129806&matching_block_id=1365875401_410739002_2_1_0_1129806&sr_pri_blocks=1365875401_410739002_2_1_0_1129806_2700&from=searchresults,5/9/2026
Siwa Oasis,Heaven Gates Hotel,3427,EGP,2,0,1,,,Siwa,1 km from downtown,5,Hotel,Triple Room,Yes,Breakfast included,"Hot tub/Jacuzzi, Free parking, Restaurant",https://www.booking.com/hotel/eg/heaven-gates.html?aid=304142&label=gen173nr-10CAQoggI46wdIMVgEaEOIAQGYATO4ARfIAQzYAQPoAQH4AQGIAgGoAgG4AsDE_c8GwAIB0gIkOGM3ZTExOGUtMzBhNS00MzI4LWJiYjAtNzBlNjE3MjJlYWQw2AIB4AIB&ucfs=1&arphpl=1&checkin=2026-06-01&checkout=2026-06-02&group_adults=2&req_adults=2&no_rooms=1&group_children=0&req_children=0&hpos=14&hapos=64&sr_order=popularity&srpvid=bc6274a01c2f0c54&srepoch=1778344532&all_sr_blocks=1611982103_432101933_3_1_0&highlighted_blocks=1611982103_432101933_3_1_0&matching_block_id=1611982103_432101933_3_1_0&sr_pri_blocks=1611982103_432101933_3_1_0__6500&from=searchresults,5/9/2026
Siwa Oasis,نيو كليوباترا New cleopatra,527,EGP,2,0,1,,,Siwa,3.3 km from downtown,,Hotel,Double Room with Private Bathroom,Yes,,"Free parking, Restaurant, 24-hour front desk",https://www.booking.com/hotel/eg/nyw-klywbtr-new-cleopatra.html?aid=304142&label=gen173nr-10CAQoggI46wdIMVgEaEOIAQGYATO4ARfIAQzYAQPoAQH4AQGIAgGoAgG4AsDE_c8GwAIB0gIkOGM3ZTExOGUtMzBhNS00MzI4LWJiYjAtNzBlNjE3MjJlYWQw2AIB4AIB&ucfs=1&arphpl=1&checkin=2026-06-01&checkout=2026-06-02&group_adults=2&req_adults=2&no_rooms=1&group_children=0&req_children=0&hpos=15&hapos=65&sr_order=popularity&srpvid=bc6274a01c2f0c54&srepoch=1778344532&all_sr_blocks=1593519801_430399020_2_2_0&highlighted_blocks=1593519801_430399020_2_2_0&matching_block_id=1593519801_430399020_2_2_0&sr_pri_blocks=1593519801_430399020_2_2_0__1000&from=searchresults,5/9/2026
Siwa Oasis,"Agbenakh Gatil, Cozy Garden Home in Siwa",598,EGP,2,0,1,10,1,Siwa,0.9 km from downtown,3,Hotel,One-Bedroom House,No,,"Free parking, Free Wifi",https://www.booking.com/hotel/eg/cozy-eco-style-home-in-a-private-palm-garden-800-m-from-shali-fortress.html?aid=304142&label=gen173nr-10CAQoggI46wdIMVgEaEOIAQGYATO4ARfIAQzYAQPoAQH4AQGIAgGoAgG4AsDE_c8GwAIB0gIkOGM3ZTExOGUtMzBhNS00MzI4LWJiYjAtNzBlNjE3MjJlYWQw2AIB4AIB&ucfs=1&arphpl=1&checkin=2026-06-01&checkout=2026-06-02&group_adults=2&req_adults=2&no_rooms=1&group_children=0&req_children=0&hpos=16&hapos=66&sr_order=popularity&srpvid=bc6274a01c2f0c54&srepoch=1778344532&all_sr_blocks=1542092101_425581731_2_0_0&highlighted_blocks=1542092101_425581731_2_0_0&matching_block_id=1542092101_425581731_2_0_0&sr_pri_blocks=1542092101_425581731_2_0_0__1134&from=searchresults,5/9/2026
Siwa Oasis,Shasha Siwa Retreat & Thermal Spring,1423,EGP,2,0,1,9,20,Siwa,5.1 km from downtown,,Hotel,Bungalow with Garden View,No,Breakfast included,"Hot tub/Jacuzzi, Free parking, 24-hour front desk",https://www.booking.com/hotel/eg/shasha-ecolodge.html?aid=304142&label=gen173nr-10CAQoggI46wdIMVgEaEOIAQGYATO4ARfIAQzYAQPoAQH4AQGIAgGoAgG4AsDE_c8GwAIB0gIkOGM3ZTExOGUtMzBhNS00MzI4LWJiYjAtNzBlNjE3MjJlYWQw2AIB4AIB&ucfs=1&arphpl=1&checkin=2026-06-01&checkout=2026-06-02&group_adults=2&req_adults=2&no_rooms=1&group_children=0&req_children=0&hpos=17&hapos=67&sr_order=popularity&srpvid=bc6274a01c2f0c54&srepoch=1778344532&all_sr_blocks=1331022007_411627183_0_1_0_751846&highlighted_blocks=1331022007_411627183_0_1_0_751846&matching_block_id=1331022007_411627183_0_1_0_751846&sr_pri_blocks=1331022007_411627183_0_1_0_751846_2700&from=searchresults,5/9/2026
Siwa Oasis,Aylan,685,EGP,2,0,1,10,2,Siwa,500 m from downtown,,Apartment,Apartment - Ground Floor,Yes,,"Free parking, Free Wifi",https://www.booking.com/hotel/eg/aylan.html?aid=304142&label=gen173nr-10CAQoggI46wdIMVgEaEOIAQGYATO4ARfIAQzYAQPoAQH4AQGIAgGoAgG4AsDE_c8GwAIB0gIkOGM3ZTExOGUtMzBhNS00MzI4LWJiYjAtNzBlNjE3MjJlYWQw2AIB4AIB&ucfs=1&arphpl=1&checkin=2026-06-01&checkout=2026-06-02&group_adults=2&req_adults=2&no_rooms=1&group_children=0&req_children=0&hpos=18&hapos=68&sr_order=popularity&srpvid=bc6274a01c2f0c54&srepoch=1778344532&all_sr_blocks=1501313701_421804971_4_0_0&highlighted_blocks=1501313701_421804971_4_0_0&matching_block_id=1501313701_421804971_4_0_0&sr_pri_blocks=1501313701_421804971_4_0_0__1300&from=searchresults,5/9/2026
Siwa Oasis,Karam Siwa Camp,264,EGP,2,0,1,8.1,10,Siwa,5.3 km from downtown,,Hotel,Female Dormitory Room,Yes,Breakfast included,"Hot tub/Jacuzzi, Free parking",https://www.booking.com/hotel/eg/syw-qsm-wl-lslm.html?aid=304142&label=gen173nr-10CAQoggI46wdIMVgEaEOIAQGYATO4ARfIAQzYAQPoAQH4AQGIAgGoAgG4AsDE_c8GwAIB0gIkOGM3ZTExOGUtMzBhNS00MzI4LWJiYjAtNzBlNjE3MjJlYWQw2AIB4AIB&ucfs=1&arphpl=1&checkin=2026-06-01&checkout=2026-06-02&group_adults=2&req_adults=2&no_rooms=1&group_children=0&req_children=0&hpos=19&hapos=69&sr_order=popularity&srpvid=bc6274a01c2f0c54&srepoch=1778344532&all_sr_blocks=1208603601_393035880_4_33_0_743901&highlighted_blocks=1208603601_393035880_4_33_0_743901&matching_block_id=1208603601_393035880_4_33_0_743901&sr_pri_blocks=1208603601_393035880_4_33_0_743901_500&from=searchresults,5/9/2026
Siwa Oasis,Agmair Amellal,2952,EGP,2,0,1,,,Siwa,3.2 km from downtown,,Inn,Double Room with Private Bathroom,Yes,Breakfast & dinner included,"Free parking, Bar, Restaurant",https://www.booking.com/hotel/eg/agmair-amellal-syw.html?aid=304142&label=gen173nr-10CAQoggI46wdIMVgEaEOIAQGYATO4ARfIAQzYAQPoAQH4AQGIAgGoAgG4AsDE_c8GwAIB0gIkOGM3ZTExOGUtMzBhNS00MzI4LWJiYjAtNzBlNjE3MjJlYWQw2AIB4AIB&ucfs=1&arphpl=1&checkin=2026-06-01&checkout=2026-06-02&group_adults=2&req_adults=2&no_rooms=1&group_children=0&req_children=0&hpos=20&hapos=70&sr_order=popularity&srpvid=bc6274a01c2f0c54&srepoch=1778344532&all_sr_blocks=1596926601_430713523_2_17_0&highlighted_blocks=1596926601_430713523_2_17_0&matching_block_id=1596926601_430713523_2_17_0&sr_pri_blocks=1596926601_430713523_2_17_0__5600&from=searchresults,5/9/2026
Siwa Oasis,amzran hotel siwa امزران سيوة,1471,EGP,2,0,1,7,6,Siwa,1.3 km from downtown,,Hotel,Budget Double Room,No,Breakfast included,"Heated pool, Free parking, Bar",https://www.booking.com/hotel/eg/amzran.html?aid=304142&label=gen173nr-10CAQoggI46wdIMVgEaEOIAQGYATO4ARfIAQzYAQPoAQH4AQGIAgGoAgG4AsDE_c8GwAIB0gIkOGM3ZTExOGUtMzBhNS00MzI4LWJiYjAtNzBlNjE3MjJlYWQw2AIB4AIB&ucfs=1&arphpl=1&checkin=2026-06-01&checkout=2026-06-02&group_adults=2&req_adults=2&no_rooms=1&group_children=0&req_children=0&hpos=21&hapos=71&sr_order=popularity&srpvid=bc6274a01c2f0c54&srepoch=1778344532&all_sr_blocks=990288907_383649410_2_41_0&highlighted_blocks=990288907_383649410_2_41_0&matching_block_id=990288907_383649410_2_41_0&sr_pri_blocks=990288907_383649410_2_41_0__2790&from=searchresults,5/9/2026
Siwa Oasis,شاليهات كامب نيو كيلوباترا,527,EGP,2,0,1,,,Siwa,1.8 km from downtown,,Hotel,Double Room with Garden View,Yes,Breakfast included,"Free parking, Restaurant",https://www.booking.com/hotel/eg/shlyht-kmb-nyw-kylwbtr.html?aid=304142&label=gen173nr-10CAQoggI46wdIMVgEaEOIAQGYATO4ARfIAQzYAQPoAQH4AQGIAgGoAgG4AsDE_c8GwAIB0gIkOGM3ZTExOGUtMzBhNS00MzI4LWJiYjAtNzBlNjE3MjJlYWQw2AIB4AIB&ucfs=1&arphpl=1&checkin=2026-06-01&checkout=2026-06-02&group_adults=2&req_adults=2&no_rooms=1&group_children=0&req_children=0&hpos=22&hapos=72&sr_order=popularity&srpvid=bc6274a01c2f0c54&srepoch=1778344532&all_sr_blocks=1621214501_432936101_2_1_0&highlighted_blocks=1621214501_432936101_2_1_0&matching_block_id=1621214501_432936101_2_1_0&sr_pri_blocks=1621214501_432936101_2_1_0__1000&from=searchresults,5/9/2026
Siwa Oasis,Siwa Star Rooms,949,EGP,2,0,1,9.8,5,Siwa,0.6 km from downtown,3,Hotel,Double Room with Shared Bathroom,No,,"Free parking, Restaurant, Free Wifi",https://www.booking.com/hotel/eg/siwa-star-rooms.html?aid=304142&label=gen173nr-10CAQoggI46wdIMVgEaEOIAQGYATO4ARfIAQzYAQPoAQH4AQGIAgGoAgG4AsDE_c8GwAIB0gIkOGM3ZTExOGUtMzBhNS00MzI4LWJiYjAtNzBlNjE3MjJlYWQw2AIB4AIB&ucfs=1&arphpl=1&checkin=2026-06-01&checkout=2026-06-02&group_adults=2&req_adults=2&no_rooms=1&group_children=0&req_children=0&hpos=23&hapos=73&sr_order=popularity&srpvid=bc6274a01c2f0c54&srepoch=1778344532&all_sr_blocks=1564822506_427582355_2_2_0&highlighted_blocks=1564822506_427582355_2_2_0&matching_block_id=1564822506_427582355_2_2_0&sr_pri_blocks=1564822506_427582355_2_2_0__1800&from=searchresults,5/9/2026
Siwa Oasis,The Home Siwa ذا هوم سيوة,791,EGP,2,0,1,,,Siwa,1.7 km from downtown,,Hotel,Standard King Room,Yes,Breakfast included,"Bar, Free Wifi, 24-hour front desk",https://www.booking.com/hotel/eg/the-home-siwa.html?aid=304142&label=gen173nr-10CAQoggI46wdIMVgEaEOIAQGYATO4ARfIAQzYAQPoAQH4AQGIAgGoAgG4AsDE_c8GwAIB0gIkOGM3ZTExOGUtMzBhNS00MzI4LWJiYjAtNzBlNjE3MjJlYWQw2AIB4AIB&ucfs=1&arphpl=1&checkin=2026-06-01&checkout=2026-06-02&group_adults=2&req_adults=2&no_rooms=1&group_children=0&req_children=0&hpos=24&hapos=74&sr_order=popularity&srpvid=bc6274a01c2f0c54&srepoch=1778344532&all_sr_blocks=1283372805_426633977_2_1_0&highlighted_blocks=1283372805_426633977_2_1_0&matching_block_id=1283372805_426633977_2_1_0&sr_pri_blocks=1283372805_426633977_2_1_0__1500&from=searchresults,5/9/2026
Siwa Oasis,فندق العجواني,1044,EGP,2,0,1,,,Siwa,3.7 km from downtown,,Hotel,Double Room,No,Breakfast included,"Free parking, Restaurant, Free Wifi",https://www.booking.com/hotel/eg/fndq-l-jwny-sywh.html?aid=304142&label=gen173nr-10CAQoggI46wdIMVgEaEOIAQGYATO4ARfIAQzYAQPoAQH4AQGIAgGoAgG4AsDE_c8GwAIB0gIkOGM3ZTExOGUtMzBhNS00MzI4LWJiYjAtNzBlNjE3MjJlYWQw2AIB4AIB&ucfs=1&arphpl=1&checkin=2026-06-01&checkout=2026-06-02&group_adults=2&req_adults=2&no_rooms=1&group_children=0&req_children=0&hpos=25&hapos=75&sr_order=popularity&srpvid=bc6274a01c2f0c54&srepoch=1778344532&all_sr_blocks=1583478202_429459678_2_1_0&highlighted_blocks=1583478202_429459678_2_1_0&matching_block_id=1583478202_429459678_2_1_0&sr_pri_blocks=1583478202_429459678_2_1_0__1980&from=searchresults,5/9/2026
Fayoum,Tzila Lodge,7532,EGP,2,0,1,8.2,550,Fayoum,34.7 km from downtown,3,Inn,Twin Room with Terrace,No,Breakfast & dinner included,,https://www.booking.com/hotel/eg/tunis-village-villa.html?aid=304142&label=gen173nr-10CAQoggI46wdIMVgEaEOIAQGYATO4ARfIAQzYAQPoAQH4AQGIAgGoAgG4AqrF_c8GwAIB0gIkY2YxMWQ4ZjctNjFkNS00MmNiLWEyNDgtYmM4MmFlZWViZjIx2AIB4AIB&ucfs=1&arphpl=1&checkin=2026-06-01&checkout=2026-06-02&group_adults=2&req_adults=2&no_rooms=1&group_children=0&req_children=0&hpos=1&hapos=1&sr_order=popularity&srpvid=68e974d568ff0367&srepoch=1778344626&all_sr_blocks=420740018_127836853_0_25_0_885230&highlighted_blocks=420740018_127836853_0_25_0_885230&matching_block_id=420740018_127836853_0_25_0_885230&sr_pri_blocks=420740018_127836853_0_25_0_885230_14287&from=searchresults,5/9/2026
Fayoum,New Panorama Resort,1951,EGP,2,0,1,7.1,91,Fayoum,19.1 km from downtown,3,Resort,Double Room with Lake View,Yes,Breakfast included,,https://www.booking.com/hotel/eg/new-panorama-resort.html?aid=304142&label=gen173nr-10CAQoggI46wdIMVgEaEOIAQGYATO4ARfIAQzYAQPoAQH4AQGIAgGoAgG4AqrF_c8GwAIB0gIkY2YxMWQ4ZjctNjFkNS00MmNiLWEyNDgtYmM4MmFlZWViZjIx2AIB4AIB&ucfs=1&arphpl=1&checkin=2026-06-01&checkout=2026-06-02&group_adults=2&req_adults=2&no_rooms=1&group_children=0&req_children=0&hpos=2&hapos=2&sr_order=popularity&srpvid=68e974d568ff0367&srepoch=1778344626&all_sr_blocks=412162101_203777865_2_1_0&highlighted_blocks=412162101_203777865_2_1_0&matching_block_id=412162101_203777865_2_1_0&sr_pri_blocks=412162101_203777865_2_1_0__3700&from=searchresults,5/9/2026
Fayoum,Helnan Auberge Fayoum,4436,EGP,2,0,1,7.6,453,Fayoum,19.1 km from downtown,5,Hotel,Back View Room,Yes,Breakfast included,,https://www.booking.com/hotel/eg/helnan-auberge-fayoum.html?aid=304142&label=gen173nr-10CAQoggI46wdIMVgEaEOIAQGYATO4ARfIAQzYAQPoAQH4AQGIAgGoAgG4AqrF_c8GwAIB0gIkY2YxMWQ4ZjctNjFkNS00MmNiLWEyNDgtYmM4MmFlZWViZjIx2AIB4AIB&ucfs=1&arphpl=1&checkin=2026-06-01&checkout=2026-06-02&group_adults=2&req_adults=2&no_rooms=1&group_children=0&req_children=0&hpos=3&hapos=3&sr_order=popularity&srpvid=68e974d568ff0367&srepoch=1778344626&all_sr_blocks=1612516_227540665_0_41_0&highlighted_blocks=1612516_227540665_0_41_0&matching_block_id=1612516_227540665_0_41_0&sr_pri_blocks=1612516_227540665_0_41_0__8415&from=searchresults,5/9/2026
Fayoum,Tunis Tone Ecolodge & Campsite,1318,EGP,2,0,1,8.2,99,Fayoum,35.1 km from downtown,,Hotel,Tent,Yes,Breakfast included,,https://www.booking.com/hotel/eg/tunis-tone-ecolodge-amp-campsite.html?aid=304142&label=gen173nr-10CAQoggI46wdIMVgEaEOIAQGYATO4ARfIAQzYAQPoAQH4AQGIAgGoAgG4AqrF_c8GwAIB0gIkY2YxMWQ4ZjctNjFkNS00MmNiLWEyNDgtYmM4MmFlZWViZjIx2AIB4AIB&ucfs=1&arphpl=1&checkin=2026-06-01&checkout=2026-06-02&group_adults=2&req_adults=2&no_rooms=1&group_children=0&req_children=0&hpos=4&hapos=4&sr_order=popularity&srpvid=68e974d568ff0367&srepoch=1778344626&all_sr_blocks=1286140902_433367597_2_1_0&highlighted_blocks=1286140902_433367597_2_1_0&matching_block_id=1286140902_433367597_2_1_0&sr_pri_blocks=1286140902_433367597_2_1_0__2500&from=searchresults,5/9/2026
Fayoum,Jazirat Alqarn Hostel,1281,EGP,2,0,1,6.9,43,Fayoum,32.2 km from downtown,,Hostel,Double Room,No,Breakfast included,,https://www.booking.com/hotel/eg/jazirat-alqarn-hostel.html?aid=304142&label=gen173nr-10CAQoggI46wdIMVgEaEOIAQGYATO4ARfIAQzYAQPoAQH4AQGIAgGoAgG4AqrF_c8GwAIB0gIkY2YxMWQ4ZjctNjFkNS00MmNiLWEyNDgtYmM4MmFlZWViZjIx2AIB4AIB&ucfs=1&arphpl=1&checkin=2026-06-01&checkout=2026-06-02&group_adults=2&req_adults=2&no_rooms=1&group_children=0&req_children=0&hpos=5&hapos=5&sr_order=popularity&srpvid=68e974d568ff0367&srepoch=1778344626&all_sr_blocks=1333565901_405858728_2_1_0&highlighted_blocks=1333565901_405858728_2_1_0&matching_block_id=1333565901_405858728_2_1_0&sr_pri_blocks=1333565901_405858728_2_1_0__2430&from=searchresults,5/9/2026
Fayoum,Queen Hotel Fayoum,4218,EGP,2,0,1,7.5,18,Fayoum,300 m from downtown,,Hotel,Double Room,Yes,Breakfast included,,https://www.booking.com/hotel/eg/queen-fayoum.html?aid=304142&label=gen173nr-10CAQoggI46wdIMVgEaEOIAQGYATO4ARfIAQzYAQPoAQH4AQGIAgGoAgG4AqrF_c8GwAIB0gIkY2YxMWQ4ZjctNjFkNS00MmNiLWEyNDgtYmM4MmFlZWViZjIx2AIB4AIB&ucfs=1&arphpl=1&checkin=2026-06-01&checkout=2026-06-02&group_adults=2&req_adults=2&no_rooms=1&group_children=0&req_children=0&hpos=6&hapos=6&sr_order=popularity&srpvid=68e974d568ff0367&srepoch=1778344626&all_sr_blocks=958857702_380478676_2_1_0&highlighted_blocks=958857702_380478676_2_1_0&matching_block_id=958857702_380478676_2_1_0&sr_pri_blocks=958857702_380478676_2_1_0__8000&from=searchresults,5/9/2026
Fayoum,Tache Boutique Hotel Fayoum,5599,EGP,2,0,1,8.1,43,Fayoum,37.2 km from downtown,,Hotel,Deluxe Double Room with Balcony,No,Breakfast included,,https://www.booking.com/hotel/eg/tache-boutique-fayoum.html?aid=304142&label=gen173nr-10CAQoggI46wdIMVgEaEOIAQGYATO4ARfIAQzYAQPoAQH4AQGIAgGoAgG4AqrF_c8GwAIB0gIkY2YxMWQ4ZjctNjFkNS00MmNiLWEyNDgtYmM4MmFlZWViZjIx2AIB4AIB&ucfs=1&arphpl=1&checkin=2026-06-01&checkout=2026-06-02&group_adults=2&req_adults=2&no_rooms=1&group_children=0&req_children=0&hpos=7&hapos=7&sr_order=popularity&srpvid=68e974d568ff0367&srepoch=1778344626&all_sr_blocks=777748601_336112185_2_1_0&highlighted_blocks=777748601_336112185_2_1_0&matching_block_id=777748601_336112185_2_1_0&sr_pri_blocks=777748601_336112185_2_1_0__10620&from=searchresults,5/9/2026
Fayoum,Beit Ain al Haya,6073,EGP,2,0,1,9.5,34,Fayoum,34.8 km from downtown,3,Hotel,One-Bedroom House,No,,,https://www.booking.com/hotel/eg/beit-ain-al-haya.html?aid=304142&label=gen173nr-10CAQoggI46wdIMVgEaEOIAQGYATO4ARfIAQzYAQPoAQH4AQGIAgGoAgG4AqrF_c8GwAIB0gIkY2YxMWQ4ZjctNjFkNS00MmNiLWEyNDgtYmM4MmFlZWViZjIx2AIB4AIB&ucfs=1&arphpl=1&checkin=2026-06-01&checkout=2026-06-02&group_adults=2&req_adults=2&no_rooms=1&group_children=0&req_children=0&hpos=8&hapos=8&sr_order=popularity&srpvid=68e974d568ff0367&srepoch=1778344626&all_sr_blocks=1247132901_397064380_2_0_0&highlighted_blocks=1247132901_397064380_2_0_0&matching_block_id=1247132901_397064380_2_0_0&sr_pri_blocks=1247132901_397064380_2_0_0__11520&from=searchresults,5/9/2026
Fayoum,فاكانزا شقة فندقية مفروشة- vacanze,2783,EGP,2,0,1,8.9,77,Fayoum,0.8 km from downtown,4,Apartment,Two-Bedroom Apartment,No,,,https://www.booking.com/hotel/eg/shq-fndqy-mfrwsh-elfayoum.html?aid=304142&label=gen173nr-10CAQoggI46wdIMVgEaEOIAQGYATO4ARfIAQzYAQPoAQH4AQGIAgGoAgG4AqrF_c8GwAIB0gIkY2YxMWQ4ZjctNjFkNS00MmNiLWEyNDgtYmM4MmFlZWViZjIx2AIB4AIB&ucfs=1&arphpl=1&checkin=2026-06-01&checkout=2026-06-02&group_adults=2&req_adults=2&no_rooms=1&group_children=0&req_children=0&hpos=9&hapos=9&sr_order=popularity&srpvid=68e974d568ff0367&srepoch=1778344635&all_sr_blocks=875707901_356455412_2_0_0&highlighted_blocks=875707901_356455412_2_0_0&matching_block_id=875707901_356455412_2_0_0&sr_pri_blocks=875707901_356455412_2_0_0__5279&from=searchresults,5/9/2026
Fayoum,Tzila Camp,3954,EGP,2,0,1,7.5,14,Fayoum,55.6 km from downtown,,Inn,Tent,Yes,Breakfast & dinner included,,https://www.booking.com/hotel/eg/tzila-camp-fayoum.html?aid=304142&label=gen173nr-10CAQoggI46wdIMVgEaEOIAQGYATO4ARfIAQzYAQPoAQH4AQGIAgGoAgG4AqrF_c8GwAIB0gIkY2YxMWQ4ZjctNjFkNS00MmNiLWEyNDgtYmM4MmFlZWViZjIx2AIB4AIB&ucfs=1&arphpl=1&checkin=2026-06-01&checkout=2026-06-02&group_adults=2&req_adults=2&no_rooms=1&group_children=0&req_children=0&hpos=10&hapos=10&sr_order=popularity&srpvid=68e974d568ff0367&srepoch=1778344635&all_sr_blocks=790631810_338845594_2_17_0&highlighted_blocks=790631810_338845594_2_17_0&matching_block_id=790631810_338845594_2_17_0&sr_pri_blocks=790631810_338845594_2_17_0__7500&from=searchresults,5/9/2026
Fayoum,Tunis Village Chalet,5272,EGP,2,0,1,8.7,74,Fayoum,35.4 km from downtown,4,Villa,Two-Bedroom Chalet,No,Breakfast included,,https://www.booking.com/hotel/eg/qry-twns-shlyh.html?aid=304142&label=gen173nr-10CAQoggI46wdIMVgEaEOIAQGYATO4ARfIAQzYAQPoAQH4AQGIAgGoAgG4AqrF_c8GwAIB0gIkY2YxMWQ4ZjctNjFkNS00MmNiLWEyNDgtYmM4MmFlZWViZjIx2AIB4AIB&ucfs=1&arphpl=1&checkin=2026-06-01&checkout=2026-06-02&group_adults=2&req_adults=2&no_rooms=1&group_children=0&req_children=0&hpos=11&hapos=11&sr_order=popularity&srpvid=68e974d568ff0367&srepoch=1778344635&all_sr_blocks=480276101_172835787_4_1_0&highlighted_blocks=480276101_172835787_4_1_0&matching_block_id=480276101_172835787_4_1_0&sr_pri_blocks=480276101_172835787_4_1_0__10000&from=searchresults,5/9/2026
Fayoum,فندق ومطعم البرج,2159,EGP,2,0,1,9.1,6,Fayoum,21.2 km from downtown,,Apartment,Two-Bedroom Apartment,No,,,https://www.booking.com/hotel/eg/fndq-wmt-m-lbrj.html?aid=304142&label=gen173nr-10CAQoggI46wdIMVgEaEOIAQGYATO4ARfIAQzYAQPoAQH4AQGIAgGoAgG4AqrF_c8GwAIB0gIkY2YxMWQ4ZjctNjFkNS00MmNiLWEyNDgtYmM4MmFlZWViZjIx2AIB4AIB&ucfs=1&arphpl=1&checkin=2026-06-01&checkout=2026-06-02&group_adults=2&req_adults=2&no_rooms=1&group_children=0&req_children=0&hpos=12&hapos=12&sr_order=popularity&srpvid=68e974d568ff0367&srepoch=1778344635&all_sr_blocks=1354098101_407740100_4_0_0&highlighted_blocks=1354098101_407740100_4_0_0&matching_block_id=1354098101_407740100_4_0_0&sr_pri_blocks=1354098101_407740100_4_0_0__4095&from=searchresults,5/9/2026
Fayoum,Casa Byoum jungle,2372,EGP,2,0,1,5.5,2,Fayoum,0.8 km from downtown,,Hotel,One-Bedroom Chalet,No,,,https://www.booking.com/hotel/eg/casa-byoum-jungle.html?aid=304142&label=gen173nr-10CAQoggI46wdIMVgEaEOIAQGYATO4ARfIAQzYAQPoAQH4AQGIAgGoAgG4AqrF_c8GwAIB0gIkY2YxMWQ4ZjctNjFkNS00MmNiLWEyNDgtYmM4MmFlZWViZjIx2AIB4AIB&ucfs=1&arphpl=1&checkin=2026-06-01&checkout=2026-06-02&group_adults=2&req_adults=2&no_rooms=1&group_children=0&req_children=0&hpos=13&hapos=13&sr_order=popularity&srpvid=68e974d568ff0367&srepoch=1778344635&all_sr_blocks=1356156401_407915100_2_42_0&highlighted_blocks=1356156401_407915100_2_42_0&matching_block_id=1356156401_407915100_2_42_0&sr_pri_blocks=1356156401_407915100_2_42_0__4500&from=searchresults,5/9/2026
Fayoum,Dar nour tunis fayoum,4935,EGP,2,0,1,8,1,Fayoum,35.4 km from downtown,,Villa,Two-Bedroom Villa,No,,,https://www.booking.com/hotel/eg/dar-nour-tunis-fayoum.html?aid=304142&label=gen173nr-10CAQoggI46wdIMVgEaEOIAQGYATO4ARfIAQzYAQPoAQH4AQGIAgGoAgG4AqrF_c8GwAIB0gIkY2YxMWQ4ZjctNjFkNS00MmNiLWEyNDgtYmM4MmFlZWViZjIx2AIB4AIB&ucfs=1&arphpl=1&checkin=2026-06-01&checkout=2026-06-02&group_adults=2&req_adults=2&no_rooms=1&group_children=0&req_children=0&hpos=14&hapos=14&sr_order=popularity&srpvid=68e974d568ff0367&srepoch=1778344635&all_sr_blocks=1597555901_430767556_4_0_0&highlighted_blocks=1597555901_430767556_4_0_0&matching_block_id=1597555901_430767556_4_0_0&sr_pri_blocks=1597555901_430767556_4_0_0__9360&from=searchresults,5/9/2026
Fayoum,Aziz Villa,3321,EGP,2,0,1,7.2,5,Fayoum,37.8 km from downtown,3,Villa,Two-Bedroom Villa,No,,,https://www.booking.com/hotel/eg/aziz-villa.html?aid=304142&label=gen173nr-10CAQoggI46wdIMVgEaEOIAQGYATO4ARfIAQzYAQPoAQH4AQGIAgGoAgG4AqrF_c8GwAIB0gIkY2YxMWQ4ZjctNjFkNS00MmNiLWEyNDgtYmM4MmFlZWViZjIx2AIB4AIB&ucfs=1&arphpl=1&checkin=2026-06-01&checkout=2026-06-02&group_adults=2&req_adults=2&no_rooms=1&group_children=0&req_children=0&hpos=15&hapos=15&sr_order=popularity&srpvid=68e974d568ff0367&srepoch=1778344635&all_sr_blocks=1354861601_409519904_0_0_0&highlighted_blocks=1354861601_409519904_0_0_0&matching_block_id=1354861601_409519904_0_0_0&sr_pri_blocks=1354861601_409519904_0_0_0__6300&from=searchresults,5/9/2026
Fayoum,Nature house,3321,EGP,2,0,1,10,1,Fayoum,34.9 km from downtown,,Hotel,One-Bedroom Chalet,No,,,https://www.booking.com/hotel/eg/nature-house-fayoum.html?aid=304142&label=gen173nr-10CAQoggI46wdIMVgEaEOIAQGYATO4ARfIAQzYAQPoAQH4AQGIAgGoAgG4AqrF_c8GwAIB0gIkY2YxMWQ4ZjctNjFkNS00MmNiLWEyNDgtYmM4MmFlZWViZjIx2AIB4AIB&ucfs=1&arphpl=1&checkin=2026-06-01&checkout=2026-06-02&group_adults=2&req_adults=2&no_rooms=1&group_children=0&req_children=0&hpos=16&hapos=16&sr_order=popularity&srpvid=68e974d568ff0367&srepoch=1778344635&all_sr_blocks=1532387301_424758549_2_0_0&highlighted_blocks=1532387301_424758549_2_0_0&matching_block_id=1532387301_424758549_2_0_0&sr_pri_blocks=1532387301_424758549_2_0_0__6300&from=searchresults,5/9/2026
Fayoum,Azzam Guest House 1 families only,2465,EGP,2,0,1,,,Fayoum,1.6 km from downtown,,Apartment,Three-Bedroom Apartment,No,,,https://www.booking.com/hotel/eg/azzam.html?aid=304142&label=gen173nr-10CAQoggI46wdIMVgEaEOIAQGYATO4ARfIAQzYAQPoAQH4AQGIAgGoAgG4AqrF_c8GwAIB0gIkY2YxMWQ4ZjctNjFkNS00MmNiLWEyNDgtYmM4MmFlZWViZjIx2AIB4AIB&ucfs=1&arphpl=1&checkin=2026-06-01&checkout=2026-06-02&group_adults=2&req_adults=2&no_rooms=1&group_children=0&req_children=0&hpos=17&hapos=17&sr_order=popularity&srpvid=68e974d568ff0367&srepoch=1778344635&all_sr_blocks=903119601_361143619_3_0_0&highlighted_blocks=903119601_361143619_3_0_0&matching_block_id=903119601_361143619_3_0_0&sr_pri_blocks=903119601_361143619_3_0_0__4675&from=searchresults,5/9/2026
Fayoum,Safari egy,5272,EGP,2,0,1,,,Fayoum,20.5 km from downtown,,Hotel,Double Room,Yes,,,https://www.booking.com/hotel/eg/safari-egy.html?aid=304142&label=gen173nr-10CAQoggI46wdIMVgEaEOIAQGYATO4ARfIAQzYAQPoAQH4AQGIAgGoAgG4AqrF_c8GwAIB0gIkY2YxMWQ4ZjctNjFkNS00MmNiLWEyNDgtYmM4MmFlZWViZjIx2AIB4AIB&ucfs=1&arphpl=1&checkin=2026-06-01&checkout=2026-06-02&group_adults=2&req_adults=2&no_rooms=1&group_children=0&req_children=0&hpos=18&hapos=18&sr_order=popularity&srpvid=68e974d568ff0367&srepoch=1778344635&all_sr_blocks=1611547701_432061014_4_0_0&highlighted_blocks=1611547701_432061014_4_0_0&matching_block_id=1611547701_432061014_4_0_0&sr_pri_blocks=1611547701_432061014_4_0_0__10000&from=searchresults,5/9/2026
Fayoum,Iteru inn villa,22142,EGP,2,0,1,,,Fayoum,36.2 km from downtown,3,Villa,Villa with Private Pool,No,,,https://www.booking.com/hotel/eg/iteru-inn-villa.html?aid=304142&label=gen173nr-10CAQoggI46wdIMVgEaEOIAQGYATO4ARfIAQzYAQPoAQH4AQGIAgGoAgG4AqrF_c8GwAIB0gIkY2YxMWQ4ZjctNjFkNS00MmNiLWEyNDgtYmM4MmFlZWViZjIx2AIB4AIB&ucfs=1&arphpl=1&checkin=2026-06-01&checkout=2026-06-02&group_adults=2&req_adults=2&no_rooms=1&group_children=0&req_children=0&hpos=19&hapos=19&sr_order=popularity&srpvid=68e974d568ff0367&srepoch=1778344635&all_sr_blocks=1520474401_423713214_14_0_0&highlighted_blocks=1520474401_423713214_14_0_0&matching_block_id=1520474401_423713214_14_0_0&sr_pri_blocks=1520474401_423713214_14_0_0__42000&from=searchresults,5/9/2026
Fayoum,الفيروز شقه فندقيه الفيوم دله,83034,EGP,2,0,1,,,Fayoum,300 m from downtown,,Apartment,Two-Bedroom Apartment,Yes,,,https://www.booking.com/hotel/eg/shqh-mfrwshh-wl-lfywm.html?aid=304142&label=gen173nr-10CAQoggI46wdIMVgEaEOIAQGYATO4ARfIAQzYAQPoAQH4AQGIAgGoAgG4AqrF_c8GwAIB0gIkY2YxMWQ4ZjctNjFkNS00MmNiLWEyNDgtYmM4MmFlZWViZjIx2AIB4AIB&ucfs=1&arphpl=1&checkin=2026-06-01&checkout=2026-06-02&group_adults=2&req_adults=2&no_rooms=1&group_children=0&req_children=0&hpos=20&hapos=20&sr_order=popularity&srpvid=68e974d568ff0367&srepoch=1778344635&all_sr_blocks=1419511401_413610921_2_0_0&highlighted_blocks=1419511401_413610921_2_0_0&matching_block_id=1419511401_413610921_2_0_0&sr_pri_blocks=1419511401_413610921_2_0_0__157500&from=searchresults,5/9/2026
Fayoum,Villa on Qarun lake beach elfayoum,3321,EGP,2,0,1,1,1,Fayoum,37.8 km from downtown,4,Villa,Villa with Garden View,No,,,https://www.booking.com/hotel/eg/villa-on-qarun-lake-beach-elfayoum.html?aid=304142&label=gen173nr-10CAQoggI46wdIMVgEaEOIAQGYATO4ARfIAQzYAQPoAQH4AQGIAgGoAgG4AqrF_c8GwAIB0gIkY2YxMWQ4ZjctNjFkNS00MmNiLWEyNDgtYmM4MmFlZWViZjIx2AIB4AIB&ucfs=1&arphpl=1&checkin=2026-06-01&checkout=2026-06-02&group_adults=2&req_adults=2&no_rooms=1&group_children=0&req_children=0&hpos=21&hapos=21&sr_order=popularity&srpvid=68e974d568ff0367&srepoch=1778344635&all_sr_blocks=1332921401_405800371_2_0_0&highlighted_blocks=1332921401_405800371_2_0_0&matching_block_id=1332921401_405800371_2_0_0&sr_pri_blocks=1332921401_405800371_2_0_0__6300&from=searchresults,5/9/2026
Fayoum,الفيوم,28469,EGP,2,0,1,,,Fayoum,0.7 km from downtown,,Apartment,One-Bedroom Apartment,No,,,https://www.booking.com/hotel/eg/lfywm-lfywm2.html?aid=304142&label=gen173nr-10CAQoggI46wdIMVgEaEOIAQGYATO4ARfIAQzYAQPoAQH4AQGIAgGoAgG4AqrF_c8GwAIB0gIkY2YxMWQ4ZjctNjFkNS00MmNiLWEyNDgtYmM4MmFlZWViZjIx2AIB4AIB&ucfs=1&arphpl=1&checkin=2026-06-01&checkout=2026-06-02&group_adults=2&req_adults=2&no_rooms=1&group_children=0&req_children=0&hpos=22&hapos=22&sr_order=popularity&srpvid=68e974d568ff0367&srepoch=1778344635&all_sr_blocks=1331434701_405669895_2_0_0&highlighted_blocks=1331434701_405669895_2_0_0&matching_block_id=1331434701_405669895_2_0_0&sr_pri_blocks=1331434701_405669895_2_0_0__54000&from=searchresults,5/9/2026
Fayoum,المسلة شقة فندقية - Obelisk Hotel Apartment,2372,EGP,2,0,1,9,1,Mudīrīyah,1.6 km from Fayoum,,Apartment,Two-Bedroom Apartment,Yes,,,https://www.booking.com/hotel/eg/lmsl-shq-fndqy-obelisk-apartment.html?aid=304142&label=gen173nr-10CAQoggI46wdIMVgEaEOIAQGYATO4ARfIAQzYAQPoAQH4AQGIAgGoAgG4AqrF_c8GwAIB0gIkY2YxMWQ4ZjctNjFkNS00MmNiLWEyNDgtYmM4MmFlZWViZjIx2AIB4AIB&ucfs=1&arphpl=1&checkin=2026-06-01&checkout=2026-06-02&group_adults=2&req_adults=2&no_rooms=1&group_children=0&req_children=0&hpos=23&hapos=23&sr_order=popularity&srpvid=68e974d568ff0367&srepoch=1778344635&all_sr_blocks=1361225101_408431599_4_0_0&highlighted_blocks=1361225101_408431599_4_0_0&matching_block_id=1361225101_408431599_4_0_0&sr_pri_blocks=1361225101_408431599_4_0_0__4500&from=searchresults,5/9/2026
Fayoum,الفيروز شقة فندقية,3748,EGP,2,0,1,,,Mudīrīyah,2.5 km from Fayoum,,Apartment,Three-Bedroom Apartment,No,,,https://www.booking.com/hotel/eg/lfyrwz-shq-fndqy.html?aid=304142&label=gen173nr-10CAQoggI46wdIMVgEaEOIAQGYATO4ARfIAQzYAQPoAQH4AQGIAgGoAgG4AqrF_c8GwAIB0gIkY2YxMWQ4ZjctNjFkNS00MmNiLWEyNDgtYmM4MmFlZWViZjIx2AIB4AIB&ucfs=1&arphpl=1&checkin=2026-06-01&checkout=2026-06-02&group_adults=2&req_adults=2&no_rooms=1&group_children=0&req_children=0&hpos=24&hapos=24&sr_order=popularity&srpvid=68e974d568ff0367&srepoch=1778344635&all_sr_blocks=1516748401_423402935_6_0_0&highlighted_blocks=1516748401_423402935_6_0_0&matching_block_id=1516748401_423402935_6_0_0&sr_pri_blocks=1516748401_423402935_6_0_0__7110&from=searchresults,5/9/2026
Fayoum,Montaza,712,EGP,2,0,1,1,1,‘Izbat Muḩmmad Khamīs az Zamlūţī,3.4 km from Fayoum,,Hotel,Triple Room,No,,,https://www.booking.com/hotel/eg/montaza.html?aid=304142&label=gen173nr-10CAQoggI46wdIMVgEaEOIAQGYATO4ARfIAQzYAQPoAQH4AQGIAgGoAgG4AqrF_c8GwAIB0gIkY2YxMWQ4ZjctNjFkNS00MmNiLWEyNDgtYmM4MmFlZWViZjIx2AIB4AIB&ucfs=1&arphpl=1&checkin=2026-06-01&checkout=2026-06-02&group_adults=2&req_adults=2&no_rooms=1&group_children=0&req_children=0&hpos=25&hapos=25&sr_order=popularity&srpvid=68e974d568ff0367&srepoch=1778344635&all_sr_blocks=1397793701_411660104_2_0_0&highlighted_blocks=1397793701_411660104_2_0_0&matching_block_id=1397793701_411660104_2_0_0&sr_pri_blocks=1397793701_411660104_2_0_0__1350&from=searchresults,5/9/2026
Fayoum,الفريده شقة فندقية,9490,EGP,2,0,1,,,Mudīrīyah,2.9 km from Fayoum,,Apartment,Two-Bedroom Apartment,No,,,https://www.booking.com/hotel/eg/shq-lfrydh-fndqyh-dlh.html?aid=304142&label=gen173nr-10CAQoggI46wdIMVgEaEOIAQGYATO4ARfIAQzYAQPoAQH4AQGIAgGoAgG4AqrF_c8GwAIB0gIkY2YxMWQ4ZjctNjFkNS00MmNiLWEyNDgtYmM4MmFlZWViZjIx2AIB4AIB&ucfs=1&arphpl=1&checkin=2026-06-01&checkout=2026-06-02&group_adults=2&req_adults=2&no_rooms=1&group_children=0&req_children=0&hpos=1&hapos=26&sr_order=popularity&srpvid=68e974d568ff0367&srepoch=1778344626&all_sr_blocks=1508569301_422608687_6_0_0&highlighted_blocks=1508569301_422608687_6_0_0&matching_block_id=1508569301_422608687_6_0_0&sr_pri_blocks=1508569301_422608687_6_0_0__18000&from=searchresults,5/9/2026
Fayoum,فندق فرايدي,2214,EGP,2,0,1,,,‘Ezbet Sa‘dî Mugâwir,18.7 km from Fayoum,3,Hotel,Double Room,Yes,Breakfast included,,https://www.booking.com/hotel/eg/fndq-frydy-mrkz-snwrs.html?aid=304142&label=gen173nr-10CAQoggI46wdIMVgEaEOIAQGYATO4ARfIAQzYAQPoAQH4AQGIAgGoAgG4AqrF_c8GwAIB0gIkY2YxMWQ4ZjctNjFkNS00MmNiLWEyNDgtYmM4MmFlZWViZjIx2AIB4AIB&ucfs=1&arphpl=1&checkin=2026-06-01&checkout=2026-06-02&group_adults=2&req_adults=2&no_rooms=1&group_children=0&req_children=0&hpos=2&hapos=27&sr_order=popularity&srpvid=68e974d568ff0367&srepoch=1778344626&all_sr_blocks=1555695801_426706094_2_1_0&highlighted_blocks=1555695801_426706094_2_1_0&matching_block_id=1555695801_426706094_2_1_0&sr_pri_blocks=1555695801_426706094_2_1_0__4200&from=searchresults,5/9/2026
Fayoum,Fayoum Hotel,3163,EGP,2,0,1,7,344,‘Ezbet Sa‘dî Mugâwir,21 km from Fayoum,4,Hotel,Double Room,No,Breakfast included,,https://www.booking.com/hotel/eg/fayoum-armed-forces.html?aid=304142&label=gen173nr-10CAQoggI46wdIMVgEaEOIAQGYATO4ARfIAQzYAQPoAQH4AQGIAgGoAgG4AqrF_c8GwAIB0gIkY2YxMWQ4ZjctNjFkNS00MmNiLWEyNDgtYmM4MmFlZWViZjIx2AIB4AIB&ucfs=1&arphpl=1&checkin=2026-06-01&checkout=2026-06-02&group_adults=2&req_adults=2&no_rooms=1&group_children=0&req_children=0&hpos=3&hapos=28&sr_order=popularity&srpvid=68e974d568ff0367&srepoch=1778344626&all_sr_blocks=179831901_405605564_2_1_0&highlighted_blocks=179831901_405605564_2_1_0&matching_block_id=179831901_405605564_2_1_0&sr_pri_blocks=179831901_405605564_2_1_0__6000&from=searchresults,5/9/2026
Fayoum,الضيافة,1125,EGP,2,0,1,9,2,Shakshuk,21.1 km from Fayoum,,Apartment,Two-Bedroom Apartment,Yes,,,https://www.booking.com/hotel/eg/ldyf.html?aid=304142&label=gen173nr-10CAQoggI46wdIMVgEaEOIAQGYATO4ARfIAQzYAQPoAQH4AQGIAgGoAgG4AqrF_c8GwAIB0gIkY2YxMWQ4ZjctNjFkNS00MmNiLWEyNDgtYmM4MmFlZWViZjIx2AIB4AIB&ucfs=1&arphpl=1&checkin=2026-06-01&checkout=2026-06-02&group_adults=2&req_adults=2&no_rooms=1&group_children=0&req_children=0&hpos=4&hapos=29&sr_order=popularity&srpvid=68e974d568ff0367&srepoch=1778344626&all_sr_blocks=876455401_356605412_2_0_0&highlighted_blocks=876455401_356605412_2_0_0&matching_block_id=876455401_356605412_2_0_0&sr_pri_blocks=876455401_356605412_2_0_0__2134&from=searchresults,5/9/2026
Fayoum,Holiday Inn fayoum,2161,EGP,2,0,1,7.8,5,Kafr Maḩfūz̧,21.9 km from Fayoum,,Inn,Deluxe Double or Twin Room with City View,No,,,https://www.booking.com/hotel/eg/ltltltl.html?aid=304142&label=gen173nr-10CAQoggI46wdIMVgEaEOIAQGYATO4ARfIAQzYAQPoAQH4AQGIAgGoAgG4AqrF_c8GwAIB0gIkY2YxMWQ4ZjctNjFkNS00MmNiLWEyNDgtYmM4MmFlZWViZjIx2AIB4AIB&ucfs=1&arphpl=1&checkin=2026-06-01&checkout=2026-06-02&group_adults=2&req_adults=2&no_rooms=1&group_children=0&req_children=0&hpos=5&hapos=30&sr_order=popularity&srpvid=68e974d568ff0367&srepoch=1778344626&all_sr_blocks=974763001_369852457_0_0_0&highlighted_blocks=974763001_369852457_0_0_0&matching_block_id=974763001_369852457_0_0_0&sr_pri_blocks=974763001_369852457_0_0_0__4099&from=searchresults,5/9/2026
Fayoum,شقق وشليهات رشيد علي ضفاف بحيره قارون,1281,EGP,2,0,1,5.3,3,Shakshuk,21.1 km from Fayoum,2,Apartment,One-Bedroom Apartment,No,,,https://www.booking.com/hotel/eg/shqq-ljr-l-dff-bhyr-qrwn.html?aid=304142&label=gen173nr-10CAQoggI46wdIMVgEaEOIAQGYATO4ARfIAQzYAQPoAQH4AQGIAgGoAgG4AqrF_c8GwAIB0gIkY2YxMWQ4ZjctNjFkNS00MmNiLWEyNDgtYmM4MmFlZWViZjIx2AIB4AIB&ucfs=1&arphpl=1&checkin=2026-06-01&checkout=2026-06-02&group_adults=2&req_adults=2&no_rooms=1&group_children=0&req_children=0&hpos=6&hapos=31&sr_order=popularity&srpvid=68e974d568ff0367&srepoch=1778344626&all_sr_blocks=828047201_347344571_0_0_0&highlighted_blocks=828047201_347344571_0_0_0&matching_block_id=828047201_347344571_0_0_0&sr_pri_blocks=828047201_347344571_0_0_0__2430&from=searchresults,5/9/2026
Fayoum,مون لايت Moon Light Villa,8114,EGP,2,0,1,8.1,24,‘Ezbet Sa‘dî Mugâwir,20.7 km from Fayoum,4,Villa,Three-Bedroom Villa,No,,,https://www.booking.com/hotel/eg/moon-light-villa.html?aid=304142&label=gen173nr-10CAQoggI46wdIMVgEaEOIAQGYATO4ARfIAQzYAQPoAQH4AQGIAgGoAgG4AqrF_c8GwAIB0gIkY2YxMWQ4ZjctNjFkNS00MmNiLWEyNDgtYmM4MmFlZWViZjIx2AIB4AIB&ucfs=1&arphpl=1&checkin=2026-06-01&checkout=2026-06-02&group_adults=2&req_adults=2&no_rooms=1&group_children=0&req_children=0&hpos=7&hapos=32&sr_order=popularity&srpvid=68e974d568ff0367&srepoch=1778344626&all_sr_blocks=942309601_366444362_10_0_0&highlighted_blocks=942309601_366444362_10_0_0&matching_block_id=942309601_366444362_10_0_0&sr_pri_blocks=942309601_366444362_10_0_0__15390&from=searchresults,5/9/2026
Fayoum,شاليهات البرج,2610,EGP,2,0,1,,,Shakshuk,21.3 km from Fayoum,,Apartment,Three-Bedroom Apartment,No,,,https://www.booking.com/hotel/eg/shlyht-lbrj.html?aid=304142&label=gen173nr-10CAQoggI46wdIMVgEaEOIAQGYATO4ARfIAQzYAQPoAQH4AQGIAgGoAgG4AqrF_c8GwAIB0gIkY2YxMWQ4ZjctNjFkNS00MmNiLWEyNDgtYmM4MmFlZWViZjIx2AIB4AIB&ucfs=1&arphpl=1&checkin=2026-06-01&checkout=2026-06-02&group_adults=2&req_adults=2&no_rooms=1&group_children=0&req_children=0&hpos=8&hapos=33&sr_order=popularity&srpvid=68e974d568ff0367&srepoch=1778344626&all_sr_blocks=1539344601_425356728_6_0_0&highlighted_blocks=1539344601_425356728_6_0_0&matching_block_id=1539344601_425356728_6_0_0&sr_pri_blocks=1539344601_425356728_6_0_0__4950&from=searchresults,5/9/2026
Fayoum,شاليهات البرج,2610,EGP,2,0,1,,,Shakshuk,21.2 km from Fayoum,,Apartment,Three-Bedroom Apartment,No,,,https://www.booking.com/hotel/eg/shlyht-lbrj-mrkz-bshw.html?aid=304142&label=gen173nr-10CAQoggI46wdIMVgEaEOIAQGYATO4ARfIAQzYAQPoAQH4AQGIAgGoAgG4AqrF_c8GwAIB0gIkY2YxMWQ4ZjctNjFkNS00MmNiLWEyNDgtYmM4MmFlZWViZjIx2AIB4AIB&ucfs=1&arphpl=1&checkin=2026-06-01&checkout=2026-06-02&group_adults=2&req_adults=2&no_rooms=1&group_children=0&req_children=0&hpos=9&hapos=34&sr_order=popularity&srpvid=68e974d568ff0367&srepoch=1778344626&all_sr_blocks=1540427901_425447245_6_0_0&highlighted_blocks=1540427901_425447245_6_0_0&matching_block_id=1540427901_425447245_6_0_0&sr_pri_blocks=1540427901_425447245_6_0_0__4950&from=searchresults,5/9/2026
Ain Sokhna,Stella Di Mare Grand Hotel,4936,EGP,2,0,1,8.4,5166,Ain Sokhna,4.6 km from downtown,5,Hotel,Standard Room with Garden View,No,Breakfast included,"Hot tub/Jacuzzi, Free parking, Spa",https://www.booking.com/hotel/eg/stella-di-mare-grand.html?aid=304142&label=gen173nr-10CAQoggI46wdIMVgEaEOIAQGYATO4ARfIAQzYAQPoAQH4AQGIAgGoAgG4AtXF_c8GwAIB0gIkNGU2OTFkYzAtMzgwYy00MmQxLTgzNWQtMGJlOWNlNzUwMTll2AIB4AIB&ucfs=1&arphpl=1&checkin=2026-06-01&checkout=2026-06-02&group_adults=2&req_adults=2&no_rooms=1&group_children=0&req_children=0&hpos=1&hapos=1&sr_order=popularity&srpvid=334674ea7f4a032f&srepoch=1778344674&all_sr_blocks=25542601_92133261_0_41_0&highlighted_blocks=25542601_92133261_0_41_0&matching_block_id=25542601_92133261_0_41_0&sr_pri_blocks=25542601_92133261_0_41_0__9363&from=searchresults,5/9/2026
Ain Sokhna,Porto Sokhna Resort,4100,EGP,2,0,1,8.6,8,Ain Sokhna,25.3 km from downtown,5,Resort,Chalet,No,,,https://www.booking.com/hotel/eg/porto-sokhna-resort-tq4.html?aid=304142&label=gen173nr-10CAQoggI46wdIMVgEaEOIAQGYATO4ARfIAQzYAQPoAQH4AQGIAgGoAgG4AtXF_c8GwAIB0gIkNGU2OTFkYzAtMzgwYy00MmQxLTgzNWQtMGJlOWNlNzUwMTll2AIB4AIB&ucfs=1&arphpl=1&checkin=2026-06-01&checkout=2026-06-02&group_adults=2&req_adults=2&no_rooms=1&group_children=0&req_children=0&hpos=2&hapos=2&sr_order=popularity&srpvid=334674ea7f4a032f&srepoch=1778344674&all_sr_blocks=1431330301_414695737_4_0_0&highlighted_blocks=1431330301_414695737_4_0_0&matching_block_id=1431330301_414695737_4_0_0&sr_pri_blocks=1431330301_414695737_4_0_0__7776&from=searchresults,5/9/2026
Ain Sokhna,Porto Elsokhna pyramids Sea Veiw Amer Groub,1845,EGP,2,0,1,6.5,19,Ain Sokhna,25.1 km from downtown,5,Apartment,Two-Bedroom Apartment,Yes,,Free parking,https://www.booking.com/hotel/eg/porto-elsokhna-appartment-tq1.html?aid=304142&label=gen173nr-10CAQoggI46wdIMVgEaEOIAQGYATO4ARfIAQzYAQPoAQH4AQGIAgGoAgG4AtXF_c8GwAIB0gIkNGU2OTFkYzAtMzgwYy00MmQxLTgzNWQtMGJlOWNlNzUwMTll2AIB4AIB&ucfs=1&arphpl=1&checkin=2026-06-01&checkout=2026-06-02&group_adults=2&req_adults=2&no_rooms=1&group_children=0&req_children=0&hpos=3&hapos=3&sr_order=popularity&srpvid=334674ea7f4a032f&srepoch=1778344674&all_sr_blocks=1588418101_429940454_5_2_0&highlighted_blocks=1588418101_429940454_5_2_0&matching_block_id=1588418101_429940454_5_2_0&sr_pri_blocks=1588418101_429940454_5_2_0__3500&from=searchresults,5/9/2026
Ain Sokhna,Mövenpick Resort El Sokhna,7009,EGP,2,0,1,8,1606,Ain Sokhna,10.1 km from downtown,5,Resort,Deluxe Twin Room with Garden View,No,Breakfast & dinner included,"Free parking, Spa, Bar",https://www.booking.com/hotel/eg/moevenpick-resort-el-sokhna.html?aid=304142&label=gen173nr-10CAQoggI46wdIMVgEaEOIAQGYATO4ARfIAQzYAQPoAQH4AQGIAgGoAgG4AtXF_c8GwAIB0gIkNGU2OTFkYzAtMzgwYy00MmQxLTgzNWQtMGJlOWNlNzUwMTll2AIB4AIB&ucfs=1&arphpl=1&checkin=2026-06-01&checkout=2026-06-02&group_adults=2&req_adults=2&no_rooms=1&group_children=0&req_children=0&hpos=4&hapos=4&sr_order=popularity&srpvid=334674ea7f4a032f&srepoch=1778344679&all_sr_blocks=24532637_335366012_2_17_0&highlighted_blocks=24532637_335366012_2_17_0&matching_block_id=24532637_335366012_2_17_0&sr_pri_blocks=24532637_335366012_2_17_0__13294&from=searchresults,5/9/2026
Ain Sokhna,Stella Sea Club Hotel,4269,EGP,2,0,1,8.3,2813,Ain Sokhna,4.8 km from downtown,4,Hotel,Standard Room with Garden View,Yes,Breakfast included,"Free parking, Bar, Restaurant",https://www.booking.com/hotel/eg/stella-di-mare-sea-club.html?aid=304142&label=gen173nr-10CAQoggI46wdIMVgEaEOIAQGYATO4ARfIAQzYAQPoAQH4AQGIAgGoAgG4AtXF_c8GwAIB0gIkNGU2OTFkYzAtMzgwYy00MmQxLTgzNWQtMGJlOWNlNzUwMTll2AIB4AIB&ucfs=1&arphpl=1&checkin=2026-06-01&checkout=2026-06-02&group_adults=2&req_adults=2&no_rooms=1&group_children=0&req_children=0&hpos=5&hapos=5&sr_order=popularity&srpvid=334674ea7f4a032f&srepoch=1778344679&all_sr_blocks=25603107_414078697_2_41_0_797861&highlighted_blocks=25603107_414078697_2_41_0_797861&matching_block_id=25603107_414078697_2_41_0_797861&sr_pri_blocks=25603107_414078697_2_41_0_797861_8098&from=searchresults,5/9/2026
Ain Sokhna,Tanoak Resort,7011,EGP,2,0,1,8,2695,Ain Sokhna,10.7 km from downtown,5,Resort,Superior Double Room,Yes,Breakfast & dinner included,"Hot tub/Jacuzzi, Free parking, Spa",https://www.booking.com/hotel/eg/tanoak-resort.html?aid=304142&label=gen173nr-10CAQoggI46wdIMVgEaEOIAQGYATO4ARfIAQzYAQPoAQH4AQGIAgGoAgG4AtXF_c8GwAIB0gIkNGU2OTFkYzAtMzgwYy00MmQxLTgzNWQtMGJlOWNlNzUwMTll2AIB4AIB&ucfs=1&arphpl=1&checkin=2026-06-01&checkout=2026-06-02&group_adults=2&req_adults=2&no_rooms=1&group_children=0&req_children=0&hpos=6&hapos=6&sr_order=popularity&srpvid=334674ea7f4a032f&srepoch=1778344690&all_sr_blocks=728390901_405538337_2_17_0&highlighted_blocks=728390901_405538337_2_17_0&matching_block_id=728390901_405538337_2_17_0&sr_pri_blocks=728390901_405538337_2_17_0__13298&from=searchresults,5/9/2026
Ain Sokhna,Kefi Palmera Beach Resort El Sokhna - Family Only,3559,EGP,2,0,1,8.2,2338,Ain Sokhna,15.9 km from downtown,3,Resort,Standard Double or Twin Room,No,Breakfast & dinner included,"Free parking, Bar, Restaurant",https://www.booking.com/hotel/eg/palmera-beach-resort.html?aid=304142&label=gen173nr-10CAQoggI46wdIMVgEaEOIAQGYATO4ARfIAQzYAQPoAQH4AQGIAgGoAgG4AtXF_c8GwAIB0gIkNGU2OTFkYzAtMzgwYy00MmQxLTgzNWQtMGJlOWNlNzUwMTll2AIB4AIB&ucfs=1&arphpl=1&checkin=2026-06-01&checkout=2026-06-02&group_adults=2&req_adults=2&no_rooms=1&group_children=0&req_children=0&hpos=7&hapos=7&sr_order=popularity&srpvid=334674ea7f4a032f&srepoch=1778344690&all_sr_blocks=37570601_363236611_0_17_0&highlighted_blocks=37570601_363236611_0_17_0&matching_block_id=37570601_363236611_0_17_0&sr_pri_blocks=37570601_363236611_0_17_0__6750&from=searchresults,5/9/2026
Ain Sokhna,The G Einbay Golf Resort,6527,EGP,2,0,1,8.8,824,Ain Sokhna,11.7 km from downtown,5,Resort,Standard Twin Room,No,Breakfast included,"Free parking, Spa, Bar",https://www.booking.com/hotel/eg/the-g-einbay.html?aid=304142&label=gen173nr-10CAQoggI46wdIMVgEaEOIAQGYATO4ARfIAQzYAQPoAQH4AQGIAgGoAgG4AtXF_c8GwAIB0gIkNGU2OTFkYzAtMzgwYy00MmQxLTgzNWQtMGJlOWNlNzUwMTll2AIB4AIB&ucfs=1&arphpl=1&checkin=2026-06-01&checkout=2026-06-02&group_adults=2&req_adults=2&no_rooms=1&group_children=0&req_children=0&hpos=8&hapos=8&sr_order=popularity&srpvid=334674ea7f4a032f&srepoch=1778344690&all_sr_blocks=1230333102_395022027_2_1_0&highlighted_blocks=1230333102_395022027_2_1_0&matching_block_id=1230333102_395022027_2_1_0&sr_pri_blocks=1230333102_395022027_2_1_0__12380&from=searchresults,5/9/2026
Ain Sokhna,Regina Resort El Sokhna,1850,EGP,2,0,1,7.1,744,Ain Sokhna,57.9 km from downtown,4,Resort,Double or Twin Room,No,Breakfast & dinner included,"Free parking, Bar, Restaurant",https://www.booking.com/hotel/eg/regina-resort-el-sokhna.html?aid=304142&label=gen173nr-10CAQoggI46wdIMVgEaEOIAQGYATO4ARfIAQzYAQPoAQH4AQGIAgGoAgG4AtXF_c8GwAIB0gIkNGU2OTFkYzAtMzgwYy00MmQxLTgzNWQtMGJlOWNlNzUwMTll2AIB4AIB&ucfs=1&arphpl=1&checkin=2026-06-01&checkout=2026-06-02&group_adults=2&req_adults=2&no_rooms=1&group_children=0&req_children=0&hpos=9&hapos=9&sr_order=popularity&srpvid=334674ea7f4a032f&srepoch=1778344690&all_sr_blocks=435257508_130542342_0_17_0&highlighted_blocks=435257508_130542342_0_17_0&matching_block_id=435257508_130542342_0_17_0&sr_pri_blocks=435257508_130542342_0_17_0__3510&from=searchresults,5/9/2026
Ain Sokhna,Ain Sokhna 'Cosmopolitan',4021,EGP,2,0,1,9.6,65,Ain Sokhna,4.5 km from downtown,,Hotel,Double Room with Balcony,Yes,,"Hot tub/Jacuzzi, Free parking, Spa",https://www.booking.com/hotel/eg/cosmopolitan-the-expat-place-sokhna.html?aid=304142&label=gen173nr-10CAQoggI46wdIMVgEaEOIAQGYATO4ARfIAQzYAQPoAQH4AQGIAgGoAgG4AtXF_c8GwAIB0gIkNGU2OTFkYzAtMzgwYy00MmQxLTgzNWQtMGJlOWNlNzUwMTll2AIB4AIB&ucfs=1&arphpl=1&checkin=2026-06-01&checkout=2026-06-02&group_adults=2&req_adults=2&no_rooms=1&group_children=0&req_children=0&hpos=10&hapos=10&sr_order=popularity&srpvid=334674ea7f4a032f&srepoch=1778344690&all_sr_blocks=932278801_365319607_0_2_0&highlighted_blocks=932278801_365319607_0_2_0&matching_block_id=932278801_365319607_0_2_0&sr_pri_blocks=932278801_365319607_0_2_0__7628&from=searchresults,5/9/2026
Ain Sokhna,Porto Sokhna Pyramids for Families Vip,3585,EGP,2,0,1,10,3,Ain Sokhna,25.2 km from downtown,3,Apartment,Two-Bedroom Apartment,Yes,,,https://www.booking.com/hotel/eg/bwrtw-lskhnh-lhrmt-attaka2.html?aid=304142&label=gen173nr-10CAQoggI46wdIMVgEaEOIAQGYATO4ARfIAQzYAQPoAQH4AQGIAgGoAgG4AtXF_c8GwAIB0gIkNGU2OTFkYzAtMzgwYy00MmQxLTgzNWQtMGJlOWNlNzUwMTll2AIB4AIB&ucfs=1&arphpl=1&checkin=2026-06-01&checkout=2026-06-02&group_adults=2&req_adults=2&no_rooms=1&group_children=0&req_children=0&hpos=11&hapos=11&sr_order=popularity&srpvid=334674ea7f4a032f&srepoch=1778344690&all_sr_blocks=1581176501_429989635_4_0_0&highlighted_blocks=1581176501_429989635_4_0_0&matching_block_id=1581176501_429989635_4_0_0&sr_pri_blocks=1581176501_429989635_4_0_0__6800&from=searchresults,5/9/2026
Ain Sokhna,Tolip Resort El Galala Majestic,6590,EGP,2,0,1,7.7,4808,Ain Sokhna,19.4 km from downtown,5,Resort,Classic Room (Mountain View) Egyptian and Resident Only,No,Breakfast & dinner included,"Hot tub/Jacuzzi, Free parking, Spa",https://www.booking.com/hotel/eg/tolip-resort-el-galala-majestic.html?aid=304142&label=gen173nr-10CAQoggI46wdIMVgEaEOIAQGYATO4ARfIAQzYAQPoAQH4AQGIAgGoAgG4AtXF_c8GwAIB0gIkNGU2OTFkYzAtMzgwYy00MmQxLTgzNWQtMGJlOWNlNzUwMTll2AIB4AIB&ucfs=1&arphpl=1&checkin=2026-06-01&checkout=2026-06-02&group_adults=2&req_adults=2&no_rooms=1&group_children=0&req_children=0&hpos=12&hapos=12&sr_order=popularity&srpvid=334674ea7f4a032f&srepoch=1778344690&all_sr_blocks=610431128_408587304_2_17_0&highlighted_blocks=610431128_408587304_2_17_0&matching_block_id=610431128_408587304_2_17_0&sr_pri_blocks=610431128_408587304_2_17_0__12500&from=searchresults,5/9/2026
Ain Sokhna,"Family-Friendly Chalet at Piacera, Ain Sokhna",6938,EGP,2,0,1,9.4,10,Ain Sokhna,45.8 km from downtown,3,Apartment,Three-Bedroom Apartment,No,,"Free parking, Restaurant",https://www.booking.com/hotel/eg/piacera-ain-sokhna.html?aid=304142&label=gen173nr-10CAQoggI46wdIMVgEaEOIAQGYATO4ARfIAQzYAQPoAQH4AQGIAgGoAgG4AtXF_c8GwAIB0gIkNGU2OTFkYzAtMzgwYy00MmQxLTgzNWQtMGJlOWNlNzUwMTll2AIB4AIB&ucfs=1&arphpl=1&checkin=2026-06-01&checkout=2026-06-02&group_adults=2&req_adults=2&no_rooms=1&group_children=0&req_children=0&hpos=13&hapos=13&sr_order=popularity&srpvid=334674ea7f4a032f&srepoch=1778344690&all_sr_blocks=1239948201_395920014_8_0_0&highlighted_blocks=1239948201_395920014_8_0_0&matching_block_id=1239948201_395920014_8_0_0&sr_pri_blocks=1239948201_395920014_8_0_0__13161&from=searchresults,5/9/2026
Ain Sokhna,Hotel porto sokhna,3682,EGP,2,0,1,6,4,Ain Sokhna,25.1 km from downtown,5,Apartment,Two-Bedroom Apartment,Yes,,"Hot tub/Jacuzzi, Bar, 24-hour front desk",https://www.booking.com/hotel/eg/porto-sokhna-tq47.html?aid=304142&label=gen173nr-10CAQoggI46wdIMVgEaEOIAQGYATO4ARfIAQzYAQPoAQH4AQGIAgGoAgG4AtXF_c8GwAIB0gIkNGU2OTFkYzAtMzgwYy00MmQxLTgzNWQtMGJlOWNlNzUwMTll2AIB4AIB&ucfs=1&arphpl=1&checkin=2026-06-01&checkout=2026-06-02&group_adults=2&req_adults=2&no_rooms=1&group_children=0&req_children=0&hpos=14&hapos=14&sr_order=popularity&srpvid=334674ea7f4a032f&srepoch=1778344690&all_sr_blocks=1618065301_433304712_2_0_0&highlighted_blocks=1618065301_433304712_2_0_0&matching_block_id=1618065301_433304712_2_0_0&sr_pri_blocks=1618065301_433304712_2_0_0__6984&from=searchresults,5/9/2026
Ain Sokhna,3-Brs Beachside Modern chalet Seaview & 3min walking l BBQ,5430,EGP,2,0,1,7.2,7,Ain Sokhna,11.1 km from downtown,3,Hotel,Three-Bedroom Chalet,No,,"Free parking, Restaurant, Free Wifi",https://www.booking.com/hotel/eg/beachside-3brs-chalet-w-view-pool-access-wi-fi.html?aid=304142&label=gen173nr-10CAQoggI46wdIMVgEaEOIAQGYATO4ARfIAQzYAQPoAQH4AQGIAgGoAgG4AtXF_c8GwAIB0gIkNGU2OTFkYzAtMzgwYy00MmQxLTgzNWQtMGJlOWNlNzUwMTll2AIB4AIB&ucfs=1&arphpl=1&checkin=2026-06-01&checkout=2026-06-02&group_adults=2&req_adults=2&no_rooms=1&group_children=0&req_children=0&hpos=15&hapos=15&sr_order=popularity&srpvid=334674ea7f4a032f&srepoch=1778344690&all_sr_blocks=1082110001_380798595_5_0_0_190975&highlighted_blocks=1082110001_380798595_5_0_0_190975&matching_block_id=1082110001_380798595_5_0_0_190975&sr_pri_blocks=1082110001_380798595_5_0_0_190975_10299&from=searchresults,5/9/2026
Ain Sokhna,Dome Marina Hotel & Resort Ain Sokhna Managed By Al Rahala,4349,EGP,2,0,1,6.7,268,Ain Sokhna,26 km from downtown,4,Resort,Standard Double or Twin Room,Yes,Breakfast & dinner included,"Free parking, Bar, Restaurant",https://www.booking.com/hotel/eg/dome-marina-swiss-inn.html?aid=304142&label=gen173nr-10CAQoggI46wdIMVgEaEOIAQGYATO4ARfIAQzYAQPoAQH4AQGIAgGoAgG4AtXF_c8GwAIB0gIkNGU2OTFkYzAtMzgwYy00MmQxLTgzNWQtMGJlOWNlNzUwMTll2AIB4AIB&ucfs=1&arphpl=1&checkin=2026-06-01&checkout=2026-06-02&group_adults=2&req_adults=2&no_rooms=1&group_children=0&req_children=0&hpos=16&hapos=16&sr_order=popularity&srpvid=334674ea7f4a032f&srepoch=1778344690&all_sr_blocks=29196015_414427557_0_25_0&highlighted_blocks=29196015_414427557_0_25_0&matching_block_id=29196015_414427557_0_25_0&sr_pri_blocks=29196015_414427557_0_25_0__8249&from=searchresults,5/9/2026
Ain Sokhna,Telal breeze villa-family only,10612,EGP,2,0,1,9.1,33,Ain Sokhna,32.6 km from downtown,4,Villa,Villa,No,,"Bar, Restaurant",https://www.booking.com/hotel/eg/telal-breeze-villa.html?aid=304142&label=gen173nr-10CAQoggI46wdIMVgEaEOIAQGYATO4ARfIAQzYAQPoAQH4AQGIAgGoAgG4AtXF_c8GwAIB0gIkNGU2OTFkYzAtMzgwYy00MmQxLTgzNWQtMGJlOWNlNzUwMTll2AIB4AIB&ucfs=1&arphpl=1&checkin=2026-06-01&checkout=2026-06-02&group_adults=2&req_adults=2&no_rooms=1&group_children=0&req_children=0&hpos=17&hapos=17&sr_order=popularity&srpvid=334674ea7f4a032f&srepoch=1778344690&all_sr_blocks=1378366201_411457026_0_0_0&highlighted_blocks=1378366201_411457026_0_0_0&matching_block_id=1378366201_411457026_0_0_0&sr_pri_blocks=1378366201_411457026_0_0_0__20129&from=searchresults,5/9/2026
Ain Sokhna,villa 36 mountain view sokhna 1 Families only 36ماونتن فيو السخنه فيلا فاخره للعائلات فقط,16806,EGP,2,0,1,9.4,6,Ain Sokhna,57.8 km from downtown,5,Villa,Standard Villa,No,,"Free parking, Bar, Restaurant",https://www.booking.com/hotel/eg/mountain-view-sokhna-1-villa-lskhnh.html?aid=304142&label=gen173nr-10CAQoggI46wdIMVgEaEOIAQGYATO4ARfIAQzYAQPoAQH4AQGIAgGoAgG4AtXF_c8GwAIB0gIkNGU2OTFkYzAtMzgwYy00MmQxLTgzNWQtMGJlOWNlNzUwMTll2AIB4AIB&ucfs=1&arphpl=1&checkin=2026-06-01&checkout=2026-06-02&group_adults=2&req_adults=2&no_rooms=1&group_children=0&req_children=0&hpos=18&hapos=18&sr_order=popularity&srpvid=334674ea7f4a032f&srepoch=1778344690&all_sr_blocks=1025055301_402424512_6_0_0&highlighted_blocks=1025055301_402424512_6_0_0&matching_block_id=1025055301_402424512_6_0_0&sr_pri_blocks=1025055301_402424512_6_0_0__31878&from=searchresults,5/9/2026
Ain Sokhna,JAZ Little Venice Golf Resort,7061,EGP,2,0,1,8.3,1464,Ain Sokhna,10.8 km from downtown,5,Resort,Superior Room,Yes,Breakfast & dinner included,"Heated pool, Free parking, Bar",https://www.booking.com/hotel/eg/jaz-little-venice-golf-resort.html?aid=304142&label=gen173nr-10CAQoggI46wdIMVgEaEOIAQGYATO4ARfIAQzYAQPoAQH4AQGIAgGoAgG4AtXF_c8GwAIB0gIkNGU2OTFkYzAtMzgwYy00MmQxLTgzNWQtMGJlOWNlNzUwMTll2AIB4AIB&ucfs=1&arphpl=1&checkin=2026-06-01&checkout=2026-06-02&group_adults=2&req_adults=2&no_rooms=1&group_children=0&req_children=0&hpos=19&hapos=19&sr_order=popularity&srpvid=334674ea7f4a032f&srepoch=1778344690&all_sr_blocks=17142805_433694603_2_17_0_262425&highlighted_blocks=17142805_433694603_2_17_0_262425&matching_block_id=17142805_433694603_2_17_0_262425&sr_pri_blocks=17142805_433694603_2_17_0_262425_13394&from=searchresults,5/9/2026
Ain Sokhna,Stella Golf Hotel,5396,EGP,2,0,1,8.6,569,Ain Sokhna,4.3 km from downtown,5,Resort,Double Room (Resort View),Yes,Breakfast & dinner included,"Heated pool, Free parking, Bar",https://www.booking.com/hotel/eg/stella-di-mare-golf-country-club.html?aid=304142&label=gen173nr-10CAQoggI46wdIMVgEaEOIAQGYATO4ARfIAQzYAQPoAQH4AQGIAgGoAgG4AtXF_c8GwAIB0gIkNGU2OTFkYzAtMzgwYy00MmQxLTgzNWQtMGJlOWNlNzUwMTll2AIB4AIB&ucfs=1&arphpl=1&checkin=2026-06-01&checkout=2026-06-02&group_adults=2&req_adults=2&no_rooms=1&group_children=0&req_children=0&hpos=20&hapos=20&sr_order=popularity&srpvid=334674ea7f4a032f&srepoch=1778344690&all_sr_blocks=25609509_414148586_2_17_0_793435&highlighted_blocks=25609509_414148586_2_17_0_793435&matching_block_id=25609509_414148586_2_17_0_793435&sr_pri_blocks=25609509_414148586_2_17_0_793435_10236&from=searchresults,5/9/2026
Ain Sokhna,Marina Wadi Degla Hotel,5209,EGP,2,0,1,8.2,885,Ain Sokhna,10.9 km from downtown,3,Inn,Standard Double Room,Yes,Breakfast & dinner included,"Free parking, Bar, Restaurant",https://www.booking.com/hotel/eg/marina-wadi-degla-suez.html?aid=304142&label=gen173nr-10CAQoggI46wdIMVgEaEOIAQGYATO4ARfIAQzYAQPoAQH4AQGIAgGoAgG4AtXF_c8GwAIB0gIkNGU2OTFkYzAtMzgwYy00MmQxLTgzNWQtMGJlOWNlNzUwMTll2AIB4AIB&ucfs=1&arphpl=1&checkin=2026-06-01&checkout=2026-06-02&group_adults=2&req_adults=2&no_rooms=1&group_children=0&req_children=0&hpos=21&hapos=21&sr_order=popularity&srpvid=334674ea7f4a032f&srepoch=1778344690&all_sr_blocks=670805201_369989561_2_17_0&highlighted_blocks=670805201_369989561_2_17_0&matching_block_id=670805201_369989561_2_17_0&sr_pri_blocks=670805201_369989561_2_17_0__9880&from=searchresults,5/9/2026
Ain Sokhna,Al Masa Hotel El Sokhna,8896,EGP,2,0,1,8.4,1742,Ain Sokhna,5 km from downtown,5,Inn,Superior Double or Twin Room,No,Breakfast & dinner included,"Free parking, Restaurant, Free Wifi",https://www.booking.com/hotel/eg/al-masa-el-sokhna.html?aid=304142&label=gen173nr-10CAQoggI46wdIMVgEaEOIAQGYATO4ARfIAQzYAQPoAQH4AQGIAgGoAgG4AtXF_c8GwAIB0gIkNGU2OTFkYzAtMzgwYy00MmQxLTgzNWQtMGJlOWNlNzUwMTll2AIB4AIB&ucfs=1&arphpl=1&checkin=2026-06-01&checkout=2026-06-02&group_adults=2&req_adults=2&no_rooms=1&group_children=0&req_children=0&hpos=22&hapos=22&sr_order=popularity&srpvid=334674ea7f4a032f&srepoch=1778344690&all_sr_blocks=1095922301_382492138_2_17_0&highlighted_blocks=1095922301_382492138_2_17_0&matching_block_id=1095922301_382492138_2_17_0&sr_pri_blocks=1095922301_382492138_2_17_0__16875&from=searchresults,5/9/2026
Ain Sokhna,Cancun Sokhna Resort & Villas,6116,EGP,2,0,1,9,4241,Ain Sokhna,46.3 km from downtown,4,Resort,Standard Twin Room,No,Breakfast included,"Hot tub/Jacuzzi, Heated pool, Free parking",https://www.booking.com/hotel/eg/cancun-beach-resorrt.html?aid=304142&label=gen173nr-10CAQoggI46wdIMVgEaEOIAQGYATO4ARfIAQzYAQPoAQH4AQGIAgGoAgG4AtXF_c8GwAIB0gIkNGU2OTFkYzAtMzgwYy00MmQxLTgzNWQtMGJlOWNlNzUwMTll2AIB4AIB&ucfs=1&arphpl=1&checkin=2026-06-01&checkout=2026-06-02&group_adults=2&req_adults=2&no_rooms=1&group_children=0&req_children=0&hpos=23&hapos=23&sr_order=popularity&srpvid=334674ea7f4a032f&srepoch=1778344690&all_sr_blocks=32623617_91472384_0_41_0&highlighted_blocks=32623617_91472384_0_41_0&matching_block_id=32623617_91472384_0_41_0&sr_pri_blocks=32623617_91472384_0_41_0__11600&from=searchresults,5/9/2026
Ain Sokhna,Blumar El Dome Hotel,4732,EGP,2,0,1,8.8,1969,Ain Sokhna,27 km from downtown,,Hotel,Double or Twin Room with Pool View,Yes,Breakfast included,"Free parking, Bar, Restaurant",https://www.booking.com/hotel/eg/blumar-el-dome-ain-sokhna1.html?aid=304142&label=gen173nr-10CAQoggI46wdIMVgEaEOIAQGYATO4ARfIAQzYAQPoAQH4AQGIAgGoAgG4AtXF_c8GwAIB0gIkNGU2OTFkYzAtMzgwYy00MmQxLTgzNWQtMGJlOWNlNzUwMTll2AIB4AIB&ucfs=1&arphpl=1&checkin=2026-06-01&checkout=2026-06-02&group_adults=2&req_adults=2&no_rooms=1&group_children=0&req_children=0&hpos=24&hapos=24&sr_order=popularity&srpvid=334674ea7f4a032f&srepoch=1778344690&all_sr_blocks=815923802_375246454_0_41_0&highlighted_blocks=815923802_375246454_0_41_0&matching_block_id=815923802_375246454_0_41_0&sr_pri_blocks=815923802_375246454_0_41_0__8976&from=searchresults,5/9/2026
Ain Sokhna,Tolip Resort El Galala Hills,6289,EGP,2,0,1,7.7,2497,Ain Sokhna,19.1 km from downtown,5,Resort,Superior Room King or Twin Bed (Egyptians and Foreigner Resident),No,Breakfast & dinner included,"Hot tub/Jacuzzi, Heated pool, Spa",https://www.booking.com/hotel/eg/tolip-elgalala-hills.html?aid=304142&label=gen173nr-10CAQoggI46wdIMVgEaEOIAQGYATO4ARfIAQzYAQPoAQH4AQGIAgGoAgG4AtXF_c8GwAIB0gIkNGU2OTFkYzAtMzgwYy00MmQxLTgzNWQtMGJlOWNlNzUwMTll2AIB4AIB&ucfs=1&arphpl=1&checkin=2026-06-01&checkout=2026-06-02&group_adults=2&req_adults=2&no_rooms=1&group_children=0&req_children=0&hpos=25&hapos=25&sr_order=popularity&srpvid=334674ea7f4a032f&srepoch=1778344690&all_sr_blocks=706460202_407783370_2_17_0&highlighted_blocks=706460202_407783370_2_17_0&matching_block_id=706460202_407783370_2_17_0&sr_pri_blocks=706460202_407783370_2_17_0__11930&from=searchresults,5/9/2026
Ain Sokhna,"Porto Sokhna Towers, Red Sea",2989,EGP,2,0,1,6,11,Ain Sokhna,25.1 km from downtown,5,Apartment,Two-Bedroom Apartment with Balcony and Sea View,Yes,,"Hot tub/Jacuzzi, Free Wifi, 24-hour front desk",https://www.booking.com/hotel/eg/porto-sokna-tq3.html?aid=304142&label=gen173nr-10CAQoggI46wdIMVgEaEOIAQGYATO4ARfIAQzYAQPoAQH4AQGIAgGoAgG4AtXF_c8GwAIB0gIkNGU2OTFkYzAtMzgwYy00MmQxLTgzNWQtMGJlOWNlNzUwMTll2AIB4AIB&ucfs=1&arphpl=1&checkin=2026-06-01&checkout=2026-06-02&group_adults=2&req_adults=2&no_rooms=1&group_children=0&req_children=0&hpos=1&hapos=26&sr_order=popularity&srpvid=334674ea7f4a032f&srepoch=1778344670&all_sr_blocks=1602057401_431478564_4_0_0&highlighted_blocks=1602057401_431478564_4_0_0&matching_block_id=1602057401_431478564_4_0_0&sr_pri_blocks=1602057401_431478564_4_0_0__5670&from=searchresults,5/9/2026
Ain Sokhna,Miral Resort,5272,EGP,2,0,1,7.4,84,Ain Sokhna,41.7 km from downtown,4,Resort,Standard King Room,Yes,Breakfast & dinner included,"Free parking, Bar, Restaurant",https://www.booking.com/hotel/eg/miral-resort.html?aid=304142&label=gen173nr-10CAQoggI46wdIMVgEaEOIAQGYATO4ARfIAQzYAQPoAQH4AQGIAgGoAgG4AtXF_c8GwAIB0gIkNGU2OTFkYzAtMzgwYy00MmQxLTgzNWQtMGJlOWNlNzUwMTll2AIB4AIB&ucfs=1&arphpl=1&checkin=2026-06-01&checkout=2026-06-02&group_adults=2&req_adults=2&no_rooms=1&group_children=0&req_children=0&hpos=2&hapos=27&sr_order=popularity&srpvid=334674ea7f4a032f&srepoch=1778344670&all_sr_blocks=1376462102_430913986_2_17_0&highlighted_blocks=1376462102_430913986_2_17_0&matching_block_id=1376462102_430913986_2_17_0&sr_pri_blocks=1376462102_430913986_2_17_0__10000&from=searchresults,5/9/2026
Ain Sokhna,Tolip Resort El Galala Heights,4618,EGP,2,0,1,7,757,Ain Sokhna,22 km from downtown,5,Resort,Standard Room Pool View,No,Breakfast & dinner included,"Heated pool, Free parking, Bar",https://www.booking.com/hotel/eg/tolip-resort-el-galala-heights.html?aid=304142&label=gen173nr-10CAQoggI46wdIMVgEaEOIAQGYATO4ARfIAQzYAQPoAQH4AQGIAgGoAgG4AtXF_c8GwAIB0gIkNGU2OTFkYzAtMzgwYy00MmQxLTgzNWQtMGJlOWNlNzUwMTll2AIB4AIB&ucfs=1&arphpl=1&checkin=2026-06-01&checkout=2026-06-02&group_adults=2&req_adults=2&no_rooms=1&group_children=0&req_children=0&hpos=3&hapos=28&sr_order=popularity&srpvid=334674ea7f4a032f&srepoch=1778344670&all_sr_blocks=1256344602_430421709_2_17_0_787438&highlighted_blocks=1256344602_430421709_2_17_0_787438&matching_block_id=1256344602_430421709_2_17_0_787438&sr_pri_blocks=1256344602_430421709_2_17_0_787438_8760&from=searchresults,5/9/2026
Ain Sokhna,Porto Sokhna Luxury Units,2631,EGP,2,0,1,8.1,13,Ain Sokhna,25.2 km from downtown,4,Apartment,Apartment with Sea View,Yes,,"Hot tub/Jacuzzi, Heated pool, Spa",https://www.booking.com/hotel/eg/saif-chalet-ain-sokhna.html?aid=304142&label=gen173nr-10CAQoggI46wdIMVgEaEOIAQGYATO4ARfIAQzYAQPoAQH4AQGIAgGoAgG4AtXF_c8GwAIB0gIkNGU2OTFkYzAtMzgwYy00MmQxLTgzNWQtMGJlOWNlNzUwMTll2AIB4AIB&ucfs=1&arphpl=1&checkin=2026-06-01&checkout=2026-06-02&group_adults=2&req_adults=2&no_rooms=1&group_children=0&req_children=0&hpos=4&hapos=29&sr_order=popularity&srpvid=334674ea7f4a032f&srepoch=1778344670&all_sr_blocks=1578392401_428948154_3_0_0&highlighted_blocks=1578392401_428948154_3_0_0&matching_block_id=1578392401_428948154_3_0_0&sr_pri_blocks=1578392401_428948154_3_0_0__4990&from=searchresults,5/9/2026
Ain Sokhna,Coral Sea Beach and Aqua Park,7592,EGP,2,0,1,8.9,1893,Ain Sokhna,53.8 km from downtown,4,Inn,Standard Double Room - Egyptians Only,Yes,Breakfast & dinner included,"Heated pool, Free parking, Spa",https://www.booking.com/hotel/eg/coral-sea-beach.html?aid=304142&label=gen173nr-10CAQoggI46wdIMVgEaEOIAQGYATO4ARfIAQzYAQPoAQH4AQGIAgGoAgG4AtXF_c8GwAIB0gIkNGU2OTFkYzAtMzgwYy00MmQxLTgzNWQtMGJlOWNlNzUwMTll2AIB4AIB&ucfs=1&arphpl=1&checkin=2026-06-01&checkout=2026-06-02&group_adults=2&req_adults=2&no_rooms=1&group_children=0&req_children=0&hpos=5&hapos=30&sr_order=popularity&srpvid=334674ea7f4a032f&srepoch=1778344670&all_sr_blocks=44084508_411572350_0_17_0&highlighted_blocks=44084508_411572350_0_17_0&matching_block_id=44084508_411572350_0_17_0&sr_pri_blocks=44084508_411572350_0_17_0__14400&from=searchresults,5/9/2026
Ain Sokhna,chalets in Fanar De Luna شاليهات فنار دي لونا,1771,EGP,2,0,1,5.2,4,Ain Sokhna,44.9 km from downtown,,Hotel,Double Room,Yes,,"Free parking, Bar, Restaurant",https://www.booking.com/hotel/eg/fanar-de-luna-beach.html?aid=304142&label=gen173nr-10CAQoggI46wdIMVgEaEOIAQGYATO4ARfIAQzYAQPoAQH4AQGIAgGoAgG4AtXF_c8GwAIB0gIkNGU2OTFkYzAtMzgwYy00MmQxLTgzNWQtMGJlOWNlNzUwMTll2AIB4AIB&ucfs=1&arphpl=1&checkin=2026-06-01&checkout=2026-06-02&group_adults=2&req_adults=2&no_rooms=1&group_children=0&req_children=0&hpos=6&hapos=31&sr_order=popularity&srpvid=334674ea7f4a032f&srepoch=1778344670&all_sr_blocks=1604739701_432137481_3_0_0&highlighted_blocks=1604739701_432137481_3_0_0&matching_block_id=1604739701_432137481_3_0_0&sr_pri_blocks=1604739701_432137481_3_0_0__3360&from=searchresults,5/9/2026
Ain Sokhna,Porto EL-Sokhna chalet VIP sea view,2900,EGP,2,0,1,5.5,2,Ain Sokhna,25.2 km from downtown,,Apartment,Two-Bedroom Apartment,Yes,,Free parking,https://www.booking.com/hotel/eg/porto-el-sokhna-chalet-vip-sea-view.html?aid=304142&label=gen173nr-10CAQoggI46wdIMVgEaEOIAQGYATO4ARfIAQzYAQPoAQH4AQGIAgGoAgG4AtXF_c8GwAIB0gIkNGU2OTFkYzAtMzgwYy00MmQxLTgzNWQtMGJlOWNlNzUwMTll2AIB4AIB&ucfs=1&arphpl=1&checkin=2026-06-01&checkout=2026-06-02&group_adults=2&req_adults=2&no_rooms=1&group_children=0&req_children=0&hpos=7&hapos=32&sr_order=popularity&srpvid=334674ea7f4a032f&srepoch=1778344670&all_sr_blocks=1600975201_431050348_4_0_0&highlighted_blocks=1600975201_431050348_4_0_0&matching_block_id=1600975201_431050348_4_0_0&sr_pri_blocks=1600975201_431050348_4_0_0__5500&from=searchresults,5/9/2026
Ain Sokhna,Three-Bedroom Apartment at Louly Beach Resort,3559,EGP,2,0,1,7.5,41,Ain Sokhna,10.5 km from downtown,3,Resort,Three-Bedroom Chalet,Yes,,Free parking,https://www.booking.com/hotel/eg/louly-beach-alain-al-sokhna.html?aid=304142&label=gen173nr-10CAQoggI46wdIMVgEaEOIAQGYATO4ARfIAQzYAQPoAQH4AQGIAgGoAgG4AtXF_c8GwAIB0gIkNGU2OTFkYzAtMzgwYy00MmQxLTgzNWQtMGJlOWNlNzUwMTll2AIB4AIB&ucfs=1&arphpl=1&checkin=2026-06-01&checkout=2026-06-02&group_adults=2&req_adults=2&no_rooms=1&group_children=0&req_children=0&hpos=8&hapos=33&sr_order=popularity&srpvid=334674ea7f4a032f&srepoch=1778344670&all_sr_blocks=153697601_141996522_3_0_0&highlighted_blocks=153697601_141996522_3_0_0&matching_block_id=153697601_141996522_3_0_0&sr_pri_blocks=153697601_141996522_3_0_0__6750&from=searchresults,5/9/2026
Ain Sokhna,Porto Sokhna Pyramids sae view,3796,EGP,2,0,1,7,1,Ain Sokhna,25.2 km from downtown,,Apartment,Two-Bedroom Apartment with Balcony and Sea View,Yes,,"Free parking, Free Wifi, 24-hour front desk",https://www.booking.com/hotel/eg/poorto-shkanaa.html?aid=304142&label=gen173nr-10CAQoggI46wdIMVgEaEOIAQGYATO4ARfIAQzYAQPoAQH4AQGIAgGoAgG4AtXF_c8GwAIB0gIkNGU2OTFkYzAtMzgwYy00MmQxLTgzNWQtMGJlOWNlNzUwMTll2AIB4AIB&ucfs=1&arphpl=1&checkin=2026-06-01&checkout=2026-06-02&group_adults=2&req_adults=2&no_rooms=1&group_children=0&req_children=0&hpos=9&hapos=34&sr_order=popularity&srpvid=334674ea7f4a032f&srepoch=1778344670&all_sr_blocks=1589860901_430268759_5_0_0&highlighted_blocks=1589860901_430268759_5_0_0&matching_block_id=1589860901_430268759_5_0_0&sr_pri_blocks=1589860901_430268759_5_0_0__7200&from=searchresults,5/9/2026
Ain Sokhna,Porto Sokhna Hotel & Spa,5646,EGP,2,0,1,8.3,794,Ain Sokhna,25.2 km from downtown,4,Hotel,Deluxe Double or Twin Room with Pool View,No,Breakfast included,"Restaurant, Free Wifi, 24-hour front desk",https://www.booking.com/hotel/eg/porto-el-sokhna.html?aid=304142&label=gen173nr-10CAQoggI46wdIMVgEaEOIAQGYATO4ARfIAQzYAQPoAQH4AQGIAgGoAgG4AtXF_c8GwAIB0gIkNGU2OTFkYzAtMzgwYy00MmQxLTgzNWQtMGJlOWNlNzUwMTll2AIB4AIB&ucfs=1&arphpl=1&checkin=2026-06-01&checkout=2026-06-02&group_adults=2&req_adults=2&no_rooms=1&group_children=0&req_children=0&hpos=10&hapos=35&sr_order=popularity&srpvid=334674ea7f4a032f&srepoch=1778344670&all_sr_blocks=24734455_274177601_2_41_0&highlighted_blocks=24734455_274177601_2_41_0&matching_block_id=24734455_274177601_2_41_0&sr_pri_blocks=24734455_274177601_2_41_0__10710&from=searchresults,5/9/2026
Ain Sokhna,Porto sokhna rental,3037,EGP,2,0,1,7.7,19,Ain Sokhna,25 km from downtown,,Apartment,Two-Bedroom Apartment,Yes,,"Free parking, Spa, Bar",https://www.booking.com/hotel/eg/porto-sokhna-rental.html?aid=304142&label=gen173nr-10CAQoggI46wdIMVgEaEOIAQGYATO4ARfIAQzYAQPoAQH4AQGIAgGoAgG4AtXF_c8GwAIB0gIkNGU2OTFkYzAtMzgwYy00MmQxLTgzNWQtMGJlOWNlNzUwMTll2AIB4AIB&ucfs=1&arphpl=1&checkin=2026-06-01&checkout=2026-06-02&group_adults=2&req_adults=2&no_rooms=1&group_children=0&req_children=0&hpos=11&hapos=36&sr_order=popularity&srpvid=334674ea7f4a032f&srepoch=1778344670&all_sr_blocks=1452733901_432917692_0_0_0&highlighted_blocks=1452733901_432917692_0_0_0&matching_block_id=1452733901_432917692_0_0_0&sr_pri_blocks=1452733901_432917692_0_0_0__5760&from=searchresults,5/9/2026
Ain Sokhna,Eastern El-Galala Aquapark Ain Sokhna,6991,EGP,2,0,1,6.8,801,Ain Sokhna,20.3 km from downtown,5,Inn,Superior Double Room,No,Breakfast & dinner included,"Free parking, Bar, Restaurant",https://www.booking.com/hotel/eg/eastern-aqua-park-el-galala-ain-soukhna-ain-soukhna.html?aid=304142&label=gen173nr-10CAQoggI46wdIMVgEaEOIAQGYATO4ARfIAQzYAQPoAQH4AQGIAgGoAgG4AtXF_c8GwAIB0gIkNGU2OTFkYzAtMzgwYy00MmQxLTgzNWQtMGJlOWNlNzUwMTll2AIB4AIB&ucfs=1&arphpl=1&checkin=2026-06-01&checkout=2026-06-02&group_adults=2&req_adults=2&no_rooms=1&group_children=0&req_children=0&hpos=12&hapos=37&sr_order=popularity&srpvid=334674ea7f4a032f&srepoch=1778344670&all_sr_blocks=806472701_355161837_2_17_0&highlighted_blocks=806472701_355161837_2_17_0&matching_block_id=806472701_355161837_2_17_0&sr_pri_blocks=806472701_355161837_2_17_0__13260&from=searchresults,5/9/2026
Ain Sokhna,Porto Elsokhna Pyramids Apartments sea view,3079,EGP,2,0,1,7,9,Ain Sokhna,25 km from downtown,5,Apartment,Two-Bedroom Apartment with Terrace and Sea View,Yes,,"Bar, 24-hour front desk",https://www.booking.com/hotel/eg/porto-elsokhna-appartment.html?aid=304142&label=gen173nr-10CAQoggI46wdIMVgEaEOIAQGYATO4ARfIAQzYAQPoAQH4AQGIAgGoAgG4AtXF_c8GwAIB0gIkNGU2OTFkYzAtMzgwYy00MmQxLTgzNWQtMGJlOWNlNzUwMTll2AIB4AIB&ucfs=1&arphpl=1&checkin=2026-06-01&checkout=2026-06-02&group_adults=2&req_adults=2&no_rooms=1&group_children=0&req_children=0&hpos=13&hapos=38&sr_order=popularity&srpvid=334674ea7f4a032f&srepoch=1778344670&all_sr_blocks=1477397501_431632412_4_0_0&highlighted_blocks=1477397501_431632412_4_0_0&matching_block_id=1477397501_431632412_4_0_0&sr_pri_blocks=1477397501_431632412_4_0_0__5840&from=searchresults,5/9/2026
Ain Sokhna,Swiss Inn Teda Hotel & Aqua Park,6194,EGP,2,0,1,7,1407,Ain Sokhna,5 km from downtown,4,Inn,Standard City View for Egyptians & Residents Only,Yes,Breakfast & dinner included,"Hot tub/Jacuzzi, Heated pool, Free parking",https://www.booking.com/hotel/eg/teda-swiss-inn-plaza.html?aid=304142&label=gen173nr-10CAQoggI46wdIMVgEaEOIAQGYATO4ARfIAQzYAQPoAQH4AQGIAgGoAgG4AtXF_c8GwAIB0gIkNGU2OTFkYzAtMzgwYy00MmQxLTgzNWQtMGJlOWNlNzUwMTll2AIB4AIB&ucfs=1&arphpl=1&checkin=2026-06-01&checkout=2026-06-02&group_adults=2&req_adults=2&no_rooms=1&group_children=0&req_children=0&hpos=14&hapos=39&sr_order=popularity&srpvid=334674ea7f4a032f&srepoch=1778344670&all_sr_blocks=41722822_429077870_2_17_0&highlighted_blocks=41722822_429077870_2_17_0&matching_block_id=41722822_429077870_2_17_0&sr_pri_blocks=41722822_429077870_2_17_0__11748&from=searchresults,5/9/2026
Ain Sokhna,Grand Ocean Sokhna Hotel & Resort,7803,EGP,2,0,1,9.1,882,Ain Sokhna,37.6 km from downtown,5,Resort,Standard Double Room,No,Breakfast included,"Hot tub/Jacuzzi, Heated pool, Free parking",https://www.booking.com/hotel/eg/ocean-blue-sokhna.html?aid=304142&label=gen173nr-10CAQoggI46wdIMVgEaEOIAQGYATO4ARfIAQzYAQPoAQH4AQGIAgGoAgG4AtXF_c8GwAIB0gIkNGU2OTFkYzAtMzgwYy00MmQxLTgzNWQtMGJlOWNlNzUwMTll2AIB4AIB&ucfs=1&arphpl=1&checkin=2026-06-01&checkout=2026-06-02&group_adults=2&req_adults=2&no_rooms=1&group_children=0&req_children=0&hpos=15&hapos=40&sr_order=popularity&srpvid=334674ea7f4a032f&srepoch=1778344670&all_sr_blocks=129247806_88786522_2_1_0&highlighted_blocks=129247806_88786522_2_1_0&matching_block_id=129247806_88786522_2_1_0&sr_pri_blocks=129247806_88786522_2_1_0__14800&from=searchresults,5/9/2026
Ain Sokhna,Porto Royal Stay The View Hotel ViP,5694,EGP,2,0,1,7.3,15,Ain Sokhna,2.6 km from downtown,5,Apartment,Two-Bedroom Apartment with Terrace and Sea View,Yes,,"Free parking, 24-hour front desk",https://www.booking.com/hotel/eg/byrmydz-bwrtw-l-yn-lskhnh.html?aid=304142&label=gen173nr-10CAQoggI46wdIMVgEaEOIAQGYATO4ARfIAQzYAQPoAQH4AQGIAgGoAgG4AtXF_c8GwAIB0gIkNGU2OTFkYzAtMzgwYy00MmQxLTgzNWQtMGJlOWNlNzUwMTll2AIB4AIB&ucfs=1&arphpl=1&checkin=2026-06-01&checkout=2026-06-02&group_adults=2&req_adults=2&no_rooms=1&group_children=0&req_children=0&hpos=16&hapos=41&sr_order=popularity&srpvid=334674ea7f4a032f&srepoch=1778344670&all_sr_blocks=1570543101_432017478_4_0_0&highlighted_blocks=1570543101_432017478_4_0_0&matching_block_id=1570543101_432017478_4_0_0&sr_pri_blocks=1570543101_432017478_4_0_0__10800&from=searchresults,5/9/2026
Ain Sokhna,Hotel Porto Sokhna,5124,EGP,2,0,1,10,1,Ain Sokhna,25.2 km from downtown,5,Apartment,Two-Bedroom Apartment with Terrace and Sea View,Yes,,"Free parking, Bar, 24-hour front desk",https://www.booking.com/hotel/eg/porto-sokna-tq5.html?aid=304142&label=gen173nr-10CAQoggI46wdIMVgEaEOIAQGYATO4ARfIAQzYAQPoAQH4AQGIAgGoAgG4AtXF_c8GwAIB0gIkNGU2OTFkYzAtMzgwYy00MmQxLTgzNWQtMGJlOWNlNzUwMTll2AIB4AIB&ucfs=1&arphpl=1&checkin=2026-06-01&checkout=2026-06-02&group_adults=2&req_adults=2&no_rooms=1&group_children=0&req_children=0&hpos=17&hapos=42&sr_order=popularity&srpvid=334674ea7f4a032f&srepoch=1778344670&all_sr_blocks=1611776601_432080055_4_0_0&highlighted_blocks=1611776601_432080055_4_0_0&matching_block_id=1611776601_432080055_4_0_0&sr_pri_blocks=1611776601_432080055_4_0_0__9720&from=searchresults,5/9/2026
Ain Sokhna,Private chalte Palmera sokhna family,7554,EGP,2,0,1,8.4,49,Ain Sokhna,15.9 km from downtown,3,Hotel,Studio with Sea View,Yes,,Bar,https://www.booking.com/hotel/eg/private-chalte-palmera-sokhna.html?aid=304142&label=gen173nr-10CAQoggI46wdIMVgEaEOIAQGYATO4ARfIAQzYAQPoAQH4AQGIAgGoAgG4AtXF_c8GwAIB0gIkNGU2OTFkYzAtMzgwYy00MmQxLTgzNWQtMGJlOWNlNzUwMTll2AIB4AIB&ucfs=1&arphpl=1&checkin=2026-06-01&checkout=2026-06-02&group_adults=2&req_adults=2&no_rooms=1&group_children=0&req_children=0&hpos=18&hapos=43&sr_order=popularity&srpvid=334674ea7f4a032f&srepoch=1778344670&all_sr_blocks=859926401_393242605_0_2_0&highlighted_blocks=859926401_393242605_0_2_0&matching_block_id=859926401_393242605_0_2_0&sr_pri_blocks=859926401_393242605_0_2_0__14328&from=searchresults,5/9/2026
Ain Sokhna,Pyramids Porto sokhna Red Sea,1442,EGP,2,0,1,,,Ain Sokhna,25.1 km from downtown,,Apartment,Two-Bedroom Apartment,Yes,,"Heated pool, Restaurant, 24-hour front desk",https://www.booking.com/hotel/eg/pyramids-porto-sokhna-red-sea.html?aid=304142&label=gen173nr-10CAQoggI46wdIMVgEaEOIAQGYATO4ARfIAQzYAQPoAQH4AQGIAgGoAgG4AtXF_c8GwAIB0gIkNGU2OTFkYzAtMzgwYy00MmQxLTgzNWQtMGJlOWNlNzUwMTll2AIB4AIB&ucfs=1&arphpl=1&checkin=2026-06-01&checkout=2026-06-02&group_adults=2&req_adults=2&no_rooms=1&group_children=0&req_children=0&hpos=19&hapos=44&sr_order=popularity&srpvid=334674ea7f4a032f&srepoch=1778344670&all_sr_blocks=1605687201_431488357_5_0_0&highlighted_blocks=1605687201_431488357_5_0_0&matching_block_id=1605687201_431488357_5_0_0&sr_pri_blocks=1605687201_431488357_5_0_0__2736&from=searchresults,5/9/2026
Ain Sokhna,porto sokhna,2989,EGP,2,0,1,10,2,Ain Sokhna,25.2 km from downtown,4,Apartment,Two-Bedroom Apartment with Terrace and Sea View,Yes,,"Free parking, Bar, 24-hour front desk",https://www.booking.com/hotel/eg/porto-sokhna-lswys7.html?aid=304142&label=gen173nr-10CAQoggI46wdIMVgEaEOIAQGYATO4ARfIAQzYAQPoAQH4AQGIAgGoAgG4AtXF_c8GwAIB0gIkNGU2OTFkYzAtMzgwYy00MmQxLTgzNWQtMGJlOWNlNzUwMTll2AIB4AIB&ucfs=1&arphpl=1&checkin=2026-06-01&checkout=2026-06-02&group_adults=2&req_adults=2&no_rooms=1&group_children=0&req_children=0&hpos=20&hapos=45&sr_order=popularity&srpvid=334674ea7f4a032f&srepoch=1778344670&all_sr_blocks=1603966801_433547768_4_0_0&highlighted_blocks=1603966801_433547768_4_0_0&matching_block_id=1603966801_433547768_4_0_0&sr_pri_blocks=1603966801_433547768_4_0_0__5670&from=searchresults,5/9/2026
Ain Sokhna,La Sirena Hotel & Resort - Families only,2230,EGP,2,0,1,6.6,183,Ain Sokhna,47.1 km from downtown,3,Resort,Double Room,Yes,,"Free parking, Bar",https://www.booking.com/hotel/eg/la-sirena.html?aid=304142&label=gen173nr-10CAQoggI46wdIMVgEaEOIAQGYATO4ARfIAQzYAQPoAQH4AQGIAgGoAgG4AtXF_c8GwAIB0gIkNGU2OTFkYzAtMzgwYy00MmQxLTgzNWQtMGJlOWNlNzUwMTll2AIB4AIB&ucfs=1&arphpl=1&checkin=2026-06-01&checkout=2026-06-02&group_adults=2&req_adults=2&no_rooms=1&group_children=0&req_children=0&hpos=21&hapos=46&sr_order=popularity&srpvid=334674ea7f4a032f&srepoch=1778344670&all_sr_blocks=37200501_390344060_0_0_0&highlighted_blocks=37200501_390344060_0_0_0&matching_block_id=37200501_390344060_0_0_0&sr_pri_blocks=37200501_390344060_0_0_0__4230&from=searchresults,5/9/2026
Ain Sokhna,ابراج بورتو السخنه,3992,EGP,2,0,1,,,Ain Sokhna,25.1 km from downtown,,Apartment,One-Bedroom Apartment,No,,,https://www.booking.com/hotel/eg/brj-bwrtw-lskhnh-tq2.html?aid=304142&label=gen173nr-10CAQoggI46wdIMVgEaEOIAQGYATO4ARfIAQzYAQPoAQH4AQGIAgGoAgG4AtXF_c8GwAIB0gIkNGU2OTFkYzAtMzgwYy00MmQxLTgzNWQtMGJlOWNlNzUwMTll2AIB4AIB&ucfs=1&arphpl=1&checkin=2026-06-01&checkout=2026-06-02&group_adults=2&req_adults=2&no_rooms=1&group_children=0&req_children=0&hpos=22&hapos=47&sr_order=popularity&srpvid=334674ea7f4a032f&srepoch=1778344670&all_sr_blocks=1339628801_406381142_2_0_0&highlighted_blocks=1339628801_406381142_2_0_0&matching_block_id=1339628801_406381142_2_0_0&sr_pri_blocks=1339628801_406381142_2_0_0__7573&from=searchresults,5/9/2026
Ain Sokhna,Retal View Resort El Sokhna Aqua Park,5272,EGP,2,0,1,6,941,Ain Sokhna,14.2 km from downtown,4,Resort,Deluxe Double Room Sea & Pool View,Yes,Breakfast & dinner included,"Free parking, Spa, Bar",https://www.booking.com/hotel/eg/red-carpet.html?aid=304142&label=gen173nr-10CAQoggI46wdIMVgEaEOIAQGYATO4ARfIAQzYAQPoAQH4AQGIAgGoAgG4AtXF_c8GwAIB0gIkNGU2OTFkYzAtMzgwYy00MmQxLTgzNWQtMGJlOWNlNzUwMTll2AIB4AIB&ucfs=1&arphpl=1&checkin=2026-06-01&checkout=2026-06-02&group_adults=2&req_adults=2&no_rooms=1&group_children=0&req_children=0&hpos=23&hapos=48&sr_order=popularity&srpvid=334674ea7f4a032f&srepoch=1778344670&all_sr_blocks=36815601_377369441_2_25_0&highlighted_blocks=36815601_377369441_2_25_0&matching_block_id=36815601_377369441_2_25_0&sr_pri_blocks=36815601_377369441_2_25_0__10000&from=searchresults,5/9/2026
Ain Sokhna,3BR Cozy SeaView Chalet in Ein Bay l AinSokhna,5020,EGP,2,0,1,,,Ain Sokhna,11.1 km from downtown,3,Hotel,Three-Bedroom Chalet,No,,"Free parking, Free Wifi",https://www.booking.com/hotel/eg/3br-cozy-seaview-chalet-in-ein-bay-l-ainsokhna.html?aid=304142&label=gen173nr-10CAQoggI46wdIMVgEaEOIAQGYATO4ARfIAQzYAQPoAQH4AQGIAgGoAgG4AtXF_c8GwAIB0gIkNGU2OTFkYzAtMzgwYy00MmQxLTgzNWQtMGJlOWNlNzUwMTll2AIB4AIB&ucfs=1&arphpl=1&checkin=2026-06-01&checkout=2026-06-02&group_adults=2&req_adults=2&no_rooms=1&group_children=0&req_children=0&hpos=24&hapos=49&sr_order=popularity&srpvid=334674ea7f4a032f&srepoch=1778344670&all_sr_blocks=1581263401_429230313_6_0_0&highlighted_blocks=1581263401_429230313_6_0_0&matching_block_id=1581263401_429230313_6_0_0&sr_pri_blocks=1581263401_429230313_6_0_0__9522&from=searchresults,5/9/2026
Ain Sokhna,Elite Residence Aqua Park,8382,EGP,2,0,1,7.4,645,Ain Sokhna,12 km from downtown,4,Inn,Junior Suite with Garden View,Yes,Breakfast & dinner included,"Heated pool, Free parking, Spa",https://www.booking.com/hotel/eg/elite-residence-amp-aqua-park.html?aid=304142&label=gen173nr-10CAQoggI46wdIMVgEaEOIAQGYATO4ARfIAQzYAQPoAQH4AQGIAgGoAgG4AtXF_c8GwAIB0gIkNGU2OTFkYzAtMzgwYy00MmQxLTgzNWQtMGJlOWNlNzUwMTll2AIB4AIB&ucfs=1&arphpl=1&checkin=2026-06-01&checkout=2026-06-02&group_adults=2&req_adults=2&no_rooms=1&group_children=0&req_children=0&hpos=25&hapos=50&sr_order=popularity&srpvid=334674ea7f4a032f&srepoch=1778344670&all_sr_blocks=178606712_122744682_2_25_0_46709&highlighted_blocks=178606712_122744682_2_25_0_46709&matching_block_id=178606712_122744682_2_25_0_46709&sr_pri_blocks=178606712_122744682_2_25_0_46709_15900&from=searchresults,5/9/2026
Ain Sokhna,SeaVille Beach Hotel by Elite Hotels & Resorts,11440,EGP,2,0,1,8.1,872,Ain Sokhna,12.5 km from downtown,4,Resort,Superior Double or Twin Room,Yes,Breakfast & dinner included,"Heated pool, Free parking, Bar",https://www.booking.com/hotel/eg/elite-aroma-resort.html?aid=304142&label=gen173nr-10CAQoggI46wdIMVgEaEOIAQGYATO4ARfIAQzYAQPoAQH4AQGIAgGoAgG4AtXF_c8GwAIB0gIkNGU2OTFkYzAtMzgwYy00MmQxLTgzNWQtMGJlOWNlNzUwMTll2AIB4AIB&ucfs=1&arphpl=1&checkin=2026-06-01&checkout=2026-06-02&group_adults=2&req_adults=2&no_rooms=1&group_children=0&req_children=0&hpos=1&hapos=51&sr_order=popularity&srpvid=334674ea7f4a032f&srepoch=1778344674&all_sr_blocks=489923002_387129184_2_25_0_231551&highlighted_blocks=489923002_387129184_2_25_0_231551&matching_block_id=489923002_387129184_2_25_0_231551&sr_pri_blocks=489923002_387129184_2_25_0_231551_21700&from=searchresults,5/9/2026
Ain Sokhna,شاليه vib منتجع هيفن هيلز بورتو السخنه عائلات مكيف بالكامل,2109,EGP,2,0,1,9.6,8,Ain Sokhna,25.9 km from downtown,,Apartment,One-Bedroom Apartment,Yes,,Free parking,https://www.booking.com/hotel/eg/shlyh-vib-mntjh-hyfn-hylz-bwrtw-lskhnh-y-lt-mkyf-blkml.html?aid=304142&label=gen173nr-10CAQoggI46wdIMVgEaEOIAQGYATO4ARfIAQzYAQPoAQH4AQGIAgGoAgG4AtXF_c8GwAIB0gIkNGU2OTFkYzAtMzgwYy00MmQxLTgzNWQtMGJlOWNlNzUwMTll2AIB4AIB&ucfs=1&arphpl=1&checkin=2026-06-01&checkout=2026-06-02&group_adults=2&req_adults=2&no_rooms=1&group_children=0&req_children=0&hpos=2&hapos=52&sr_order=popularity&srpvid=334674ea7f4a032f&srepoch=1778344674&all_sr_blocks=1281245401_401035831_4_0_0&highlighted_blocks=1281245401_401035831_4_0_0&matching_block_id=1281245401_401035831_4_0_0&sr_pri_blocks=1281245401_401035831_4_0_0__4000&from=searchresults,5/9/2026
Ain Sokhna,بورتو السخنه اكوا بارك,4341,EGP,2,0,1,5.1,11,Ain Sokhna,25 km from downtown,5,Hotel,Chalet,No,,"Free parking, Spa, Restaurant",https://www.booking.com/hotel/eg/bwrtw-lskhnh-kw-brk.html?aid=304142&label=gen173nr-10CAQoggI46wdIMVgEaEOIAQGYATO4ARfIAQzYAQPoAQH4AQGIAgGoAgG4AtXF_c8GwAIB0gIkNGU2OTFkYzAtMzgwYy00MmQxLTgzNWQtMGJlOWNlNzUwMTll2AIB4AIB&ucfs=1&arphpl=1&checkin=2026-06-01&checkout=2026-06-02&group_adults=2&req_adults=2&no_rooms=1&group_children=0&req_children=0&hpos=3&hapos=53&sr_order=popularity&srpvid=334674ea7f4a032f&srepoch=1778344674&all_sr_blocks=1366913201_408952675_3_0_0&highlighted_blocks=1366913201_408952675_3_0_0&matching_block_id=1366913201_408952675_3_0_0&sr_pri_blocks=1366913201_408952675_3_0_0__8235&from=searchresults,5/9/2026
Ain Sokhna,Porto Sokhna Majestic,10544,EGP,2,0,1,7.2,33,Ain Sokhna,25.1 km from downtown,5,Hotel,Three-Bedroom Chalet,Yes,,Restaurant,https://www.booking.com/hotel/eg/porto-sokhna-majestic.html?aid=304142&label=gen173nr-10CAQoggI46wdIMVgEaEOIAQGYATO4ARfIAQzYAQPoAQH4AQGIAgGoAgG4AtXF_c8GwAIB0gIkNGU2OTFkYzAtMzgwYy00MmQxLTgzNWQtMGJlOWNlNzUwMTll2AIB4AIB&ucfs=1&arphpl=1&checkin=2026-06-01&checkout=2026-06-02&group_adults=2&req_adults=2&no_rooms=1&group_children=0&req_children=0&hpos=4&hapos=54&sr_order=popularity&srpvid=334674ea7f4a032f&srepoch=1778344674&all_sr_blocks=1301520707_412272851_7_0_0&highlighted_blocks=1301520707_412272851_7_0_0&matching_block_id=1301520707_412272851_7_0_0&sr_pri_blocks=1301520707_412272851_7_0_0__20000&from=searchresults,5/9/2026
Ain Sokhna,Porto Elsokhna Pyramids Families,3480,EGP,2,0,1,7.6,7,Ain Sokhna,25.6 km from downtown,,Apartment,Two-Bedroom Apartment with Balcony and Sea View,Yes,,"Restaurant, 24-hour front desk",https://www.booking.com/hotel/eg/shlyh-bwrtw-lskhnh-attaka.html?aid=304142&label=gen173nr-10CAQoggI46wdIMVgEaEOIAQGYATO4ARfIAQzYAQPoAQH4AQGIAgGoAgG4AtXF_c8GwAIB0gIkNGU2OTFkYzAtMzgwYy00MmQxLTgzNWQtMGJlOWNlNzUwMTll2AIB4AIB&ucfs=1&arphpl=1&checkin=2026-06-01&checkout=2026-06-02&group_adults=2&req_adults=2&no_rooms=1&group_children=0&req_children=0&hpos=5&hapos=55&sr_order=popularity&srpvid=334674ea7f4a032f&srepoch=1778344674&all_sr_blocks=1053739101_433720090_0_0_0&highlighted_blocks=1053739101_433720090_0_0_0&matching_block_id=1053739101_433720090_0_0_0&sr_pri_blocks=1053739101_433720090_0_0_0__6600&from=searchresults,5/9/2026
Ain Sokhna,Spacious Villa lake view 6 Bedrooms Einbay Resort,17643,EGP,2,0,1,6.1,11,Ain Sokhna,11.7 km from downtown,3,Resort,Villa with Garden View,No,,"Free parking, Free Wifi",https://www.booking.com/hotel/eg/spacious-villa-lake-view-6-bedrooms-einbay-resort.html?aid=304142&label=gen173nr-10CAQoggI46wdIMVgEaEOIAQGYATO4ARfIAQzYAQPoAQH4AQGIAgGoAgG4AtXF_c8GwAIB0gIkNGU2OTFkYzAtMzgwYy00MmQxLTgzNWQtMGJlOWNlNzUwMTll2AIB4AIB&ucfs=1&arphpl=1&checkin=2026-06-01&checkout=2026-06-02&group_adults=2&req_adults=2&no_rooms=1&group_children=0&req_children=0&hpos=6&hapos=56&sr_order=popularity&srpvid=334674ea7f4a032f&srepoch=1778344674&all_sr_blocks=1271289401_399900661_0_0_0&highlighted_blocks=1271289401_399900661_0_0_0&matching_block_id=1271289401_399900661_0_0_0&sr_pri_blocks=1271289401_399900661_0_0_0__33465&from=searchresults,5/9/2026
Ain Sokhna,Porto Sokhna Marina Towers sea view,3163,EGP,2,0,1,10,1,Ain Sokhna,25.1 km from downtown,,Apartment,Two-Bedroom Apartment with Terrace and Sea View,Yes,,"Bar, 24-hour front desk",https://www.booking.com/hotel/eg/bwrtw-lskhnh-lhrmt-brj-khfr.html?aid=304142&label=gen173nr-10CAQoggI46wdIMVgEaEOIAQGYATO4ARfIAQzYAQPoAQH4AQGIAgGoAgG4AtXF_c8GwAIB0gIkNGU2OTFkYzAtMzgwYy00MmQxLTgzNWQtMGJlOWNlNzUwMTll2AIB4AIB&ucfs=1&arphpl=1&checkin=2026-06-01&checkout=2026-06-02&group_adults=2&req_adults=2&no_rooms=1&group_children=0&req_children=0&hpos=7&hapos=57&sr_order=popularity&srpvid=334674ea7f4a032f&srepoch=1778344674&all_sr_blocks=1112299001_433825829_2_0_0_1306948&highlighted_blocks=1112299001_433825829_2_0_0_1306948&matching_block_id=1112299001_433825829_2_0_0_1306948&sr_pri_blocks=1112299001_433825829_2_0_0_1306948_6000&from=searchresults,5/9/2026
Ain Sokhna,La Siesta Hotel Al Sokhna,4270,EGP,2,0,1,8.3,411,Ain Sokhna,24.1 km from downtown,,Hotel,Superior Double or Twin Room with Sea View,No,Breakfast included,"Restaurant, Free Wifi",https://www.booking.com/hotel/eg/la-siesta-al-sokhna.html?aid=304142&label=gen173nr-10CAQoggI46wdIMVgEaEOIAQGYATO4ARfIAQzYAQPoAQH4AQGIAgGoAgG4AtXF_c8GwAIB0gIkNGU2OTFkYzAtMzgwYy00MmQxLTgzNWQtMGJlOWNlNzUwMTll2AIB4AIB&ucfs=1&arphpl=1&checkin=2026-06-01&checkout=2026-06-02&group_adults=2&req_adults=2&no_rooms=1&group_children=0&req_children=0&hpos=8&hapos=58&sr_order=popularity&srpvid=334674ea7f4a032f&srepoch=1778344674&all_sr_blocks=870302301_355671064_2_41_0&highlighted_blocks=870302301_355671064_2_41_0&matching_block_id=870302301_355671064_2_41_0&sr_pri_blocks=870302301_355671064_2_41_0__8100&from=searchresults,5/9/2026
Ain Sokhna,PortoSokhna Hotel&Resort,4091,EGP,2,0,1,,,Ain Sokhna,25.1 km from downtown,5,Resort,Two-Bedroom Apartment,Yes,,"Free parking, 24-hour front desk",https://www.booking.com/hotel/eg/porto-sokhna-lswys6.html?aid=304142&label=gen173nr-10CAQoggI46wdIMVgEaEOIAQGYATO4ARfIAQzYAQPoAQH4AQGIAgGoAgG4AtXF_c8GwAIB0gIkNGU2OTFkYzAtMzgwYy00MmQxLTgzNWQtMGJlOWNlNzUwMTll2AIB4AIB&ucfs=1&arphpl=1&checkin=2026-06-01&checkout=2026-06-02&group_adults=2&req_adults=2&no_rooms=1&group_children=0&req_children=0&hpos=9&hapos=59&sr_order=popularity&srpvid=334674ea7f4a032f&srepoch=1778344674&all_sr_blocks=1582647901_429375433_4_0_0&highlighted_blocks=1582647901_429375433_4_0_0&matching_block_id=1582647901_429375433_4_0_0&sr_pri_blocks=1582647901_429375433_4_0_0__7760&from=searchresults,5/9/2026
Ain Sokhna,Porto Sokhna Grand Hotel,2799,EGP,2,0,1,,,Ain Sokhna,25.2 km from downtown,,Apartment,Two-Bedroom Apartment,Yes,,"Hot tub/Jacuzzi, Heated pool, Free parking",https://www.booking.com/hotel/eg/porto-pyramids-tq7.html?aid=304142&label=gen173nr-10CAQoggI46wdIMVgEaEOIAQGYATO4ARfIAQzYAQPoAQH4AQGIAgGoAgG4AtXF_c8GwAIB0gIkNGU2OTFkYzAtMzgwYy00MmQxLTgzNWQtMGJlOWNlNzUwMTll2AIB4AIB&ucfs=1&arphpl=1&checkin=2026-06-01&checkout=2026-06-02&group_adults=2&req_adults=2&no_rooms=1&group_children=0&req_children=0&hpos=10&hapos=60&sr_order=popularity&srpvid=334674ea7f4a032f&srepoch=1778344674&all_sr_blocks=1582559001_429369929_0_0_0&highlighted_blocks=1582559001_429369929_0_0_0&matching_block_id=1582559001_429369929_0_0_0&sr_pri_blocks=1582559001_429369929_0_0_0__5310&from=searchresults,5/9/2026
Ain Sokhna,Porto sokhna pyramids,4218,EGP,2,0,1,,,Ain Sokhna,25 km from downtown,,Apartment,Two-Bedroom Apartment,Yes,,Hot tub/Jacuzzi,https://www.booking.com/hotel/eg/porto-sokhna-pyramids-porto-sokhna13.html?aid=304142&label=gen173nr-10CAQoggI46wdIMVgEaEOIAQGYATO4ARfIAQzYAQPoAQH4AQGIAgGoAgG4AtXF_c8GwAIB0gIkNGU2OTFkYzAtMzgwYy00MmQxLTgzNWQtMGJlOWNlNzUwMTll2AIB4AIB&ucfs=1&arphpl=1&checkin=2026-06-01&checkout=2026-06-02&group_adults=2&req_adults=2&no_rooms=1&group_children=0&req_children=0&hpos=11&hapos=61&sr_order=popularity&srpvid=334674ea7f4a032f&srepoch=1778344674&all_sr_blocks=1607334601_431670467_2_0_0&highlighted_blocks=1607334601_431670467_2_0_0&matching_block_id=1607334601_431670467_2_0_0&sr_pri_blocks=1607334601_431670467_2_0_0__8000&from=searchresults,5/9/2026
Ain Sokhna,2BR Sea View Chalet Porto Ain Sokhna,4513,EGP,2,0,1,6.7,14,Ain Sokhna,25 km from downtown,5,Apartment,Two-Bedroom Apartment with Terrace and Sea View,Yes,,"Heated pool, Spa, Bar",https://www.booking.com/hotel/eg/proto-sokna.html?aid=304142&label=gen173nr-10CAQoggI46wdIMVgEaEOIAQGYATO4ARfIAQzYAQPoAQH4AQGIAgGoAgG4AtXF_c8GwAIB0gIkNGU2OTFkYzAtMzgwYy00MmQxLTgzNWQtMGJlOWNlNzUwMTll2AIB4AIB&ucfs=1&arphpl=1&checkin=2026-06-01&checkout=2026-06-02&group_adults=2&req_adults=2&no_rooms=1&group_children=0&req_children=0&hpos=12&hapos=62&sr_order=popularity&srpvid=334674ea7f4a032f&srepoch=1778344674&all_sr_blocks=1563276301_432241629_5_0_0&highlighted_blocks=1563276301_432241629_5_0_0&matching_block_id=1563276301_432241629_5_0_0&sr_pri_blocks=1563276301_432241629_5_0_0__8560&from=searchresults,5/9/2026
Ain Sokhna,Porto Sokhna Pyramids Hotel,2429,EGP,2,0,1,7,6,Ain Sokhna,25.1 km from downtown,5,Apartment,Apartment with Sea View,Yes,,"Hot tub/Jacuzzi, Free Wifi, 24-hour front desk",https://www.booking.com/hotel/eg/porto-dreams.html?aid=304142&label=gen173nr-10CAQoggI46wdIMVgEaEOIAQGYATO4ARfIAQzYAQPoAQH4AQGIAgGoAgG4AtXF_c8GwAIB0gIkNGU2OTFkYzAtMzgwYy00MmQxLTgzNWQtMGJlOWNlNzUwMTll2AIB4AIB&ucfs=1&arphpl=1&checkin=2026-06-01&checkout=2026-06-02&group_adults=2&req_adults=2&no_rooms=1&group_children=0&req_children=0&hpos=13&hapos=63&sr_order=popularity&srpvid=334674ea7f4a032f&srepoch=1778344674&all_sr_blocks=1553903101_426999696_2_0_0&highlighted_blocks=1553903101_426999696_2_0_0&matching_block_id=1553903101_426999696_2_0_0&sr_pri_blocks=1553903101_426999696_2_0_0__4608&from=searchresults,5/9/2026
Ain Sokhna,La Sirena Ain Sokhna Sea View Resort,4033,EGP,2,0,1,1,1,Ain Sokhna,14.9 km from downtown,,Resort,Two-Bedroom Apartment with Pool View,Yes,,"Free parking, Bar, Free Wifi",https://www.booking.com/hotel/eg/lastina-my-ega.html?aid=304142&label=gen173nr-10CAQoggI46wdIMVgEaEOIAQGYATO4ARfIAQzYAQPoAQH4AQGIAgGoAgG4AtXF_c8GwAIB0gIkNGU2OTFkYzAtMzgwYy00MmQxLTgzNWQtMGJlOWNlNzUwMTll2AIB4AIB&ucfs=1&arphpl=1&checkin=2026-06-01&checkout=2026-06-02&group_adults=2&req_adults=2&no_rooms=1&group_children=0&req_children=0&hpos=14&hapos=64&sr_order=popularity&srpvid=334674ea7f4a032f&srepoch=1778344674&all_sr_blocks=1585094301_429946812_5_0_0&highlighted_blocks=1585094301_429946812_5_0_0&matching_block_id=1585094301_429946812_5_0_0&sr_pri_blocks=1585094301_429946812_5_0_0__7650&from=searchresults,5/9/2026
Ain Sokhna,Viva Coast Resort - El Galala - El Sokhna,4270,EGP,2,0,1,8.1,86,Ain Sokhna,21.2 km from downtown,,Resort,Deluxe Double Room with Balcony and Sea View,No,,"Free parking, Bar, 24-hour front desk",https://www.booking.com/hotel/eg/viva-coast-resort-el-galala-el-sokhna.html?aid=304142&label=gen173nr-10CAQoggI46wdIMVgEaEOIAQGYATO4ARfIAQzYAQPoAQH4AQGIAgGoAgG4AtXF_c8GwAIB0gIkNGU2OTFkYzAtMzgwYy00MmQxLTgzNWQtMGJlOWNlNzUwMTll2AIB4AIB&ucfs=1&arphpl=1&checkin=2026-06-01&checkout=2026-06-02&group_adults=2&req_adults=2&no_rooms=1&group_children=0&req_children=0&hpos=15&hapos=65&sr_order=popularity&srpvid=334674ea7f4a032f&srepoch=1778344674&all_sr_blocks=1422645702_413892064_0_0_0&highlighted_blocks=1422645702_413892064_0_0_0&matching_block_id=1422645702_413892064_0_0_0&sr_pri_blocks=1422645702_413892064_0_0_0__8100&from=searchresults,5/9/2026
Ain Sokhna,قرية بيلاجيو العين السخنه للعائلات فقط اسرة,2109,EGP,2,0,1,,,Ain Sokhna,55.8 km from downtown,,Hotel,Two-Bedroom Chalet,Yes,,"Free parking, Bar",https://www.booking.com/hotel/eg/qry-byljyw-l-yn-lskhnh.html?aid=304142&label=gen173nr-10CAQoggI46wdIMVgEaEOIAQGYATO4ARfIAQzYAQPoAQH4AQGIAgGoAgG4AtXF_c8GwAIB0gIkNGU2OTFkYzAtMzgwYy00MmQxLTgzNWQtMGJlOWNlNzUwMTll2AIB4AIB&ucfs=1&arphpl=1&checkin=2026-06-01&checkout=2026-06-02&group_adults=2&req_adults=2&no_rooms=1&group_children=0&req_children=0&hpos=16&hapos=66&sr_order=popularity&srpvid=334674ea7f4a032f&srepoch=1778344674&all_sr_blocks=1171775202_389713204_4_0_0&highlighted_blocks=1171775202_389713204_4_0_0&matching_block_id=1171775202_389713204_4_0_0&sr_pri_blocks=1171775202_389713204_4_0_0__4000&from=searchresults,5/9/2026
Ain Sokhna,Fanar Hotel,5167,EGP,2,0,1,7.6,291,Ain Sokhna,44.7 km from downtown,3,Hotel,Twin Room with Sea View,No,,"Free parking, Restaurant, 24-hour front desk",https://www.booking.com/hotel/eg/fanar-de-luna-ataqah.html?aid=304142&label=gen173nr-10CAQoggI46wdIMVgEaEOIAQGYATO4ARfIAQzYAQPoAQH4AQGIAgGoAgG4AtXF_c8GwAIB0gIkNGU2OTFkYzAtMzgwYy00MmQxLTgzNWQtMGJlOWNlNzUwMTll2AIB4AIB&ucfs=1&arphpl=1&checkin=2026-06-01&checkout=2026-06-02&group_adults=2&req_adults=2&no_rooms=1&group_children=0&req_children=0&hpos=17&hapos=67&sr_order=popularity&srpvid=334674ea7f4a032f&srepoch=1778344674&all_sr_blocks=328175212_390622328_0_2_0&highlighted_blocks=328175212_390622328_0_2_0&matching_block_id=328175212_390622328_0_2_0&sr_pri_blocks=328175212_390622328_0_2_0__9800&from=searchresults,5/9/2026
Ain Sokhna,شاليه مميز يطل عالبسين والبحر للعائلات فقط اسره,1518,EGP,2,0,1,7.8,4,Ain Sokhna,24 km from downtown,,Hotel,Two-Bedroom Chalet,No,,"Hot tub/Jacuzzi, Free parking",https://www.booking.com/hotel/eg/shlyh-mmyz-ytl-lbsyn-wlbhr.html?aid=304142&label=gen173nr-10CAQoggI46wdIMVgEaEOIAQGYATO4ARfIAQzYAQPoAQH4AQGIAgGoAgG4AtXF_c8GwAIB0gIkNGU2OTFkYzAtMzgwYy00MmQxLTgzNWQtMGJlOWNlNzUwMTll2AIB4AIB&ucfs=1&arphpl=1&checkin=2026-06-01&checkout=2026-06-02&group_adults=2&req_adults=2&no_rooms=1&group_children=0&req_children=0&hpos=18&hapos=68&sr_order=popularity&srpvid=334674ea7f4a032f&srepoch=1778344674&all_sr_blocks=1180159401_390467888_2_42_0&highlighted_blocks=1180159401_390467888_2_42_0&matching_block_id=1180159401_390467888_2_42_0&sr_pri_blocks=1180159401_390467888_2_42_0__2880&from=searchresults,5/9/2026
Ain Sokhna,Porto Sokhna pyramids Family Only,7022,EGP,2,0,1,9.4,11,Ain Sokhna,25.8 km from downtown,5,Hotel,Two-Bedroom Chalet,Yes,,"Hot tub/Jacuzzi, Free parking, Restaurant",https://www.booking.com/hotel/eg/chalet-in-porto-sokhna-in-the-panorama.html?aid=304142&label=gen173nr-10CAQoggI46wdIMVgEaEOIAQGYATO4ARfIAQzYAQPoAQH4AQGIAgGoAgG4AtXF_c8GwAIB0gIkNGU2OTFkYzAtMzgwYy00MmQxLTgzNWQtMGJlOWNlNzUwMTll2AIB4AIB&ucfs=1&arphpl=1&checkin=2026-06-01&checkout=2026-06-02&group_adults=2&req_adults=2&no_rooms=1&group_children=0&req_children=0&hpos=19&hapos=69&sr_order=popularity&srpvid=334674ea7f4a032f&srepoch=1778344674&all_sr_blocks=1611532501_433447385_5_0_0&highlighted_blocks=1611532501_433447385_5_0_0&matching_block_id=1611532501_433447385_5_0_0&sr_pri_blocks=1611532501_433447385_5_0_0__13320&from=searchresults,5/9/2026
Ain Sokhna,porto sokhna,1898,EGP,2,0,1,,,Ain Sokhna,25.1 km from downtown,,Hotel,Quadruple Room with Shared Bathroom,No,,"Hot tub/Jacuzzi, 24-hour front desk",https://www.booking.com/hotel/eg/porto-sokhna-tq45.html?aid=304142&label=gen173nr-10CAQoggI46wdIMVgEaEOIAQGYATO4ARfIAQzYAQPoAQH4AQGIAgGoAgG4AtXF_c8GwAIB0gIkNGU2OTFkYzAtMzgwYy00MmQxLTgzNWQtMGJlOWNlNzUwMTll2AIB4AIB&ucfs=1&arphpl=1&checkin=2026-06-01&checkout=2026-06-02&group_adults=2&req_adults=2&no_rooms=1&group_children=0&req_children=0&hpos=20&hapos=70&sr_order=popularity&srpvid=334674ea7f4a032f&srepoch=1778344674&all_sr_blocks=1606714001_431607122_4_0_0&highlighted_blocks=1606714001_431607122_4_0_0&matching_block_id=1606714001_431607122_4_0_0&sr_pri_blocks=1606714001_431607122_4_0_0__3600&from=searchresults,5/9/2026
Ain Sokhna,Boho sokhna,3100,EGP,2,0,1,9.5,2,Ain Sokhna,43.9 km from downtown,4,Hotel,One-Bedroom Chalet,No,,"Hot tub/Jacuzzi, Free parking, Restaurant",https://www.booking.com/hotel/eg/boho-sokhna.html?aid=304142&label=gen173nr-10CAQoggI46wdIMVgEaEOIAQGYATO4ARfIAQzYAQPoAQH4AQGIAgGoAgG4AtXF_c8GwAIB0gIkNGU2OTFkYzAtMzgwYy00MmQxLTgzNWQtMGJlOWNlNzUwMTll2AIB4AIB&ucfs=1&arphpl=1&checkin=2026-06-01&checkout=2026-06-02&group_adults=2&req_adults=2&no_rooms=1&group_children=0&req_children=0&hpos=21&hapos=71&sr_order=popularity&srpvid=334674ea7f4a032f&srepoch=1778344674&all_sr_blocks=1609916701_431985987_0_0_0&highlighted_blocks=1609916701_431985987_0_0_0&matching_block_id=1609916701_431985987_0_0_0&sr_pri_blocks=1609916701_431985987_0_0_0__5880&from=searchresults,5/9/2026
Ain Sokhna,شاليه في بورتو السخنه منتجع Chalet Porto el sokhna Heaven hills عائلات فقط H,1951,EGP,2,0,1,8.6,16,Ain Sokhna,25.9 km from downtown,3,Hotel,One-Bedroom Chalet,Yes,,"Free parking, 24-hour front desk",https://www.booking.com/hotel/eg/shlyh-fy-bwrtw-lskhnh-mntj-chalet-porto-el-sokhna-heaven-hills.html?aid=304142&label=gen173nr-10CAQoggI46wdIMVgEaEOIAQGYATO4ARfIAQzYAQPoAQH4AQGIAgGoAgG4AtXF_c8GwAIB0gIkNGU2OTFkYzAtMzgwYy00MmQxLTgzNWQtMGJlOWNlNzUwMTll2AIB4AIB&ucfs=1&arphpl=1&checkin=2026-06-01&checkout=2026-06-02&group_adults=2&req_adults=2&no_rooms=1&group_children=0&req_children=0&hpos=22&hapos=72&sr_order=popularity&srpvid=334674ea7f4a032f&srepoch=1778344674&all_sr_blocks=1052308001_394535513_2_0_0&highlighted_blocks=1052308001_394535513_2_0_0&matching_block_id=1052308001_394535513_2_0_0&sr_pri_blocks=1052308001_394535513_2_0_0__3700&from=searchresults,5/9/2026
Ain Sokhna,Porto south beach Resort hotel - BB,3416,EGP,2,0,1,8.5,2,Ain Sokhna,39.4 km from downtown,4,Resort,Double Room with Pool View,No,Breakfast included,"Free parking, Spa, Bar",https://www.booking.com/hotel/eg/porto-south-beach-resort-rooms-half-board.html?aid=304142&label=gen173nr-10CAQoggI46wdIMVgEaEOIAQGYATO4ARfIAQzYAQPoAQH4AQGIAgGoAgG4AtXF_c8GwAIB0gIkNGU2OTFkYzAtMzgwYy00MmQxLTgzNWQtMGJlOWNlNzUwMTll2AIB4AIB&ucfs=1&arphpl=1&checkin=2026-06-01&checkout=2026-06-02&group_adults=2&req_adults=2&no_rooms=1&group_children=0&req_children=0&hpos=23&hapos=73&sr_order=popularity&srpvid=334674ea7f4a032f&srepoch=1778344674&all_sr_blocks=1611745602_432075896_2_1_0&highlighted_blocks=1611745602_432075896_2_1_0&matching_block_id=1611745602_432075896_2_1_0&sr_pri_blocks=1611745602_432075896_2_1_0__6480&from=searchresults,5/9/2026
Ain Sokhna,Luxury Azha Ain Sokhna Villa - Pool & Garden Views,10544,EGP,2,0,1,,,Ain Sokhna,10.4 km from downtown,3,Villa,Villa with Garden View,No,,"Free parking, Restaurant, Free Wifi",https://www.booking.com/hotel/eg/family-fun-beach-villa.html?aid=304142&label=gen173nr-10CAQoggI46wdIMVgEaEOIAQGYATO4ARfIAQzYAQPoAQH4AQGIAgGoAgG4AtXF_c8GwAIB0gIkNGU2OTFkYzAtMzgwYy00MmQxLTgzNWQtMGJlOWNlNzUwMTll2AIB4AIB&ucfs=1&arphpl=1&checkin=2026-06-01&checkout=2026-06-02&group_adults=2&req_adults=2&no_rooms=1&group_children=0&req_children=0&hpos=24&hapos=74&sr_order=popularity&srpvid=334674ea7f4a032f&srepoch=1778344674&all_sr_blocks=1254398701_397950669_4_0_0&highlighted_blocks=1254398701_397950669_4_0_0&matching_block_id=1254398701_397950669_4_0_0&sr_pri_blocks=1254398701_397950669_4_0_0__20000&from=searchresults,5/9/2026
Ain Sokhna,It has a very good looking view for sea and pool,5272,EGP,2,0,1,8,1,Ain Sokhna,40.7 km from downtown,,Apartment,Two-Bedroom Apartment,Yes,,Free parking,https://www.booking.com/hotel/eg/it-has-a-very-good-looking-view-for-sea-and-pool.html?aid=304142&label=gen173nr-10CAQoggI46wdIMVgEaEOIAQGYATO4ARfIAQzYAQPoAQH4AQGIAgGoAgG4AtXF_c8GwAIB0gIkNGU2OTFkYzAtMzgwYy00MmQxLTgzNWQtMGJlOWNlNzUwMTll2AIB4AIB&ucfs=1&arphpl=1&checkin=2026-06-01&checkout=2026-06-02&group_adults=2&req_adults=2&no_rooms=1&group_children=0&req_children=0&hpos=25&hapos=75&sr_order=popularity&srpvid=334674ea7f4a032f&srepoch=1778344674&all_sr_blocks=1391676801_411135781_6_0_0&highlighted_blocks=1391676801_411135781_6_0_0&matching_block_id=1391676801_411135781_6_0_0&sr_pri_blocks=1391676801_411135781_6_0_0__10000&from=searchresults,5/9/2026
El Alamein,Marassi Boutique Hotel-Marina 2,4510,EGP,2,0,1,9,294,"Sidi Abd El-Rahman, El Alamein",23.6 km from downtown,3,Hotel,Deluxe Marassi View,Yes,Breakfast included,,https://www.booking.com/hotel/eg/marina-two.html?aid=304142&label=gen173nr-10CAQoggI46wdIMVgEaEOIAQGYATO4ARfIAQzYAQPoAQH4AQGIAgGoAgG4AsnG_c8GwAIB0gIkYzg5ZmRhYmMtMjVjYS00N2FiLTg5ZjQtZDRjNzBhOWNjN2Yx2AIB4AIB&ucfs=1&arphpl=1&checkin=2026-06-01&checkout=2026-06-02&group_adults=2&req_adults=2&no_rooms=1&group_children=0&req_children=0&hpos=1&hapos=1&sr_order=popularity&srpvid=faf3752443e700b9&srepoch=1778344799&all_sr_blocks=1192164004_0_2_1_0&highlighted_blocks=1192164004_0_2_1_0&matching_block_id=1192164004_0_2_1_0&sr_pri_blocks=1192164004_0_2_1_0__8555&from=searchresults,5/9/2026
El Alamein,Al Alamein Hotel,20202,EGP,2,0,1,9.2,1727,"Sidi Abd El-Rahman, El Alamein",24.5 km from downtown,5,Hotel,Superior Garden View,Yes,Breakfast included,,https://www.booking.com/hotel/eg/al-alamein-sidi-abd-el-rahman.html?aid=304142&label=gen173nr-10CAQoggI46wdIMVgEaEOIAQGYATO4ARfIAQzYAQPoAQH4AQGIAgGoAgG4AsnG_c8GwAIB0gIkYzg5ZmRhYmMtMjVjYS00N2FiLTg5ZjQtZDRjNzBhOWNjN2Yx2AIB4AIB&ucfs=1&arphpl=1&checkin=2026-06-01&checkout=2026-06-02&group_adults=2&req_adults=2&no_rooms=1&group_children=0&req_children=0&hpos=2&hapos=2&sr_order=popularity&srpvid=faf3752443e700b9&srepoch=1778344799&all_sr_blocks=112951221_428602540_2_1_0&highlighted_blocks=112951221_428602540_2_1_0&matching_block_id=112951221_428602540_2_1_0&sr_pri_blocks=112951221_428602540_2_1_0__38319&from=searchresults,5/9/2026
El Alamein,Azur One Eleven Hotel Alamein,5656,EGP,2,0,1,8.5,607,El Alamein,8.4 km from downtown,5,Hotel,Azur Suite Pool View,No,Breakfast included,,https://www.booking.com/hotel/eg/azur-one-elven.html?aid=304142&label=gen173nr-10CAQoggI46wdIMVgEaEOIAQGYATO4ARfIAQzYAQPoAQH4AQGIAgGoAgG4AsnG_c8GwAIB0gIkYzg5ZmRhYmMtMjVjYS00N2FiLTg5ZjQtZDRjNzBhOWNjN2Yx2AIB4AIB&ucfs=1&arphpl=1&checkin=2026-06-01&checkout=2026-06-02&group_adults=2&req_adults=2&no_rooms=1&group_children=0&req_children=0&hpos=3&hapos=3&sr_order=popularity&srpvid=faf3752443e700b9&srepoch=1778344799&all_sr_blocks=1206215202_392840678_2_41_0&highlighted_blocks=1206215202_392840678_2_41_0&matching_block_id=1206215202_392840678_2_41_0&sr_pri_blocks=1206215202_392840678_2_41_0__10728&from=searchresults,5/9/2026
El Alamein,Address Beach Resort Marassi,11683,EGP,2,0,1,9,528,"Sidi Abd El-Rahman, El Alamein",25 km from downtown,5,Resort,Superior Room Marassi View,No,Breakfast included,,https://www.booking.com/hotel/eg/address-marassi-beach-resort.html?aid=304142&label=gen173nr-10CAQoggI46wdIMVgEaEOIAQGYATO4ARfIAQzYAQPoAQH4AQGIAgGoAgG4AsnG_c8GwAIB0gIkYzg5ZmRhYmMtMjVjYS00N2FiLTg5ZjQtZDRjNzBhOWNjN2Yx2AIB4AIB&ucfs=1&arphpl=1&checkin=2026-06-01&checkout=2026-06-02&group_adults=2&req_adults=2&no_rooms=1&group_children=0&req_children=0&hpos=4&hapos=4&sr_order=popularity&srpvid=faf3752443e700b9&srepoch=1778344799&all_sr_blocks=1047466310_428620849_2_1_0&highlighted_blocks=1047466310_428620849_2_1_0&matching_block_id=1047466310_428620849_2_1_0&sr_pri_blocks=1047466310_428620849_2_1_0__22161&from=searchresults,5/9/2026
El Alamein,Rixos Premium Alamein,16512,EGP,2,0,1,8.8,2566,El Alamein,3 km from downtown,5,Hotel,Deluxe Room Twin Beds,No,Breakfast included,,https://www.booking.com/hotel/eg/rixos-premium-alamein.html?aid=304142&label=gen173nr-10CAQoggI46wdIMVgEaEOIAQGYATO4ARfIAQzYAQPoAQH4AQGIAgGoAgG4AsnG_c8GwAIB0gIkYzg5ZmRhYmMtMjVjYS00N2FiLTg5ZjQtZDRjNzBhOWNjN2Yx2AIB4AIB&ucfs=1&arphpl=1&checkin=2026-06-01&checkout=2026-06-02&group_adults=2&req_adults=2&no_rooms=1&group_children=0&req_children=0&hpos=5&hapos=5&sr_order=popularity&srpvid=faf3752443e700b9&srepoch=1778344799&all_sr_blocks=832767435_348567847_2_41_0&highlighted_blocks=832767435_348567847_2_41_0&matching_block_id=832767435_348567847_2_41_0&sr_pri_blocks=832767435_348567847_2_41_0__31320&from=searchresults,5/9/2026
El Alamein,Palma Bay Rotana Resort,11598,EGP,2,0,1,8.9,763,"Marina El Alamein, El Alamein",3.1 km from downtown,4,Resort,Marina City View Room - King Bed,Yes,Breakfast included,,https://www.booking.com/hotel/eg/palma-bay-rotana-resort.html?aid=304142&label=gen173nr-10CAQoggI46wdIMVgEaEOIAQGYATO4ARfIAQzYAQPoAQH4AQGIAgGoAgG4AsnG_c8GwAIB0gIkYzg5ZmRhYmMtMjVjYS00N2FiLTg5ZjQtZDRjNzBhOWNjN2Yx2AIB4AIB&ucfs=1&arphpl=1&checkin=2026-06-01&checkout=2026-06-02&group_adults=2&req_adults=2&no_rooms=1&group_children=0&req_children=0&hpos=6&hapos=6&sr_order=popularity&srpvid=faf3752443e700b9&srepoch=1778344799&all_sr_blocks=1204248703_395216333_2_41_0&highlighted_blocks=1204248703_395216333_2_41_0&matching_block_id=1204248703_395216333_2_41_0&sr_pri_blocks=1204248703_395216333_2_41_0__22000&from=searchresults,5/9/2026
El Alamein,Marassi Boutique Hotel-Blanca,5882,EGP,2,0,1,8.9,248,"Sidi Abd El-Rahman, El Alamein",25.9 km from downtown,3,Hotel,Premier Room Partial Lagoon View,Yes,Breakfast included,,https://www.booking.com/hotel/eg/blanca.html?aid=304142&label=gen173nr-10CAQoggI46wdIMVgEaEOIAQGYATO4ARfIAQzYAQPoAQH4AQGIAgGoAgG4AsnG_c8GwAIB0gIkYzg5ZmRhYmMtMjVjYS00N2FiLTg5ZjQtZDRjNzBhOWNjN2Yx2AIB4AIB&ucfs=1&arphpl=1&checkin=2026-06-01&checkout=2026-06-02&group_adults=2&req_adults=2&no_rooms=1&group_children=0&req_children=0&hpos=7&hapos=7&sr_order=popularity&srpvid=faf3752443e700b9&srepoch=1778344799&all_sr_blocks=1192124805_428624786_2_1_0&highlighted_blocks=1192124805_428624786_2_1_0&matching_block_id=1192124805_428624786_2_1_0&sr_pri_blocks=1192124805_428624786_2_1_0__11157&from=searchresults,5/9/2026
El Alamein,Address Marassi Golf Resort,11113,EGP,2,0,1,9.5,487,"Sidi Abd El-Rahman, El Alamein",24.5 km from downtown,5,Resort,Deluxe Room,No,Breakfast included,,https://www.booking.com/hotel/eg/address-marassi-golf-resort.html?aid=304142&label=gen173nr-10CAQoggI46wdIMVgEaEOIAQGYATO4ARfIAQzYAQPoAQH4AQGIAgGoAgG4AsnG_c8GwAIB0gIkYzg5ZmRhYmMtMjVjYS00N2FiLTg5ZjQtZDRjNzBhOWNjN2Yx2AIB4AIB&ucfs=1&arphpl=1&checkin=2026-06-01&checkout=2026-06-02&group_adults=2&req_adults=2&no_rooms=1&group_children=0&req_children=0&hpos=8&hapos=8&sr_order=popularity&srpvid=faf3752443e700b9&srepoch=1778344799&all_sr_blocks=648146901_428621763_2_1_0&highlighted_blocks=648146901_428621763_2_1_0&matching_block_id=648146901_428621763_2_1_0&sr_pri_blocks=648146901_428621763_2_1_0__21079&from=searchresults,5/9/2026
El Alamein,Hotelux La Playa Alamein,6590,EGP,2,0,1,7.8,835,"Marina El Alamein, El Alamein",6.6 km from downtown,4,Hotel,Standard Double or Twin Room with Lagoon View,Yes,Breakfast included,,https://www.booking.com/hotel/eg/la-playa-beach-north-coast.html?aid=304142&label=gen173nr-10CAQoggI46wdIMVgEaEOIAQGYATO4ARfIAQzYAQPoAQH4AQGIAgGoAgG4AsnG_c8GwAIB0gIkYzg5ZmRhYmMtMjVjYS00N2FiLTg5ZjQtZDRjNzBhOWNjN2Yx2AIB4AIB&ucfs=1&arphpl=1&checkin=2026-06-01&checkout=2026-06-02&group_adults=2&req_adults=2&no_rooms=1&group_children=0&req_children=0&hpos=9&hapos=9&sr_order=popularity&srpvid=faf3752443e700b9&srepoch=1778344799&all_sr_blocks=513686010_394053206_2_1_0&highlighted_blocks=513686010_394053206_2_1_0&matching_block_id=513686010_394053206_2_1_0&sr_pri_blocks=513686010_394053206_2_1_0__12500&from=searchresults,5/9/2026
El Alamein,Vida Marina Resort Marassi,10710,EGP,2,0,1,9.2,401,"Sidi Abd El-Rahman, El Alamein",23.4 km from downtown,4,Resort,Deluxe - Garden View,No,Breakfast included,,https://www.booking.com/hotel/eg/vida-marina-resort-marassi.html?aid=304142&label=gen173nr-10CAQoggI46wdIMVgEaEOIAQGYATO4ARfIAQzYAQPoAQH4AQGIAgGoAgG4AsnG_c8GwAIB0gIkYzg5ZmRhYmMtMjVjYS00N2FiLTg5ZjQtZDRjNzBhOWNjN2Yx2AIB4AIB&ucfs=1&arphpl=1&checkin=2026-06-01&checkout=2026-06-02&group_adults=2&req_adults=2&no_rooms=1&group_children=0&req_children=0&hpos=10&hapos=10&sr_order=popularity&srpvid=faf3752443e700b9&srepoch=1778344799&all_sr_blocks=1209556502_428624102_2_1_0&highlighted_blocks=1209556502_428624102_2_1_0&matching_block_id=1209556502_428624102_2_1_0&sr_pri_blocks=1209556502_428624102_2_1_0__20314&from=searchresults,5/9/2026
El Alamein,Palace Beach Resort,12981,EGP,2,0,1,9.7,59,"Sidi Abd El-Rahman, El Alamein",26.7 km from downtown,5,Resort,Premier Room Sea View,No,Breakfast included,,https://www.booking.com/hotel/eg/palace-beach-resort.html?aid=304142&label=gen173nr-10CAQoggI46wdIMVgEaEOIAQGYATO4ARfIAQzYAQPoAQH4AQGIAgGoAgG4AsnG_c8GwAIB0gIkYzg5ZmRhYmMtMjVjYS00N2FiLTg5ZjQtZDRjNzBhOWNjN2Yx2AIB4AIB&ucfs=1&arphpl=1&checkin=2026-06-01&checkout=2026-06-02&group_adults=2&req_adults=2&no_rooms=1&group_children=0&req_children=0&hpos=11&hapos=11&sr_order=popularity&srpvid=faf3752443e700b9&srepoch=1778344799&all_sr_blocks=1463666201_428556758_2_1_0&highlighted_blocks=1463666201_428556758_2_1_0&matching_block_id=1463666201_428556758_2_1_0&sr_pri_blocks=1463666201_428556758_2_1_0__24623&from=searchresults,5/9/2026
El Alamein,Ghazala Resort and SPA,14709,EGP,2,0,1,8.8,82,"Sidi Abd El-Rahman, El Alamein",41.3 km from downtown,5,Resort,Superior Double or Twin Room with Side Sea View,No,All-inclusive,,https://www.booking.com/hotel/eg/ghazala-alamein-resort-amp-spa.html?aid=304142&label=gen173nr-10CAQoggI46wdIMVgEaEOIAQGYATO4ARfIAQzYAQPoAQH4AQGIAgGoAgG4AsnG_c8GwAIB0gIkYzg5ZmRhYmMtMjVjYS00N2FiLTg5ZjQtZDRjNzBhOWNjN2Yx2AIB4AIB&ucfs=1&arphpl=1&checkin=2026-06-01&checkout=2026-06-02&group_adults=2&req_adults=2&no_rooms=1&group_children=0&req_children=0&hpos=12&hapos=12&sr_order=popularity&srpvid=faf3752443e700b9&srepoch=1778344799&all_sr_blocks=1399151707_411773290_2_85_0_924555&highlighted_blocks=1399151707_411773290_2_85_0_924555&matching_block_id=1399151707_411773290_2_85_0_924555&sr_pri_blocks=1399151707_411773290_2_85_0_924555_27900&from=searchresults,5/9/2026
El Alamein,Porto Marina Hotel & Spa Al Alamein,7165,EGP,2,0,1,8.3,2073,"Marina El Alamein, El Alamein",4.8 km from downtown,5,Hotel,Double or Twin Room with Pool View,No,Breakfast included,,https://www.booking.com/hotel/eg/porto-marina.html?aid=304142&label=gen173nr-10CAQoggI46wdIMVgEaEOIAQGYATO4ARfIAQzYAQPoAQH4AQGIAgGoAgG4AsnG_c8GwAIB0gIkYzg5ZmRhYmMtMjVjYS00N2FiLTg5ZjQtZDRjNzBhOWNjN2Yx2AIB4AIB&ucfs=1&arphpl=1&checkin=2026-06-01&checkout=2026-06-02&group_adults=2&req_adults=2&no_rooms=1&group_children=0&req_children=0&hpos=13&hapos=13&sr_order=popularity&srpvid=faf3752443e700b9&srepoch=1778344799&all_sr_blocks=24491127_355665640_2_41_0&highlighted_blocks=24491127_355665640_2_41_0&matching_block_id=24491127_355665640_2_41_0&sr_pri_blocks=24491127_355665640_2_41_0__13590&from=searchresults,5/9/2026
El Alamein,IOS Village & Hotels,6722,EGP,2,0,1,8.3,54,"Sidi Abd El-Rahman, El Alamein",21.8 km from downtown,3,Villa,Deluxe King Room,Yes,Breakfast included,,https://www.booking.com/hotel/eg/ios-amp-village.html?aid=304142&label=gen173nr-10CAQoggI46wdIMVgEaEOIAQGYATO4ARfIAQzYAQPoAQH4AQGIAgGoAgG4AsnG_c8GwAIB0gIkYzg5ZmRhYmMtMjVjYS00N2FiLTg5ZjQtZDRjNzBhOWNjN2Yx2AIB4AIB&ucfs=1&arphpl=1&checkin=2026-06-01&checkout=2026-06-02&group_adults=2&req_adults=2&no_rooms=1&group_children=0&req_children=0&hpos=14&hapos=14&sr_order=popularity&srpvid=faf3752443e700b9&srepoch=1778344799&all_sr_blocks=1218819202_419775711_2_1_0&highlighted_blocks=1218819202_419775711_2_1_0&matching_block_id=1218819202_419775711_2_1_0&sr_pri_blocks=1218819202_419775711_2_1_0__12751&from=searchresults,5/9/2026
El Alamein,Marassi Boutique Hotel-Marina 1,6490,EGP,2,0,1,8.5,222,"Sidi Abd El-Rahman, El Alamein",23.8 km from downtown,3,Hotel,Superior Lake view,Yes,Breakfast included,,https://www.booking.com/hotel/eg/marina-1.html?aid=304142&label=gen173nr-10CAQoggI46wdIMVgEaEOIAQGYATO4ARfIAQzYAQPoAQH4AQGIAgGoAgG4AsnG_c8GwAIB0gIkYzg5ZmRhYmMtMjVjYS00N2FiLTg5ZjQtZDRjNzBhOWNjN2Yx2AIB4AIB&ucfs=1&arphpl=1&checkin=2026-06-01&checkout=2026-06-02&group_adults=2&req_adults=2&no_rooms=1&group_children=0&req_children=0&hpos=15&hapos=15&sr_order=popularity&srpvid=faf3752443e700b9&srepoch=1778344799&all_sr_blocks=1191975904_428624546_2_1_0&highlighted_blocks=1191975904_428624546_2_1_0&matching_block_id=1191975904_428624546_2_1_0&sr_pri_blocks=1191975904_428624546_2_1_0__12311&from=searchresults,5/9/2026
El Alamein,Luxury chalet in Porto Golf for rent,3427,EGP,2,0,1,8.9,14,"Marina El Alamein, El Alamein",2.3 km from downtown,3,Apartment,Two-Bedroom Apartment,No,,,https://www.booking.com/hotel/eg/luxury-chalet-in-porto-golf-for-rent.html?aid=304142&label=gen173nr-10CAQoggI46wdIMVgEaEOIAQGYATO4ARfIAQzYAQPoAQH4AQGIAgGoAgG4AsnG_c8GwAIB0gIkYzg5ZmRhYmMtMjVjYS00N2FiLTg5ZjQtZDRjNzBhOWNjN2Yx2AIB4AIB&ucfs=1&arphpl=1&checkin=2026-06-01&checkout=2026-06-02&group_adults=2&req_adults=2&no_rooms=1&group_children=0&req_children=0&hpos=16&hapos=16&sr_order=popularity&srpvid=faf3752443e700b9&srepoch=1778344799&all_sr_blocks=1462243901_417535093_0_0_0&highlighted_blocks=1462243901_417535093_0_0_0&matching_block_id=1462243901_417535093_0_0_0&sr_pri_blocks=1462243901_417535093_0_0_0__6500&from=searchresults,5/9/2026
El Alamein,Marseilia Beach 4 El Alamein - For families only,8417,EGP,2,0,1,9.6,9,"Sidi Abd El-Rahman, El Alamein",20.1 km from downtown,3,Apartment,Two-Bedroom Apartment,Yes,,,https://www.booking.com/hotel/eg/shlyh-fy-mrsyly-bytsh-lshl-lshmly.html?aid=304142&label=gen173nr-10CAQoggI46wdIMVgEaEOIAQGYATO4ARfIAQzYAQPoAQH4AQGIAgGoAgG4AsnG_c8GwAIB0gIkYzg5ZmRhYmMtMjVjYS00N2FiLTg5ZjQtZDRjNzBhOWNjN2Yx2AIB4AIB&ucfs=1&arphpl=1&checkin=2026-06-01&checkout=2026-06-02&group_adults=2&req_adults=2&no_rooms=1&group_children=0&req_children=0&hpos=17&hapos=17&sr_order=popularity&srpvid=faf3752443e700b9&srepoch=1778344799&all_sr_blocks=1239253401_410757119_6_0_0&highlighted_blocks=1239253401_410757119_6_0_0&matching_block_id=1239253401_410757119_6_0_0&sr_pri_blocks=1239253401_410757119_6_0_0__15965&from=searchresults,5/9/2026
El Alamein,Casa Cook North Coast - Adults Only,9276,EGP,2,0,1,8.4,184,"Sidi Abd El-Rahman, El Alamein",33.4 km from downtown,5,Hotel,Double or Twin Room with Pool View,No,Breakfast included,,https://www.booking.com/hotel/eg/casa-cook-north-coast.html?aid=304142&label=gen173nr-10CAQoggI46wdIMVgEaEOIAQGYATO4ARfIAQzYAQPoAQH4AQGIAgGoAgG4AsnG_c8GwAIB0gIkYzg5ZmRhYmMtMjVjYS00N2FiLTg5ZjQtZDRjNzBhOWNjN2Yx2AIB4AIB&ucfs=1&arphpl=1&checkin=2026-06-01&checkout=2026-06-02&group_adults=2&req_adults=2&no_rooms=1&group_children=0&req_children=0&hpos=18&hapos=18&sr_order=popularity&srpvid=faf3752443e700b9&srepoch=1778344799&all_sr_blocks=763494301_333427466_2_1_0&highlighted_blocks=763494301_333427466_2_1_0&matching_block_id=763494301_333427466_2_1_0&sr_pri_blocks=763494301_333427466_2_1_0__17595&from=searchresults,5/9/2026
El Alamein,Tolip North Coast Hotel,5910,EGP,2,0,1,8.8,2414,El Alamein,22.6 km from downtown,5,Inn,Room Assigned on Arrival,No,Breakfast & dinner included,,https://www.booking.com/hotel/eg/tolip-north-coast-amp-resort.html?aid=304142&label=gen173nr-10CAQoggI46wdIMVgEaEOIAQGYATO4ARfIAQzYAQPoAQH4AQGIAgGoAgG4AsnG_c8GwAIB0gIkYzg5ZmRhYmMtMjVjYS00N2FiLTg5ZjQtZDRjNzBhOWNjN2Yx2AIB4AIB&ucfs=1&arphpl=1&checkin=2026-06-01&checkout=2026-06-02&group_adults=2&req_adults=2&no_rooms=1&group_children=0&req_children=0&hpos=19&hapos=19&sr_order=popularity&srpvid=faf3752443e700b9&srepoch=1778344799&all_sr_blocks=0_0_2_17_0&highlighted_blocks=0_0_2_17_0&matching_block_id=0_0_2_17_0&sr_pri_blocks=0_0_2_17_0__11211&from=searchresults,5/9/2026
El Alamein,Porto marina كاش,4218,EGP,2,0,1,5,2,"Marina El Alamein, El Alamein",4.9 km from downtown,3,Apartment,Two-Bedroom Apartment,Yes,,,https://www.booking.com/hotel/eg/l-lmyn-bwrtw-mryn-bwbh-3.html?aid=304142&label=gen173nr-10CAQoggI46wdIMVgEaEOIAQGYATO4ARfIAQzYAQPoAQH4AQGIAgGoAgG4AsnG_c8GwAIB0gIkYzg5ZmRhYmMtMjVjYS00N2FiLTg5ZjQtZDRjNzBhOWNjN2Yx2AIB4AIB&ucfs=1&arphpl=1&checkin=2026-06-01&checkout=2026-06-02&group_adults=2&req_adults=2&no_rooms=1&group_children=0&req_children=0&hpos=20&hapos=20&sr_order=popularity&srpvid=faf3752443e700b9&srepoch=1778344799&all_sr_blocks=1018765001_414721328_0_32_0&highlighted_blocks=1018765001_414721328_0_32_0&matching_block_id=1018765001_414721328_0_32_0&sr_pri_blocks=1018765001_414721328_0_32_0__8000&from=searchresults,5/9/2026
El Alamein,Porto Golf Marina Resort New Alamein North Coast,4321,EGP,2,0,1,9.1,15,"Marina El Alamein, El Alamein",3.7 km from downtown,3,Resort,Family Suite with Balcony,No,,,https://www.booking.com/hotel/eg/porto-golf-resort.html?aid=304142&label=gen173nr-10CAQoggI46wdIMVgEaEOIAQGYATO4ARfIAQzYAQPoAQH4AQGIAgGoAgG4AsnG_c8GwAIB0gIkYzg5ZmRhYmMtMjVjYS00N2FiLTg5ZjQtZDRjNzBhOWNjN2Yx2AIB4AIB&ucfs=1&arphpl=1&checkin=2026-06-01&checkout=2026-06-02&group_adults=2&req_adults=2&no_rooms=1&group_children=0&req_children=0&hpos=21&hapos=21&sr_order=popularity&srpvid=faf3752443e700b9&srepoch=1778344799&all_sr_blocks=1046027002_412685121_3_0_0&highlighted_blocks=1046027002_412685121_3_0_0&matching_block_id=1046027002_412685121_3_0_0&sr_pri_blocks=1046027002_412685121_3_0_0__8197&from=searchresults,5/9/2026
El Alamein,Luxury Apartment in Down Town - New Alamein,8643,EGP,2,0,1,8.6,14,El Alamein,4.8 km from downtown,4,Apartment,Two-Bedroom Apartment,No,,,https://www.booking.com/hotel/eg/shq-fkhr-fy-qlb-l-lmyn-ljdyd.html?aid=304142&label=gen173nr-10CAQoggI46wdIMVgEaEOIAQGYATO4ARfIAQzYAQPoAQH4AQGIAgGoAgG4AsnG_c8GwAIB0gIkYzg5ZmRhYmMtMjVjYS00N2FiLTg5ZjQtZDRjNzBhOWNjN2Yx2AIB4AIB&ucfs=1&arphpl=1&checkin=2026-06-01&checkout=2026-06-02&group_adults=2&req_adults=2&no_rooms=1&group_children=0&req_children=0&hpos=22&hapos=22&sr_order=popularity&srpvid=faf3752443e700b9&srepoch=1778344799&all_sr_blocks=1262985901_398939205_2_0_0&highlighted_blocks=1262985901_398939205_2_0_0&matching_block_id=1262985901_398939205_2_0_0&sr_pri_blocks=1262985901_398939205_2_0_0__16394&from=searchresults,5/9/2026
El Alamein,Modern Hotel-Style Apartment,8667,EGP,2,0,1,10,3,El Alamein,5.8 km from downtown,3,Apartment,Two-Bedroom Apartment with Garden View,No,,,https://www.booking.com/hotel/eg/modern-style-apartment.html?aid=304142&label=gen173nr-10CAQoggI46wdIMVgEaEOIAQGYATO4ARfIAQzYAQPoAQH4AQGIAgGoAgG4AsnG_c8GwAIB0gIkYzg5ZmRhYmMtMjVjYS00N2FiLTg5ZjQtZDRjNzBhOWNjN2Yx2AIB4AIB&ucfs=1&arphpl=1&checkin=2026-06-01&checkout=2026-06-02&group_adults=2&req_adults=2&no_rooms=1&group_children=0&req_children=0&hpos=23&hapos=23&sr_order=popularity&srpvid=faf3752443e700b9&srepoch=1778344799&all_sr_blocks=1474965801_418908489_2_0_0&highlighted_blocks=1474965801_418908489_2_0_0&matching_block_id=1474965801_418908489_2_0_0&sr_pri_blocks=1474965801_418908489_2_0_0__16440&from=searchresults,5/9/2026
El Alamein,Stella Heights,6263,EGP,2,0,1,,,"Marina El Alamein, El Alamein",1 km from downtown,,Apartment,Three-Bedroom Apartment,No,,,https://www.booking.com/hotel/eg/stella-heights-l-lmyn.html?aid=304142&label=gen173nr-10CAQoggI46wdIMVgEaEOIAQGYATO4ARfIAQzYAQPoAQH4AQGIAgGoAgG4AsnG_c8GwAIB0gIkYzg5ZmRhYmMtMjVjYS00N2FiLTg5ZjQtZDRjNzBhOWNjN2Yx2AIB4AIB&ucfs=1&arphpl=1&checkin=2026-06-01&checkout=2026-06-02&group_adults=2&req_adults=2&no_rooms=1&group_children=0&req_children=0&hpos=24&hapos=24&sr_order=popularity&srpvid=faf3752443e700b9&srepoch=1778344799&all_sr_blocks=1636072601_433999072_6_0_0&highlighted_blocks=1636072601_433999072_6_0_0&matching_block_id=1636072601_433999072_6_0_0&sr_pri_blocks=1636072601_433999072_6_0_0__11880&from=searchresults,5/9/2026
El Alamein,"Patio suite, Porto marina",8751,EGP,2,0,1,9.4,17,El Alamein,0.8 km from downtown,4,Apartment,King Suite with Pool View,No,,,https://www.booking.com/hotel/eg/patio-suit-porto-marina.html?aid=304142&label=gen173nr-10CAQoggI46wdIMVgEaEOIAQGYATO4ARfIAQzYAQPoAQH4AQGIAgGoAgG4AsnG_c8GwAIB0gIkYzg5ZmRhYmMtMjVjYS00N2FiLTg5ZjQtZDRjNzBhOWNjN2Yx2AIB4AIB&ucfs=1&arphpl=1&checkin=2026-06-01&checkout=2026-06-02&group_adults=2&req_adults=2&no_rooms=1&group_children=0&req_children=0&hpos=25&hapos=25&sr_order=popularity&srpvid=faf3752443e700b9&srepoch=1778344799&all_sr_blocks=830029101_347705078_3_42_0&highlighted_blocks=830029101_347705078_3_42_0&matching_block_id=830029101_347705078_3_42_0&sr_pri_blocks=830029101_347705078_3_42_0__16599&from=searchresults,5/9/2026
El Alamein,nice furnished apartment at porto golf,3113,EGP,2,0,1,,,"Marina El Alamein, El Alamein",3.4 km from downtown,,Apartment,Two-Bedroom Apartment,No,,,https://www.booking.com/hotel/eg/nice-furnished-apartment-at-porto-golf.html?aid=304142&label=gen173nr-10CAQoggI46wdIMVgEaEOIAQGYATO4ARfIAQzYAQPoAQH4AQGIAgGoAgG4AsnG_c8GwAIB0gIkYzg5ZmRhYmMtMjVjYS00N2FiLTg5ZjQtZDRjNzBhOWNjN2Yx2AIB4AIB&ucfs=1&arphpl=1&checkin=2026-06-01&checkout=2026-06-02&group_adults=2&req_adults=2&no_rooms=1&group_children=0&req_children=0&hpos=1&hapos=26&sr_order=popularity&srpvid=faf3752443e700b9&srepoch=1778344784&all_sr_blocks=1637068901_434067323_4_0_0&highlighted_blocks=1637068901_434067323_4_0_0&matching_block_id=1637068901_434067323_4_0_0&sr_pri_blocks=1637068901_434067323_4_0_0__5904&from=searchresults,5/9/2026
El Alamein,Marina Resort New Alamein By Seven Seasons,19676,EGP,2,0,1,8.6,59,"Marina El Alamein, El Alamein",1.9 km from downtown,4,Resort,Superior Chalet,No,,,https://www.booking.com/hotel/eg/marina-north-coast-resort.html?aid=304142&label=gen173nr-10CAQoggI46wdIMVgEaEOIAQGYATO4ARfIAQzYAQPoAQH4AQGIAgGoAgG4AsnG_c8GwAIB0gIkYzg5ZmRhYmMtMjVjYS00N2FiLTg5ZjQtZDRjNzBhOWNjN2Yx2AIB4AIB&ucfs=1&arphpl=1&checkin=2026-06-01&checkout=2026-06-02&group_adults=2&req_adults=2&no_rooms=1&group_children=0&req_children=0&hpos=2&hapos=27&sr_order=popularity&srpvid=faf3752443e700b9&srepoch=1778344784&all_sr_blocks=748673402_331085750_7_0_0&highlighted_blocks=748673402_331085750_7_0_0&matching_block_id=748673402_331085750_7_0_0&sr_pri_blocks=748673402_331085750_7_0_0__37321&from=searchresults,5/9/2026
El Alamein,فيلا مميزه جدا في الساحل الشمالي ستيلا هايتس Stella Heights - Sidi Abd El-Rahman villa type M,17941,EGP,2,0,1,9.3,48,"Sidi Abd El-Rahman, El Alamein",28.9 km from downtown,4,Villa,Three-Bedroom Villa,No,,,https://www.booking.com/hotel/eg/stella-heights-villa-type-m.html?aid=304142&label=gen173nr-10CAQoggI46wdIMVgEaEOIAQGYATO4ARfIAQzYAQPoAQH4AQGIAgGoAgG4AsnG_c8GwAIB0gIkYzg5ZmRhYmMtMjVjYS00N2FiLTg5ZjQtZDRjNzBhOWNjN2Yx2AIB4AIB&ucfs=1&arphpl=1&checkin=2026-06-01&checkout=2026-06-02&group_adults=2&req_adults=2&no_rooms=1&group_children=0&req_children=0&hpos=3&hapos=28&sr_order=popularity&srpvid=faf3752443e700b9&srepoch=1778344784&all_sr_blocks=1036980201_376235398_4_0_0&highlighted_blocks=1036980201_376235398_4_0_0&matching_block_id=1036980201_376235398_4_0_0&sr_pri_blocks=1036980201_376235398_4_0_0__34031&from=searchresults,5/9/2026
El Alamein,The G Hotel Seashell,11041,EGP,2,0,1,7.9,557,"Sidi Abd El-Rahman, El Alamein",31 km from downtown,5,Hotel,Deluxe Standard Room – Twin Bed,Yes,Breakfast included,,https://www.booking.com/hotel/eg/the-g.html?aid=304142&label=gen173nr-10CAQoggI46wdIMVgEaEOIAQGYATO4ARfIAQzYAQPoAQH4AQGIAgGoAgG4AsnG_c8GwAIB0gIkYzg5ZmRhYmMtMjVjYS00N2FiLTg5ZjQtZDRjNzBhOWNjN2Yx2AIB4AIB&ucfs=1&arphpl=1&checkin=2026-06-01&checkout=2026-06-02&group_adults=2&req_adults=2&no_rooms=1&group_children=0&req_children=0&hpos=4&hapos=29&sr_order=popularity&srpvid=faf3752443e700b9&srepoch=1778344784&all_sr_blocks=527188212_333412648_2_33_0&highlighted_blocks=527188212_333412648_2_33_0&matching_block_id=527188212_333412648_2_33_0&sr_pri_blocks=527188212_333412648_2_33_0__20943&from=searchresults,5/9/2026
El Alamein,العالمين للألعاب المائيه,7117,EGP,2,0,1,10,2,El Alamein,26.8 km from downtown,,Apartment,One-Bedroom Apartment,Yes,,,https://www.booking.com/hotel/eg/lryn-mrkz-lhmm1.html?aid=304142&label=gen173nr-10CAQoggI46wdIMVgEaEOIAQGYATO4ARfIAQzYAQPoAQH4AQGIAgGoAgG4AsnG_c8GwAIB0gIkYzg5ZmRhYmMtMjVjYS00N2FiLTg5ZjQtZDRjNzBhOWNjN2Yx2AIB4AIB&ucfs=1&arphpl=1&checkin=2026-06-01&checkout=2026-06-02&group_adults=2&req_adults=2&no_rooms=1&group_children=0&req_children=0&hpos=5&hapos=30&sr_order=popularity&srpvid=faf3752443e700b9&srepoch=1778344784&all_sr_blocks=1415446001_414037036_2_0_0&highlighted_blocks=1415446001_414037036_2_0_0&matching_block_id=1415446001_414037036_2_0_0&sr_pri_blocks=1415446001_414037036_2_0_0__13500&from=searchresults,5/9/2026
El Alamein,Gewan Palace New Alamein,16343,EGP,2,0,1,9,370,El Alamein,9.1 km from downtown,5,Hotel,Standard Room,Yes,Breakfast included,,https://www.booking.com/hotel/eg/crystal-lotus-luxury-palace.html?aid=304142&label=gen173nr-10CAQoggI46wdIMVgEaEOIAQGYATO4ARfIAQzYAQPoAQH4AQGIAgGoAgG4AsnG_c8GwAIB0gIkYzg5ZmRhYmMtMjVjYS00N2FiLTg5ZjQtZDRjNzBhOWNjN2Yx2AIB4AIB&ucfs=1&arphpl=1&checkin=2026-06-01&checkout=2026-06-02&group_adults=2&req_adults=2&no_rooms=1&group_children=0&req_children=0&hpos=6&hapos=31&sr_order=popularity&srpvid=faf3752443e700b9&srepoch=1778344784&all_sr_blocks=1255203201_409290248_2_41_0&highlighted_blocks=1255203201_409290248_2_41_0&matching_block_id=1255203201_409290248_2_41_0&sr_pri_blocks=1255203201_409290248_2_41_0__31000&from=searchresults,5/9/2026
El Alamein,Mirage Hotel Sidi Abd El Rahman,8584,EGP,2,0,1,8.5,554,El Alamein,17.3 km from downtown,,Hotel,Standard One-Bedroom Chalet with Sea View,No,Breakfast included,,https://www.booking.com/hotel/eg/mirage-sidi-abd-el-rahman.html?aid=304142&label=gen173nr-10CAQoggI46wdIMVgEaEOIAQGYATO4ARfIAQzYAQPoAQH4AQGIAgGoAgG4AsnG_c8GwAIB0gIkYzg5ZmRhYmMtMjVjYS00N2FiLTg5ZjQtZDRjNzBhOWNjN2Yx2AIB4AIB&ucfs=1&arphpl=1&checkin=2026-06-01&checkout=2026-06-02&group_adults=2&req_adults=2&no_rooms=1&group_children=0&req_children=0&hpos=7&hapos=32&sr_order=popularity&srpvid=faf3752443e700b9&srepoch=1778344784&all_sr_blocks=141038303_413374705_0_1_0&highlighted_blocks=141038303_413374705_0_1_0&matching_block_id=141038303_413374705_0_1_0&sr_pri_blocks=141038303_413374705_0_1_0__16283&from=searchresults,5/9/2026
El Alamein,Porto marina,3321,EGP,2,0,1,1,1,"Marina El Alamein, El Alamein",5 km from downtown,,Apartment,Two-Bedroom Apartment,Yes,,,https://www.booking.com/hotel/eg/porto-marina-l-lmyn9.html?aid=304142&label=gen173nr-10CAQoggI46wdIMVgEaEOIAQGYATO4ARfIAQzYAQPoAQH4AQGIAgGoAgG4AsnG_c8GwAIB0gIkYzg5ZmRhYmMtMjVjYS00N2FiLTg5ZjQtZDRjNzBhOWNjN2Yx2AIB4AIB&ucfs=1&arphpl=1&checkin=2026-06-01&checkout=2026-06-02&group_adults=2&req_adults=2&no_rooms=1&group_children=0&req_children=0&hpos=8&hapos=33&sr_order=popularity&srpvid=faf3752443e700b9&srepoch=1778344784&all_sr_blocks=1057316701_399380544_3_0_0&highlighted_blocks=1057316701_399380544_3_0_0&matching_block_id=1057316701_399380544_3_0_0&sr_pri_blocks=1057316701_399380544_3_0_0__6300&from=searchresults,5/9/2026
El Alamein,Golf Porto marina,5272,EGP,2,0,1,7.3,16,"Marina El Alamein, El Alamein",2.8 km from downtown,3,Apartment,Two-Bedroom Apartment,Yes,,,https://www.booking.com/hotel/eg/golf-porto-marina-mdynh-nsr.html?aid=304142&label=gen173nr-10CAQoggI46wdIMVgEaEOIAQGYATO4ARfIAQzYAQPoAQH4AQGIAgGoAgG4AsnG_c8GwAIB0gIkYzg5ZmRhYmMtMjVjYS00N2FiLTg5ZjQtZDRjNzBhOWNjN2Yx2AIB4AIB&ucfs=1&arphpl=1&checkin=2026-06-01&checkout=2026-06-02&group_adults=2&req_adults=2&no_rooms=1&group_children=0&req_children=0&hpos=9&hapos=34&sr_order=popularity&srpvid=faf3752443e700b9&srepoch=1778344784&all_sr_blocks=887440401_395991752_2_0_0&highlighted_blocks=887440401_395991752_2_0_0&matching_block_id=887440401_395991752_2_0_0&sr_pri_blocks=887440401_395991752_2_0_0__10000&from=searchresults,5/9/2026
El Alamein,LUNA Residence Porto Golf Marina Sia Lagoon 2 Bedroom Challet with Garden Families only,3559,EGP,2,0,1,7,31,El Alamein,2.4 km from downtown,3,Apartment,Two-Bedroom Apartment,No,,,https://www.booking.com/hotel/eg/2-bedroom-apartment-with-garden.html?aid=304142&label=gen173nr-10CAQoggI46wdIMVgEaEOIAQGYATO4ARfIAQzYAQPoAQH4AQGIAgGoAgG4AsnG_c8GwAIB0gIkYzg5ZmRhYmMtMjVjYS00N2FiLTg5ZjQtZDRjNzBhOWNjN2Yx2AIB4AIB&ucfs=1&arphpl=1&checkin=2026-06-01&checkout=2026-06-02&group_adults=2&req_adults=2&no_rooms=1&group_children=0&req_children=0&hpos=10&hapos=35&sr_order=popularity&srpvid=faf3752443e700b9&srepoch=1778344784&all_sr_blocks=1043056901_376698954_5_0_0&highlighted_blocks=1043056901_376698954_5_0_0&matching_block_id=1043056901_376698954_5_0_0&sr_pri_blocks=1043056901_376698954_5_0_0__6750&from=searchresults,5/9/2026
El Alamein,Modern family stay Near Marina and El Alamein Egyptians ONLYشقة غرفتين بغرفة مكيفه الساحل الشمالي الكيلو 77دقايق من العلمين و مارينا,2583,EGP,2,0,1,8.9,9,El Alamein,27.2 km from downtown,3,Apartment,Two-Bedroom Apartment,Yes,,,https://www.booking.com/hotel/eg/blue-breeze-shq-grftyn-ly-b-d-rb-s-mn-l-lmyn.html?aid=304142&label=gen173nr-10CAQoggI46wdIMVgEaEOIAQGYATO4ARfIAQzYAQPoAQH4AQGIAgGoAgG4AsnG_c8GwAIB0gIkYzg5ZmRhYmMtMjVjYS00N2FiLTg5ZjQtZDRjNzBhOWNjN2Yx2AIB4AIB&ucfs=1&arphpl=1&checkin=2026-06-01&checkout=2026-06-02&group_adults=2&req_adults=2&no_rooms=1&group_children=0&req_children=0&hpos=11&hapos=36&sr_order=popularity&srpvid=faf3752443e700b9&srepoch=1778344784&all_sr_blocks=1431891701_422084164_5_0_0&highlighted_blocks=1431891701_422084164_5_0_0&matching_block_id=1431891701_422084164_5_0_0&sr_pri_blocks=1431891701_422084164_5_0_0__4900&from=searchresults,5/9/2026
El Alamein,Lazorde bay Sidi Abd El Rahman لازوردى باى apartment,5694,EGP,2,0,1,7.3,27,"Sidi Abd El-Rahman, El Alamein",17.9 km from downtown,3,Apartment,Two-Bedroom Apartment,No,,,https://www.booking.com/hotel/eg/shq-lzwrdy-b-lazarde-bay-apartment.html?aid=304142&label=gen173nr-10CAQoggI46wdIMVgEaEOIAQGYATO4ARfIAQzYAQPoAQH4AQGIAgGoAgG4AsnG_c8GwAIB0gIkYzg5ZmRhYmMtMjVjYS00N2FiLTg5ZjQtZDRjNzBhOWNjN2Yx2AIB4AIB&ucfs=1&arphpl=1&checkin=2026-06-01&checkout=2026-06-02&group_adults=2&req_adults=2&no_rooms=1&group_children=0&req_children=0&hpos=12&hapos=37&sr_order=popularity&srpvid=faf3752443e700b9&srepoch=1778344784&all_sr_blocks=728298901_314682111_5_0_0&highlighted_blocks=728298901_314682111_5_0_0&matching_block_id=728298901_314682111_5_0_0&sr_pri_blocks=728298901_314682111_5_0_0__10800&from=searchresults,5/9/2026
El Alamein,3 bedroom chalet in Zahra - Sidi Abdelrahman,6833,EGP,2,0,1,,,El Alamein,18.4 km from downtown,,Apartment,Three-Bedroom Apartment,No,,,https://www.booking.com/hotel/eg/3-bedroom-chalet-in-zahra-sidi-abdelrahman.html?aid=304142&label=gen173nr-10CAQoggI46wdIMVgEaEOIAQGYATO4ARfIAQzYAQPoAQH4AQGIAgGoAgG4AsnG_c8GwAIB0gIkYzg5ZmRhYmMtMjVjYS00N2FiLTg5ZjQtZDRjNzBhOWNjN2Yx2AIB4AIB&ucfs=1&arphpl=1&checkin=2026-06-01&checkout=2026-06-02&group_adults=2&req_adults=2&no_rooms=1&group_children=0&req_children=0&hpos=13&hapos=38&sr_order=popularity&srpvid=faf3752443e700b9&srepoch=1778344784&all_sr_blocks=1636688201_434040445_7_0_0&highlighted_blocks=1636688201_434040445_7_0_0&matching_block_id=1636688201_434040445_7_0_0&sr_pri_blocks=1636688201_434040445_7_0_0__12960&from=searchresults,5/9/2026
El Alamein,Le Beau Site Chalet,3037,EGP,2,0,1,7.9,35,El Alamein,15.1 km from downtown,3,Apartment,Two-Bedroom Apartment,No,,,https://www.booking.com/hotel/eg/beausset-chalet-el-alamein12.html?aid=304142&label=gen173nr-10CAQoggI46wdIMVgEaEOIAQGYATO4ARfIAQzYAQPoAQH4AQGIAgGoAgG4AsnG_c8GwAIB0gIkYzg5ZmRhYmMtMjVjYS00N2FiLTg5ZjQtZDRjNzBhOWNjN2Yx2AIB4AIB&ucfs=1&arphpl=1&checkin=2026-06-01&checkout=2026-06-02&group_adults=2&req_adults=2&no_rooms=1&group_children=0&req_children=0&hpos=14&hapos=39&sr_order=popularity&srpvid=faf3752443e700b9&srepoch=1778344784&all_sr_blocks=835317701_348947502_4_0_0_518675&highlighted_blocks=835317701_348947502_4_0_0_518675&matching_block_id=835317701_348947502_4_0_0_518675&sr_pri_blocks=835317701_348947502_4_0_0_518675_5760&from=searchresults,5/9/2026
El Alamein,"North Coast Chalet , شاليه الساحل الشمالي",4081,EGP,2,0,1,7.6,7,El Alamein,22.1 km from downtown,,Hotel,Three-Bedroom Chalet,No,,,https://www.booking.com/hotel/eg/shlyh-lshl-lshmly-lskndry.html?aid=304142&label=gen173nr-10CAQoggI46wdIMVgEaEOIAQGYATO4ARfIAQzYAQPoAQH4AQGIAgGoAgG4AsnG_c8GwAIB0gIkYzg5ZmRhYmMtMjVjYS00N2FiLTg5ZjQtZDRjNzBhOWNjN2Yx2AIB4AIB&ucfs=1&arphpl=1&checkin=2026-06-01&checkout=2026-06-02&group_adults=2&req_adults=2&no_rooms=1&group_children=0&req_children=0&hpos=15&hapos=40&sr_order=popularity&srpvid=faf3752443e700b9&srepoch=1778344784&all_sr_blocks=1060029501_378253871_11_0_0&highlighted_blocks=1060029501_378253871_11_0_0&matching_block_id=1060029501_378253871_11_0_0&sr_pri_blocks=1060029501_378253871_11_0_0__7740&from=searchresults,5/9/2026
El Alamein,AQUA View resort,2017,EGP,2,0,1,9.3,11,El Alamein,13.2 km from downtown,,Resort,One-Bedroom Apartment,No,,,https://www.booking.com/hotel/eg/aqua-view-resort-elalamein.html?aid=304142&label=gen173nr-10CAQoggI46wdIMVgEaEOIAQGYATO4ARfIAQzYAQPoAQH4AQGIAgGoAgG4AsnG_c8GwAIB0gIkYzg5ZmRhYmMtMjVjYS00N2FiLTg5ZjQtZDRjNzBhOWNjN2Yx2AIB4AIB&ucfs=1&arphpl=1&checkin=2026-06-01&checkout=2026-06-02&group_adults=2&req_adults=2&no_rooms=1&group_children=0&req_children=0&hpos=16&hapos=41&sr_order=popularity&srpvid=faf3752443e700b9&srepoch=1778344784&all_sr_blocks=1023200301_374759585_2_0_0&highlighted_blocks=1023200301_374759585_2_0_0&matching_block_id=1023200301_374759585_2_0_0&sr_pri_blocks=1023200301_374759585_2_0_0__3825&from=searchresults,5/9/2026
El Alamein,Blumar North Coast,8699,EGP,2,0,1,7.1,8,"Sidi Abd El-Rahman, El Alamein",32.7 km from downtown,3,Apartment,Two-Bedroom Apartment,Yes,,,https://www.booking.com/hotel/eg/blumar-north-coast-by-howaida.html?aid=304142&label=gen173nr-10CAQoggI46wdIMVgEaEOIAQGYATO4ARfIAQzYAQPoAQH4AQGIAgGoAgG4AsnG_c8GwAIB0gIkYzg5ZmRhYmMtMjVjYS00N2FiLTg5ZjQtZDRjNzBhOWNjN2Yx2AIB4AIB&ucfs=1&arphpl=1&checkin=2026-06-01&checkout=2026-06-02&group_adults=2&req_adults=2&no_rooms=1&group_children=0&req_children=0&hpos=17&hapos=42&sr_order=popularity&srpvid=faf3752443e700b9&srepoch=1778344784&all_sr_blocks=257248601_335380757_0_0_0_522508&highlighted_blocks=257248601_335380757_0_0_0_522508&matching_block_id=257248601_335380757_0_0_0_522508&sr_pri_blocks=257248601_335380757_0_0_0_522508_16500&from=searchresults,5/9/2026
El Alamein,شاليه مكيف بورتو ريزيدانس,3630,EGP,2,0,1,7.2,12,El Alamein,4 km from downtown,3,Apartment,Two-Bedroom Apartment,No,,,https://www.booking.com/hotel/eg/chalet-in-porto-marina-residence.html?aid=304142&label=gen173nr-10CAQoggI46wdIMVgEaEOIAQGYATO4ARfIAQzYAQPoAQH4AQGIAgGoAgG4AsnG_c8GwAIB0gIkYzg5ZmRhYmMtMjVjYS00N2FiLTg5ZjQtZDRjNzBhOWNjN2Yx2AIB4AIB&ucfs=1&arphpl=1&checkin=2026-06-01&checkout=2026-06-02&group_adults=2&req_adults=2&no_rooms=1&group_children=0&req_children=0&hpos=18&hapos=43&sr_order=popularity&srpvid=faf3752443e700b9&srepoch=1778344784&all_sr_blocks=1031148901_375777686_3_0_0&highlighted_blocks=1031148901_375777686_3_0_0&matching_block_id=1031148901_375777686_3_0_0&sr_pri_blocks=1031148901_375777686_3_0_0__6885&from=searchresults,5/9/2026
El Alamein,Apartment at Marassi North Coast مراسى الساحل الشمالى,22538,EGP,2,0,1,9.8,9,"Sidi Abd El-Rahman, El Alamein",26 km from downtown,,Apartment,Three-Bedroom Apartment,Yes,,,https://www.booking.com/hotel/eg/marassi-mrs.html?aid=304142&label=gen173nr-10CAQoggI46wdIMVgEaEOIAQGYATO4ARfIAQzYAQPoAQH4AQGIAgGoAgG4AsnG_c8GwAIB0gIkYzg5ZmRhYmMtMjVjYS00N2FiLTg5ZjQtZDRjNzBhOWNjN2Yx2AIB4AIB&ucfs=1&arphpl=1&checkin=2026-06-01&checkout=2026-06-02&group_adults=2&req_adults=2&no_rooms=1&group_children=0&req_children=0&hpos=19&hapos=44&sr_order=popularity&srpvid=faf3752443e700b9&srepoch=1778344784&all_sr_blocks=1237835301_416435158_6_0_0&highlighted_blocks=1237835301_416435158_6_0_0&matching_block_id=1237835301_416435158_6_0_0&sr_pri_blocks=1237835301_416435158_6_0_0__42750&from=searchresults,5/9/2026
El Alamein,"Two-Bedroom Apartment with Sea View - Porto Marina North Cost, Coastal Panorama",11862,EGP,2,0,1,7.2,12,"Marina El Alamein, El Alamein",4.9 km from downtown,3,Apartment,Two-Bedroom Apartment with Sea View,No,,,https://www.booking.com/hotel/eg/porto-marina-north-cost-coastal-panorama.html?aid=304142&label=gen173nr-10CAQoggI46wdIMVgEaEOIAQGYATO4ARfIAQzYAQPoAQH4AQGIAgGoAgG4AsnG_c8GwAIB0gIkYzg5ZmRhYmMtMjVjYS00N2FiLTg5ZjQtZDRjNzBhOWNjN2Yx2AIB4AIB&ucfs=1&arphpl=1&checkin=2026-06-01&checkout=2026-06-02&group_adults=2&req_adults=2&no_rooms=1&group_children=0&req_children=0&hpos=20&hapos=45&sr_order=popularity&srpvid=faf3752443e700b9&srepoch=1778344784&all_sr_blocks=1413881001_413130546_5_0_0&highlighted_blocks=1413881001_413130546_5_0_0&matching_block_id=1413881001_413130546_5_0_0&sr_pri_blocks=1413881001_413130546_5_0_0__22500&from=searchresults,5/9/2026
El Alamein,Villa Marina,16027,EGP,2,0,1,8.2,5,"Marina El Alamein, El Alamein",2.1 km from downtown,,Villa,Two-Bedroom Villa,Yes,,,https://www.booking.com/hotel/eg/villa-marina-north-coast.html?aid=304142&label=gen173nr-10CAQoggI46wdIMVgEaEOIAQGYATO4ARfIAQzYAQPoAQH4AQGIAgGoAgG4AsnG_c8GwAIB0gIkYzg5ZmRhYmMtMjVjYS00N2FiLTg5ZjQtZDRjNzBhOWNjN2Yx2AIB4AIB&ucfs=1&arphpl=1&checkin=2026-06-01&checkout=2026-06-02&group_adults=2&req_adults=2&no_rooms=1&group_children=0&req_children=0&hpos=21&hapos=46&sr_order=popularity&srpvid=faf3752443e700b9&srepoch=1778344784&all_sr_blocks=1265212701_416839874_0_0_0&highlighted_blocks=1265212701_416839874_0_0_0&matching_block_id=1265212701_416839874_0_0_0&sr_pri_blocks=1265212701_416839874_0_0_0__30400&from=searchresults,5/9/2026
El Alamein,"Marassi, Luxury Suite in Address Beach resort! service apartment",23724,EGP,2,0,1,8,6,"Sidi Abd El-Rahman, El Alamein",23.5 km from downtown,4,Resort,Suite with Sea View,No,,,https://www.booking.com/hotel/eg/marassi-luxury-suite-in-address-beach-resort-marsa-matrouh.html?aid=304142&label=gen173nr-10CAQoggI46wdIMVgEaEOIAQGYATO4ARfIAQzYAQPoAQH4AQGIAgGoAgG4AsnG_c8GwAIB0gIkYzg5ZmRhYmMtMjVjYS00N2FiLTg5ZjQtZDRjNzBhOWNjN2Yx2AIB4AIB&ucfs=1&arphpl=1&checkin=2026-06-01&checkout=2026-06-02&group_adults=2&req_adults=2&no_rooms=1&group_children=0&req_children=0&hpos=22&hapos=47&sr_order=popularity&srpvid=faf3752443e700b9&srepoch=1778344784&all_sr_blocks=1255204801_413047699_2_0_0&highlighted_blocks=1255204801_413047699_2_0_0&matching_block_id=1255204801_413047699_2_0_0&sr_pri_blocks=1255204801_413047699_2_0_0__45000&from=searchresults,5/9/2026
El Alamein,مراسي,12336,EGP,2,0,1,,,"Sidi Abd El-Rahman, El Alamein",25 km from downtown,,Hotel,Two-Bedroom Chalet,No,,,https://www.booking.com/hotel/eg/shly-el-alamein.html?aid=304142&label=gen173nr-10CAQoggI46wdIMVgEaEOIAQGYATO4ARfIAQzYAQPoAQH4AQGIAgGoAgG4AsnG_c8GwAIB0gIkYzg5ZmRhYmMtMjVjYS00N2FiLTg5ZjQtZDRjNzBhOWNjN2Yx2AIB4AIB&ucfs=1&arphpl=1&checkin=2026-06-01&checkout=2026-06-02&group_adults=2&req_adults=2&no_rooms=1&group_children=0&req_children=0&hpos=23&hapos=48&sr_order=popularity&srpvid=faf3752443e700b9&srepoch=1778344784&all_sr_blocks=1631594701_433681554_2_0_0&highlighted_blocks=1631594701_433681554_2_0_0&matching_block_id=1631594701_433681554_2_0_0&sr_pri_blocks=1631594701_433681554_2_0_0__23400&from=searchresults,5/9/2026
El Alamein,الساحل الشمالي قرية سانتوريني شاليه غرفة وريسبشن,1423,EGP,2,0,1,10,1,El Alamein,22.6 km from downtown,,Apartment,One-Bedroom Apartment,No,,,https://www.booking.com/hotel/eg/lshl-lshmly-qry-sntwryny-shlyh-grf-wrysbshn.html?aid=304142&label=gen173nr-10CAQoggI46wdIMVgEaEOIAQGYATO4ARfIAQzYAQPoAQH4AQGIAgGoAgG4AsnG_c8GwAIB0gIkYzg5ZmRhYmMtMjVjYS00N2FiLTg5ZjQtZDRjNzBhOWNjN2Yx2AIB4AIB&ucfs=1&arphpl=1&checkin=2026-06-01&checkout=2026-06-02&group_adults=2&req_adults=2&no_rooms=1&group_children=0&req_children=0&hpos=24&hapos=49&sr_order=popularity&srpvid=faf3752443e700b9&srepoch=1778344784&all_sr_blocks=1467443301_418062137_5_0_0&highlighted_blocks=1467443301_418062137_5_0_0&matching_block_id=1467443301_418062137_5_0_0&sr_pri_blocks=1467443301_418062137_5_0_0__2700&from=searchresults,5/9/2026
El Alamein,"CONCHA Beach Hotel, New Alamein",9490,EGP,2,0,1,9,106,El Alamein,6.5 km from downtown,5,Hotel,Standard Bungalow,Yes,Breakfast included,,https://www.booking.com/hotel/eg/concha-beach-new-alamein.html?aid=304142&label=gen173nr-10CAQoggI46wdIMVgEaEOIAQGYATO4ARfIAQzYAQPoAQH4AQGIAgGoAgG4AsnG_c8GwAIB0gIkYzg5ZmRhYmMtMjVjYS00N2FiLTg5ZjQtZDRjNzBhOWNjN2Yx2AIB4AIB&ucfs=1&arphpl=1&checkin=2026-06-01&checkout=2026-06-02&group_adults=2&req_adults=2&no_rooms=1&group_children=0&req_children=0&hpos=1&hapos=51&sr_order=popularity&srpvid=faf3752443e700b9&srepoch=1778344790&all_sr_blocks=1470065913_433637238_2_1_0&highlighted_blocks=1470065913_433637238_2_1_0&matching_block_id=1470065913_433637238_2_1_0&sr_pri_blocks=1470065913_433637238_2_1_0__18000&from=searchresults,5/9/2026
El Alamein,الجناح الملكي بالعالمين شامله الأكوا بارك مجانا,3226,EGP,2,0,1,8.2,41,El Alamein,26.6 km from downtown,4,Apartment,One-Bedroom Apartment,Yes,,,https://www.booking.com/hotel/eg/roman-house.html?aid=304142&label=gen173nr-10CAQoggI46wdIMVgEaEOIAQGYATO4ARfIAQzYAQPoAQH4AQGIAgGoAgG4AsnG_c8GwAIB0gIkYzg5ZmRhYmMtMjVjYS00N2FiLTg5ZjQtZDRjNzBhOWNjN2Yx2AIB4AIB&ucfs=1&arphpl=1&checkin=2026-06-01&checkout=2026-06-02&group_adults=2&req_adults=2&no_rooms=1&group_children=0&req_children=0&hpos=2&hapos=52&sr_order=popularity&srpvid=faf3752443e700b9&srepoch=1778344790&all_sr_blocks=1390552601_412633118_2_0_0&highlighted_blocks=1390552601_412633118_2_0_0&matching_block_id=1390552601_412633118_2_0_0&sr_pri_blocks=1390552601_412633118_2_0_0__6120&from=searchresults,5/9/2026
El Alamein,Downtown New Alamein 3 Beds - Seaview and Alamein Towers,7592,EGP,2,0,1,,,El Alamein,4.8 km from downtown,3,Apartment,Apartment,No,,,https://www.booking.com/hotel/eg/downtown-new-alamein-3-beds-seaview-and-alamein-towers.html?aid=304142&label=gen173nr-10CAQoggI46wdIMVgEaEOIAQGYATO4ARfIAQzYAQPoAQH4AQGIAgGoAgG4AsnG_c8GwAIB0gIkYzg5ZmRhYmMtMjVjYS00N2FiLTg5ZjQtZDRjNzBhOWNjN2Yx2AIB4AIB&ucfs=1&arphpl=1&checkin=2026-06-01&checkout=2026-06-02&group_adults=2&req_adults=2&no_rooms=1&group_children=0&req_children=0&hpos=3&hapos=53&sr_order=popularity&srpvid=faf3752443e700b9&srepoch=1778344790&all_sr_blocks=1592137601_430285106_2_0_0&highlighted_blocks=1592137601_430285106_2_0_0&matching_block_id=1592137601_430285106_2_0_0&sr_pri_blocks=1592137601_430285106_2_0_0__14400&from=searchresults,5/9/2026
El Alamein,Amazing view apartment in Golf Porto Marina with marina access,3918,EGP,2,0,1,7.8,37,El Alamein,1.6 km from downtown,4,Apartment,Two-Bedroom Apartment,No,,,https://www.booking.com/hotel/eg/tryq-skndry-mrsy-mtrwh-lshl-lshmly-lkylw-107.html?aid=304142&label=gen173nr-10CAQoggI46wdIMVgEaEOIAQGYATO4ARfIAQzYAQPoAQH4AQGIAgGoAgG4AsnG_c8GwAIB0gIkYzg5ZmRhYmMtMjVjYS00N2FiLTg5ZjQtZDRjNzBhOWNjN2Yx2AIB4AIB&ucfs=1&arphpl=1&checkin=2026-06-01&checkout=2026-06-02&group_adults=2&req_adults=2&no_rooms=1&group_children=0&req_children=0&hpos=4&hapos=54&sr_order=popularity&srpvid=faf3752443e700b9&srepoch=1778344790&all_sr_blocks=437275201_288659103_3_2_0&highlighted_blocks=437275201_288659103_3_2_0&matching_block_id=437275201_288659103_3_2_0&sr_pri_blocks=437275201_288659103_3_2_0__7432&from=searchresults,5/9/2026
El Alamein,Lily's motel,7414,EGP,2,0,1,8.1,28,"Sidi Abd El-Rahman, El Alamein",21.6 km from downtown,3,Motel,Double Room with Private Bathroom,Yes,Breakfast included,,https://www.booking.com/hotel/eg/lilys-motel-sidi-abd-el-rahman.html?aid=304142&label=gen173nr-10CAQoggI46wdIMVgEaEOIAQGYATO4ARfIAQzYAQPoAQH4AQGIAgGoAgG4AsnG_c8GwAIB0gIkYzg5ZmRhYmMtMjVjYS00N2FiLTg5ZjQtZDRjNzBhOWNjN2Yx2AIB4AIB&ucfs=1&arphpl=1&checkin=2026-06-01&checkout=2026-06-02&group_adults=2&req_adults=2&no_rooms=1&group_children=0&req_children=0&hpos=5&hapos=55&sr_order=popularity&srpvid=faf3752443e700b9&srepoch=1778344790&all_sr_blocks=1200402001_400790819_2_41_0&highlighted_blocks=1200402001_400790819_2_41_0&matching_block_id=1200402001_400790819_2_41_0&sr_pri_blocks=1200402001_400790819_2_41_0__14063&from=searchresults,5/9/2026
El Alamein,"Rhactus Hotel, New Alamein",8865,EGP,2,0,1,8.3,169,El Alamein,1.9 km from downtown,4,Hotel,Deluxe Twin Bed,No,Breakfast included,,https://www.booking.com/hotel/eg/rhactus-new-alamein.html?aid=304142&label=gen173nr-10CAQoggI46wdIMVgEaEOIAQGYATO4ARfIAQzYAQPoAQH4AQGIAgGoAgG4AsnG_c8GwAIB0gIkYzg5ZmRhYmMtMjVjYS00N2FiLTg5ZjQtZDRjNzBhOWNjN2Yx2AIB4AIB&ucfs=1&arphpl=1&checkin=2026-06-01&checkout=2026-06-02&group_adults=2&req_adults=2&no_rooms=1&group_children=0&req_children=0&hpos=6&hapos=56&sr_order=popularity&srpvid=faf3752443e700b9&srepoch=1778344790&all_sr_blocks=749442720_391454985_2_1_0&highlighted_blocks=749442720_391454985_2_1_0&matching_block_id=749442720_391454985_2_1_0&sr_pri_blocks=749442720_391454985_2_1_0__16815&from=searchresults,5/9/2026
El Alamein,Golden Lake Marina Hotel,4481,EGP,2,0,1,8.1,616,"Marina El Alamein, El Alamein",2.8 km from downtown,4,Hotel,Double Room with Garden View,No,Breakfast included,,https://www.booking.com/hotel/eg/golden-lake-marina.html?aid=304142&label=gen173nr-10CAQoggI46wdIMVgEaEOIAQGYATO4ARfIAQzYAQPoAQH4AQGIAgGoAgG4AsnG_c8GwAIB0gIkYzg5ZmRhYmMtMjVjYS00N2FiLTg5ZjQtZDRjNzBhOWNjN2Yx2AIB4AIB&ucfs=1&arphpl=1&checkin=2026-06-01&checkout=2026-06-02&group_adults=2&req_adults=2&no_rooms=1&group_children=0&req_children=0&hpos=7&hapos=57&sr_order=popularity&srpvid=faf3752443e700b9&srepoch=1778344790&all_sr_blocks=749450201_334468262_2_1_0&highlighted_blocks=749450201_334468262_2_1_0&matching_block_id=749450201_334468262_2_1_0&sr_pri_blocks=749450201_334468262_2_1_0__8500&from=searchresults,5/9/2026
El Alamein,sea view apartment in Porto Marina hotel tower,7683,EGP,2,0,1,8.8,49,"Marina El Alamein, El Alamein",4.2 km from downtown,4,Apartment,Apartment,No,,,https://www.booking.com/hotel/eg/tryq-lskndry-mrsy-mtrwh-lshl-lshmly-lkylw-100-bwrtw-mryn.html?aid=304142&label=gen173nr-10CAQoggI46wdIMVgEaEOIAQGYATO4ARfIAQzYAQPoAQH4AQGIAgGoAgG4AsnG_c8GwAIB0gIkYzg5ZmRhYmMtMjVjYS00N2FiLTg5ZjQtZDRjNzBhOWNjN2Yx2AIB4AIB&ucfs=1&arphpl=1&checkin=2026-06-01&checkout=2026-06-02&group_adults=2&req_adults=2&no_rooms=1&group_children=0&req_children=0&hpos=8&hapos=58&sr_order=popularity&srpvid=faf3752443e700b9&srepoch=1778344790&all_sr_blocks=437288801_288567056_2_42_0&highlighted_blocks=437288801_288567056_2_42_0&matching_block_id=437288801_288567056_2_42_0&sr_pri_blocks=437288801_288567056_2_42_0__14573&from=searchresults,5/9/2026
El Alamein,Studio in marassi,13180,EGP,2,0,1,,,"Sidi Abd El-Rahman, El Alamein",23.9 km from downtown,3,Apartment,Studio Apartment,Yes,,,https://www.booking.com/hotel/eg/studio-in-marina-marassi.html?aid=304142&label=gen173nr-10CAQoggI46wdIMVgEaEOIAQGYATO4ARfIAQzYAQPoAQH4AQGIAgGoAgG4AsnG_c8GwAIB0gIkYzg5ZmRhYmMtMjVjYS00N2FiLTg5ZjQtZDRjNzBhOWNjN2Yx2AIB4AIB&ucfs=1&arphpl=1&checkin=2026-06-01&checkout=2026-06-02&group_adults=2&req_adults=2&no_rooms=1&group_children=0&req_children=0&hpos=9&hapos=59&sr_order=popularity&srpvid=faf3752443e700b9&srepoch=1778344790&all_sr_blocks=759411701_333081528_5_0_0&highlighted_blocks=759411701_333081528_5_0_0&matching_block_id=759411701_333081528_5_0_0&sr_pri_blocks=759411701_333081528_5_0_0__25000&from=searchresults,5/9/2026
El Alamein,Hotel Apartments At Address Marassi Golf Resort,7381,EGP,2,0,1,7.5,67,"Sidi Abd El-Rahman, El Alamein",25 km from downtown,4,Resort,Studio,Yes,,,https://www.booking.com/hotel/eg/address-marassi-golf-resort-el-alamein.html?aid=304142&label=gen173nr-10CAQoggI46wdIMVgEaEOIAQGYATO4ARfIAQzYAQPoAQH4AQGIAgGoAgG4AsnG_c8GwAIB0gIkYzg5ZmRhYmMtMjVjYS00N2FiLTg5ZjQtZDRjNzBhOWNjN2Yx2AIB4AIB&ucfs=1&arphpl=1&checkin=2026-06-01&checkout=2026-06-02&group_adults=2&req_adults=2&no_rooms=1&group_children=0&req_children=0&hpos=10&hapos=60&sr_order=popularity&srpvid=faf3752443e700b9&srepoch=1778344790&all_sr_blocks=1003451006_433773490_2_0_0&highlighted_blocks=1003451006_433773490_2_0_0&matching_block_id=1003451006_433773490_2_0_0&sr_pri_blocks=1003451006_433773490_2_0_0__14000&from=searchresults,5/9/2026
El Alamein,شاليه vip مارينا 5 الساحل الشمالي العلمين,10544,EGP,2,0,1,8.5,4,"Marina El Alamein, El Alamein",2.1 km from downtown,3,Villa,One-Bedroom Villa,No,,,https://www.booking.com/hotel/eg/shlyh-vip-mryn-5-lshl-lshmly-l-lmyn.html?aid=304142&label=gen173nr-10CAQoggI46wdIMVgEaEOIAQGYATO4ARfIAQzYAQPoAQH4AQGIAgGoAgG4AsnG_c8GwAIB0gIkYzg5ZmRhYmMtMjVjYS00N2FiLTg5ZjQtZDRjNzBhOWNjN2Yx2AIB4AIB&ucfs=1&arphpl=1&checkin=2026-06-01&checkout=2026-06-02&group_adults=2&req_adults=2&no_rooms=1&group_children=0&req_children=0&hpos=11&hapos=61&sr_order=popularity&srpvid=faf3752443e700b9&srepoch=1778344790&all_sr_blocks=1273587701_400178132_8_0_0&highlighted_blocks=1273587701_400178132_8_0_0&matching_block_id=1273587701_400178132_8_0_0&sr_pri_blocks=1273587701_400178132_8_0_0__20000&from=searchresults,5/9/2026
El Alamein,"ابراج العلمين والداون تاون فيو البحر واللاجون Tower, New Alamein",9490,EGP,2,0,1,8.3,3,El Alamein,3.7 km from downtown,3,Apartment,Two-Bedroom Apartment,No,,,https://www.booking.com/hotel/eg/brj-no-7-brj-l-mlmyn-ljdydh-fyw-lljwn-wlbhrtower-7-new-alamein.html?aid=304142&label=gen173nr-10CAQoggI46wdIMVgEaEOIAQGYATO4ARfIAQzYAQPoAQH4AQGIAgGoAgG4AsnG_c8GwAIB0gIkYzg5ZmRhYmMtMjVjYS00N2FiLTg5ZjQtZDRjNzBhOWNjN2Yx2AIB4AIB&ucfs=1&arphpl=1&checkin=2026-06-01&checkout=2026-06-02&group_adults=2&req_adults=2&no_rooms=1&group_children=0&req_children=0&hpos=12&hapos=62&sr_order=popularity&srpvid=faf3752443e700b9&srepoch=1778344790&all_sr_blocks=1418051401_413478895_2_0_0&highlighted_blocks=1418051401_413478895_2_0_0&matching_block_id=1418051401_413478895_2_0_0&sr_pri_blocks=1418051401_413478895_2_0_0__18000&from=searchresults,5/9/2026
El Alamein,Amer group,6590,EGP,2,0,1,,,"Marina El Alamein, El Alamein",2.4 km from downtown,4,Hotel,Double Room,Yes,,,https://www.booking.com/hotel/eg/amer-group.html?aid=304142&label=gen173nr-10CAQoggI46wdIMVgEaEOIAQGYATO4ARfIAQzYAQPoAQH4AQGIAgGoAgG4AsnG_c8GwAIB0gIkYzg5ZmRhYmMtMjVjYS00N2FiLTg5ZjQtZDRjNzBhOWNjN2Yx2AIB4AIB&ucfs=1&arphpl=1&checkin=2026-06-01&checkout=2026-06-02&group_adults=2&req_adults=2&no_rooms=1&group_children=0&req_children=0&hpos=13&hapos=63&sr_order=popularity&srpvid=faf3752443e700b9&srepoch=1778344790&all_sr_blocks=1616655101_432528395_4_0_0&highlighted_blocks=1616655101_432528395_4_0_0&matching_block_id=1616655101_432528395_4_0_0&sr_pri_blocks=1616655101_432528395_4_0_0__12500&from=searchresults,5/9/2026
El Alamein,Apartment at El Down Town New El Alamein,8643,EGP,2,0,1,7.4,51,El Alamein,4.7 km from downtown,3,Apartment,Two-Bedroom Apartment with Balcony and Sea View,Yes,,,https://www.booking.com/hotel/eg/ldwn-twn-l-lmyn-ljdydh-khlf-lbrh-down-town.html?aid=304142&label=gen173nr-10CAQoggI46wdIMVgEaEOIAQGYATO4ARfIAQzYAQPoAQH4AQGIAgGoAgG4AsnG_c8GwAIB0gIkYzg5ZmRhYmMtMjVjYS00N2FiLTg5ZjQtZDRjNzBhOWNjN2Yx2AIB4AIB&ucfs=1&arphpl=1&checkin=2026-06-01&checkout=2026-06-02&group_adults=2&req_adults=2&no_rooms=1&group_children=0&req_children=0&hpos=14&hapos=64&sr_order=popularity&srpvid=faf3752443e700b9&srepoch=1778344790&all_sr_blocks=943949802_369928422_3_0_0&highlighted_blocks=943949802_369928422_3_0_0&matching_block_id=943949802_369928422_3_0_0&sr_pri_blocks=943949802_369928422_3_0_0__16394&from=searchresults,5/9/2026
El Alamein,Santorini North Coast Resort is not for Egyptian singless,1898,EGP,2,0,1,,,El Alamein,22.6 km from downtown,,Resort,Queen Room,No,,,https://www.booking.com/hotel/eg/santorini-north-coast-resort-is-not-for-egyptian-singless.html?aid=304142&label=gen173nr-10CAQoggI46wdIMVgEaEOIAQGYATO4ARfIAQzYAQPoAQH4AQGIAgGoAgG4AsnG_c8GwAIB0gIkYzg5ZmRhYmMtMjVjYS00N2FiLTg5ZjQtZDRjNzBhOWNjN2Yx2AIB4AIB&ucfs=1&arphpl=1&checkin=2026-06-01&checkout=2026-06-02&group_adults=2&req_adults=2&no_rooms=1&group_children=0&req_children=0&hpos=15&hapos=65&sr_order=popularity&srpvid=faf3752443e700b9&srepoch=1778344790&all_sr_blocks=1622223401_433009585_3_0_0&highlighted_blocks=1622223401_433009585_3_0_0&matching_block_id=1622223401_433009585_3_0_0&sr_pri_blocks=1622223401_433009585_3_0_0__3600&from=searchresults,5/9/2026
El Alamein,امواج شاليه فندقي Amwaj north coast 2 bedroom,10755,EGP,2,0,1,9.3,14,"Sidi Abd El-Rahman, El Alamein",31 km from downtown,3,Apartment,Two-Bedroom Apartment with Balcony,Yes,,,https://www.booking.com/hotel/eg/shlyh-fndqy-amwaj-north-coast-2-bedroom.html?aid=304142&label=gen173nr-10CAQoggI46wdIMVgEaEOIAQGYATO4ARfIAQzYAQPoAQH4AQGIAgGoAgG4AsnG_c8GwAIB0gIkYzg5ZmRhYmMtMjVjYS00N2FiLTg5ZjQtZDRjNzBhOWNjN2Yx2AIB4AIB&ucfs=1&arphpl=1&checkin=2026-06-01&checkout=2026-06-02&group_adults=2&req_adults=2&no_rooms=1&group_children=0&req_children=0&hpos=16&hapos=66&sr_order=popularity&srpvid=faf3752443e700b9&srepoch=1778344790&all_sr_blocks=1254232301_397952353_0_0_0&highlighted_blocks=1254232301_397952353_0_0_0&matching_block_id=1254232301_397952353_0_0_0&sr_pri_blocks=1254232301_397952353_0_0_0__20400&from=searchresults,5/9/2026
El Alamein,Santorini North Coast Resort is not for Egyptian singles,1329,EGP,2,0,1,,,El Alamein,22.6 km from downtown,,Resort,Studio,No,,,https://www.booking.com/hotel/eg/santorini-north-coast-resort-is-not-for-egyptian-singles.html?aid=304142&label=gen173nr-10CAQoggI46wdIMVgEaEOIAQGYATO4ARfIAQzYAQPoAQH4AQGIAgGoAgG4AsnG_c8GwAIB0gIkYzg5ZmRhYmMtMjVjYS00N2FiLTg5ZjQtZDRjNzBhOWNjN2Yx2AIB4AIB&ucfs=1&arphpl=1&checkin=2026-06-01&checkout=2026-06-02&group_adults=2&req_adults=2&no_rooms=1&group_children=0&req_children=0&hpos=17&hapos=67&sr_order=popularity&srpvid=faf3752443e700b9&srepoch=1778344790&all_sr_blocks=1622181901_433006625_2_0_0&highlighted_blocks=1622181901_433006625_2_0_0&matching_block_id=1622181901_433006625_2_0_0&sr_pri_blocks=1622181901_433006625_2_0_0__2520&from=searchresults,5/9/2026
El Alamein,2 bedrooms apartment in Porto marina,6959,EGP,2,0,1,6.8,13,"Marina El Alamein, El Alamein",4.9 km from downtown,3,Apartment,Two-Bedroom Apartment,Yes,,,https://www.booking.com/hotel/eg/porto-marina-amp-spa-matrouh.html?aid=304142&label=gen173nr-10CAQoggI46wdIMVgEaEOIAQGYATO4ARfIAQzYAQPoAQH4AQGIAgGoAgG4AsnG_c8GwAIB0gIkYzg5ZmRhYmMtMjVjYS00N2FiLTg5ZjQtZDRjNzBhOWNjN2Yx2AIB4AIB&ucfs=1&arphpl=1&checkin=2026-06-01&checkout=2026-06-02&group_adults=2&req_adults=2&no_rooms=1&group_children=0&req_children=0&hpos=18&hapos=68&sr_order=popularity&srpvid=faf3752443e700b9&srepoch=1778344790&all_sr_blocks=868512001_379152678_0_2_0&highlighted_blocks=868512001_379152678_0_2_0&matching_block_id=868512001_379152678_0_2_0&sr_pri_blocks=868512001_379152678_0_2_0__13200&from=searchresults,5/9/2026
El Alamein,"Comfort Cozy Corner - Luxury Apt New Alamein -, Marina , Sahel - شقة فاخرة العلمين الجديدة - مارينا,الساحل",9033,EGP,2,0,1,10,2,El Alamein,4.8 km from downtown,,Apartment,Three-Bedroom Apartment,Yes,,,https://www.booking.com/hotel/eg/comfort-el-alamein.html?aid=304142&label=gen173nr-10CAQoggI46wdIMVgEaEOIAQGYATO4ARfIAQzYAQPoAQH4AQGIAgGoAgG4AsnG_c8GwAIB0gIkYzg5ZmRhYmMtMjVjYS00N2FiLTg5ZjQtZDRjNzBhOWNjN2Yx2AIB4AIB&ucfs=1&arphpl=1&checkin=2026-06-01&checkout=2026-06-02&group_adults=2&req_adults=2&no_rooms=1&group_children=0&req_children=0&hpos=19&hapos=69&sr_order=popularity&srpvid=faf3752443e700b9&srepoch=1778344790&all_sr_blocks=1399944401_418511335_2_0_0&highlighted_blocks=1399944401_418511335_2_0_0&matching_block_id=1399944401_418511335_2_0_0&sr_pri_blocks=1399944401_418511335_2_0_0__17133&from=searchresults,5/9/2026
El Alamein,Hacienda Bay Villa with private pool,109130,EGP,2,0,1,10,1,"Sidi Abd El-Rahman, El Alamein",20.1 km from downtown,,Villa,Five-Bedroom House,Yes,,,https://www.booking.com/hotel/eg/hacienda-bay-villa-with-private-pool.html?aid=304142&label=gen173nr-10CAQoggI46wdIMVgEaEOIAQGYATO4ARfIAQzYAQPoAQH4AQGIAgGoAgG4AsnG_c8GwAIB0gIkYzg5ZmRhYmMtMjVjYS00N2FiLTg5ZjQtZDRjNzBhOWNjN2Yx2AIB4AIB&ucfs=1&arphpl=1&checkin=2026-06-01&checkout=2026-06-02&group_adults=2&req_adults=2&no_rooms=1&group_children=0&req_children=0&hpos=20&hapos=70&sr_order=popularity&srpvid=faf3752443e700b9&srepoch=1778344790&all_sr_blocks=1233893701_395350863_0_0_0_1368299&highlighted_blocks=1233893701_395350863_0_0_0_1368299&matching_block_id=1233893701_395350863_0_0_0_1368299&sr_pri_blocks=1233893701_395350863_0_0_0_1368299_207000&from=searchresults,5/9/2026
El Alamein,Golden Sweet house Latina,9015,EGP,2,0,1,,,El Alamein,6.1 km from downtown,,Apartment,Two-Bedroom Apartment,No,,,https://www.booking.com/hotel/eg/golden-sweet-house-latina.html?aid=304142&label=gen173nr-10CAQoggI46wdIMVgEaEOIAQGYATO4ARfIAQzYAQPoAQH4AQGIAgGoAgG4AsnG_c8GwAIB0gIkYzg5ZmRhYmMtMjVjYS00N2FiLTg5ZjQtZDRjNzBhOWNjN2Yx2AIB4AIB&ucfs=1&arphpl=1&checkin=2026-06-01&checkout=2026-06-02&group_adults=2&req_adults=2&no_rooms=1&group_children=0&req_children=0&hpos=21&hapos=71&sr_order=popularity&srpvid=faf3752443e700b9&srepoch=1778344790&all_sr_blocks=1531829701_424713703_0_0_0&highlighted_blocks=1531829701_424713703_0_0_0&matching_block_id=1531829701_424713703_0_0_0&sr_pri_blocks=1531829701_424713703_0_0_0__17100&from=searchresults,5/9/2026
El Alamein,بورتو مارينا,8303,EGP,2,0,1,,,"Marina El Alamein, El Alamein",4.9 km from downtown,,Apartment,Apartment,No,,,https://www.booking.com/hotel/eg/bwrtw-mryn-mryn-l-lmyn2.html?aid=304142&label=gen173nr-10CAQoggI46wdIMVgEaEOIAQGYATO4ARfIAQzYAQPoAQH4AQGIAgGoAgG4AsnG_c8GwAIB0gIkYzg5ZmRhYmMtMjVjYS00N2FiLTg5ZjQtZDRjNzBhOWNjN2Yx2AIB4AIB&ucfs=1&arphpl=1&checkin=2026-06-01&checkout=2026-06-02&group_adults=2&req_adults=2&no_rooms=1&group_children=0&req_children=0&hpos=22&hapos=72&sr_order=popularity&srpvid=faf3752443e700b9&srepoch=1778344790&all_sr_blocks=1417834103_413455121_2_0_0&highlighted_blocks=1417834103_413455121_2_0_0&matching_block_id=1417834103_413455121_2_0_0&sr_pri_blocks=1417834103_413455121_2_0_0__15750&from=searchresults,5/9/2026
El Alamein,Luxury sea View Apartment-North Edge Tower 7B,6203,EGP,2,0,1,,,El Alamein,3.5 km from downtown,,Apartment,One-Bedroom Apartment,No,,,https://www.booking.com/hotel/eg/luxury-sea-view-apartment-north-edge-tower-7b.html?aid=304142&label=gen173nr-10CAQoggI46wdIMVgEaEOIAQGYATO4ARfIAQzYAQPoAQH4AQGIAgGoAgG4AsnG_c8GwAIB0gIkYzg5ZmRhYmMtMjVjYS00N2FiLTg5ZjQtZDRjNzBhOWNjN2Yx2AIB4AIB&ucfs=1&arphpl=1&checkin=2026-06-01&checkout=2026-06-02&group_adults=2&req_adults=2&no_rooms=1&group_children=0&req_children=0&hpos=23&hapos=73&sr_order=popularity&srpvid=faf3752443e700b9&srepoch=1778344790&all_sr_blocks=1607110401_431646764_2_0_0&highlighted_blocks=1607110401_431646764_2_0_0&matching_block_id=1607110401_431646764_2_0_0&sr_pri_blocks=1607110401_431646764_2_0_0__11765&from=searchresults,5/9/2026
El Alamein,Sia Lagoon,2391,EGP,2,0,1,,,El Alamein,2.6 km from downtown,,Apartment,One-Bedroom Apartment,No,,,https://www.booking.com/hotel/eg/sia-lagoon-al-alameen-city.html?aid=304142&label=gen173nr-10CAQoggI46wdIMVgEaEOIAQGYATO4ARfIAQzYAQPoAQH4AQGIAgGoAgG4AsnG_c8GwAIB0gIkYzg5ZmRhYmMtMjVjYS00N2FiLTg5ZjQtZDRjNzBhOWNjN2Yx2AIB4AIB&ucfs=1&arphpl=1&checkin=2026-06-01&checkout=2026-06-02&group_adults=2&req_adults=2&no_rooms=1&group_children=0&req_children=0&hpos=24&hapos=74&sr_order=popularity&srpvid=faf3752443e700b9&srepoch=1778344790&all_sr_blocks=1623961701_433139394_2_0_0&highlighted_blocks=1623961701_433139394_2_0_0&matching_block_id=1623961701_433139394_2_0_0&sr_pri_blocks=1623961701_433139394_2_0_0__4536&from=searchresults,5/9/2026
El Alamein,Alex,1898,EGP,2,0,1,,,El Alamein,1.7 km from downtown,,Apartment,One-Bedroom Apartment,No,,,https://www.booking.com/hotel/eg/alex-l-lmyn-ljdyd.html?aid=304142&label=gen173nr-10CAQoggI46wdIMVgEaEOIAQGYATO4ARfIAQzYAQPoAQH4AQGIAgGoAgG4AsnG_c8GwAIB0gIkYzg5ZmRhYmMtMjVjYS00N2FiLTg5ZjQtZDRjNzBhOWNjN2Yx2AIB4AIB&ucfs=1&arphpl=1&checkin=2026-06-01&checkout=2026-06-02&group_adults=2&req_adults=2&no_rooms=1&group_children=0&req_children=0&hpos=25&hapos=75&sr_order=popularity&srpvid=faf3752443e700b9&srepoch=1778344790&all_sr_blocks=1610586801_431969212_2_0_0&highlighted_blocks=1610586801_431969212_2_0_0&matching_block_id=1610586801_431969212_2_0_0&sr_pri_blocks=1610586801_431969212_2_0_0__3600&from=searchresults,5/9/2026
Sohag,Al Fanar Azur Hotel,3050,EGP,2,0,1,8.2,223,Sūhāj,,3,Hotel,Double or Twin Room,Yes,Breakfast included,,https://www.booking.com/hotel/eg/al-fanar-azur.html?aid=304142&label=gen173nr-10CAQoggI46wdIMVgEaEOIAQGYATO4ARfIAQzYAQPoAQH4AQGIAgGoAgG4AqrH_c8GwAIB0gIkYjJmYjRkMTgtYzlmZi00NDhiLThlOWEtMmIzM2U3YWVjYTdl2AIB4AIB&ucfs=1&arphpl=1&checkin=2026-06-01&checkout=2026-06-02&group_adults=2&req_adults=2&no_rooms=1&group_children=0&req_children=0&hpos=1&hapos=1&sr_order=popularity&srpvid=8a2975554ca70120&srepoch=1778344882&all_sr_blocks=1243719901_396284293_2_1_0&highlighted_blocks=1243719901_396284293_2_1_0&matching_block_id=1243719901_396284293_2_1_0&sr_pri_blocks=1243719901_396284293_2_1_0__5785&from=searchresults,5/9/2026
Sohag,VIP hotel & café,1281,EGP,2,0,1,6.3,3,Qilfāw,,4,Hotel,Double Room with Sea View,No,,,https://www.booking.com/hotel/eg/vip-amp-cafe.html?aid=304142&label=gen173nr-10CAQoggI46wdIMVgEaEOIAQGYATO4ARfIAQzYAQPoAQH4AQGIAgGoAgG4AqrH_c8GwAIB0gIkYjJmYjRkMTgtYzlmZi00NDhiLThlOWEtMmIzM2U3YWVjYTdl2AIB4AIB&ucfs=1&arphpl=1&checkin=2026-06-01&checkout=2026-06-02&group_adults=2&req_adults=2&no_rooms=1&group_children=0&req_children=0&hpos=2&hapos=2&sr_order=popularity&srpvid=8a2975554ca70120&srepoch=1778344882&all_sr_blocks=1579994701_429097955_2_2_0&highlighted_blocks=1579994701_429097955_2_2_0&matching_block_id=1579994701_429097955_2_2_0&sr_pri_blocks=1579994701_429097955_2_2_0__2430&from=searchresults,5/9/2026
Sohag,Abo Elwafa Hotel,1075,EGP,2,0,1,7.1,140,Sūhāj,,3,Hotel,Double Room with Private Bathroom,Yes,Breakfast included,,https://www.booking.com/hotel/eg/dahab-swhj.html?aid=304142&label=gen173nr-10CAQoggI46wdIMVgEaEOIAQGYATO4ARfIAQzYAQPoAQH4AQGIAgGoAgG4AqrH_c8GwAIB0gIkYjJmYjRkMTgtYzlmZi00NDhiLThlOWEtMmIzM2U3YWVjYTdl2AIB4AIB&ucfs=1&arphpl=1&checkin=2026-06-01&checkout=2026-06-02&group_adults=2&req_adults=2&no_rooms=1&group_children=0&req_children=0&hpos=3&hapos=3&sr_order=popularity&srpvid=8a2975554ca70120&srepoch=1778344882&all_sr_blocks=1153840102_388735373_2_1_0&highlighted_blocks=1153840102_388735373_2_1_0&matching_block_id=1153840102_388735373_2_1_0&sr_pri_blocks=1153840102_388735373_2_1_0__2040&from=searchresults,5/9/2026
Sohag,فندق ميريت امون سوهاج,2372,EGP,2,0,1,7.3,6,Jazīrat Maḩrūs,,4,Hotel,Double Room,Yes,Breakfast included,,https://www.booking.com/hotel/eg/fndq-myryt-mwn-swhj.html?aid=304142&label=gen173nr-10CAQoggI46wdIMVgEaEOIAQGYATO4ARfIAQzYAQPoAQH4AQGIAgGoAgG4AqrH_c8GwAIB0gIkYjJmYjRkMTgtYzlmZi00NDhiLThlOWEtMmIzM2U3YWVjYTdl2AIB4AIB&ucfs=1&arphpl=1&checkin=2026-06-01&checkout=2026-06-02&group_adults=2&req_adults=2&no_rooms=1&group_children=0&req_children=0&hpos=4&hapos=4&sr_order=popularity&srpvid=8a2975554ca70120&srepoch=1778344882&all_sr_blocks=1508595701_426214998_2_1_0&highlighted_blocks=1508595701_426214998_2_1_0&matching_block_id=1508595701_426214998_2_1_0&sr_pri_blocks=1508595701_426214998_2_1_0__4500&from=searchresults,5/9/2026
Sohag,Hotel G,1054,EGP,2,0,1,,,Sūhāj,,3,Hotel,Double Room,Yes,Breakfast included,,https://www.booking.com/hotel/eg/g.html?aid=304142&label=gen173nr-10CAQoggI46wdIMVgEaEOIAQGYATO4ARfIAQzYAQPoAQH4AQGIAgGoAgG4AqrH_c8GwAIB0gIkYjJmYjRkMTgtYzlmZi00NDhiLThlOWEtMmIzM2U3YWVjYTdl2AIB4AIB&ucfs=1&arphpl=1&checkin=2026-06-01&checkout=2026-06-02&group_adults=2&req_adults=2&no_rooms=1&group_children=0&req_children=0&hpos=5&hapos=5&sr_order=popularity&srpvid=8a2975554ca70120&srepoch=1778344882&all_sr_blocks=1631470601_433672959_3_1_0&highlighted_blocks=1631470601_433672959_3_1_0&matching_block_id=1631470601_433672959_3_1_0&sr_pri_blocks=1631470601_433672959_3_1_0__2000&from=searchresults,5/9/2026
Sohag,Al Amir Palace Hotel,1054,EGP,2,0,1,5.3,87,Sūhāj,,3,Hotel,Deluxe Double Room,Yes,Breakfast included,,https://www.booking.com/hotel/eg/al-amir-palace.html?aid=304142&label=gen173nr-10CAQoggI46wdIMVgEaEOIAQGYATO4ARfIAQzYAQPoAQH4AQGIAgGoAgG4AqrH_c8GwAIB0gIkYjJmYjRkMTgtYzlmZi00NDhiLThlOWEtMmIzM2U3YWVjYTdl2AIB4AIB&ucfs=1&arphpl=1&checkin=2026-06-01&checkout=2026-06-02&group_adults=2&req_adults=2&no_rooms=1&group_children=0&req_children=0&hpos=6&hapos=6&sr_order=popularity&srpvid=8a2975554ca70120&srepoch=1778344882&all_sr_blocks=920572802_363801961_2_1_0&highlighted_blocks=920572802_363801961_2_1_0&matching_block_id=920572802_363801961_2_1_0&sr_pri_blocks=920572802_363801961_2_1_0__2000&from=searchresults,5/9/2026
Sohag,Families only,869,EGP,2,0,1,,,Al ‘Izbah wa al ‘Arab,,,Apartment,Three-Bedroom Apartment,No,,,https://www.booking.com/hotel/eg/family-guests-only.html?aid=304142&label=gen173nr-10CAQoggI46wdIMVgEaEOIAQGYATO4ARfIAQzYAQPoAQH4AQGIAgGoAgG4AqrH_c8GwAIB0gIkYjJmYjRkMTgtYzlmZi00NDhiLThlOWEtMmIzM2U3YWVjYTdl2AIB4AIB&ucfs=1&arphpl=1&checkin=2026-06-01&checkout=2026-06-02&group_adults=2&req_adults=2&no_rooms=1&group_children=0&req_children=0&hpos=7&hapos=7&sr_order=popularity&srpvid=8a2975554ca70120&srepoch=1778344882&all_sr_blocks=1372779901_409453718_2_0_0&highlighted_blocks=1372779901_409453718_2_0_0&matching_block_id=1372779901_409453718_2_0_0&sr_pri_blocks=1372779901_409453718_2_0_0__1648&from=searchresults,5/9/2026
Sohag,Sohag luxury apartment,1318,EGP,2,0,1,10,1,Awlād Gharīb,,3,Apartment,Two-Bedroom Apartment,Yes,,,https://www.booking.com/hotel/eg/sohag-luxury-apartment.html?aid=304142&label=gen173nr-10CAQoggI46wdIMVgEaEOIAQGYATO4ARfIAQzYAQPoAQH4AQGIAgGoAgG4AqrH_c8GwAIB0gIkYjJmYjRkMTgtYzlmZi00NDhiLThlOWEtMmIzM2U3YWVjYTdl2AIB4AIB&ucfs=1&arphpl=1&checkin=2026-06-01&checkout=2026-06-02&group_adults=2&req_adults=2&no_rooms=1&group_children=0&req_children=0&hpos=8&hapos=8&sr_order=popularity&srpvid=8a2975554ca70120&srepoch=1778344882&all_sr_blocks=1608134401_432532744_4_0_0&highlighted_blocks=1608134401_432532744_4_0_0&matching_block_id=1608134401_432532744_4_0_0&sr_pri_blocks=1608134401_432532744_4_0_0__2500&from=searchresults,5/9/2026
Assyut,فندق أجياد Agyad Hotel,2109,EGP,2,0,1,9.1,271,Asyut,250 m from downtown,,Hotel,Double Room,Yes,,,https://www.booking.com/hotel/eg/fndq-jyd-qsm-thn-sywt.html?aid=304142&label=gen173nr-10CAQoggI46wdIMVgEaEOIAQGYATO4ARfIAQzYAQPoAQH4AQGIAgGoAgG4AsvM_c8GwAIB0gIkZmZiODRkNWQtOGU4Zi00NjYxLTkxODQtZjAzMGFiODE4Y2Zm2AIB4AIB&ucfs=1&arphpl=1&checkin=2026-06-01&checkout=2026-06-02&group_adults=2&req_adults=2&no_rooms=1&group_children=0&req_children=0&hpos=1&hapos=1&sr_order=popularity&srpvid=6f6c76a5d70e0245&srepoch=1778345553&all_sr_blocks=1114588801_392190556_2_42_0&highlighted_blocks=1114588801_392190556_2_42_0&matching_block_id=1114588801_392190556_2_42_0&sr_pri_blocks=1114588801_392190556_2_42_0__4000&from=searchresults,5/9/2026
Assyut,Grand Hotel - فندق جراند أوتيل,1898,EGP,2,0,1,5.6,5,Asyut,200 m from downtown,,Hotel,Double Room,Yes,Breakfast included,,https://www.booking.com/hotel/eg/grand-fndq-jrnd-wtyl.html?aid=304142&label=gen173nr-10CAQoggI46wdIMVgEaEOIAQGYATO4ARfIAQzYAQPoAQH4AQGIAgGoAgG4AsvM_c8GwAIB0gIkZmZiODRkNWQtOGU4Zi00NjYxLTkxODQtZjAzMGFiODE4Y2Zm2AIB4AIB&ucfs=1&arphpl=1&checkin=2026-06-01&checkout=2026-06-02&group_adults=2&req_adults=2&no_rooms=1&group_children=0&req_children=0&hpos=2&hapos=2&sr_order=popularity&srpvid=6f6c76a5d70e0245&srepoch=1778345553&all_sr_blocks=1508035701_422553178_2_1_0&highlighted_blocks=1508035701_422553178_2_1_0&matching_block_id=1508035701_422553178_2_1_0&sr_pri_blocks=1508035701_422553178_2_1_0__3600&from=searchresults,5/9/2026
Assyut,Badr Hotel Assiut,3751,EGP,2,0,1,8,55,Asyut,150 m from downtown,3,Hotel,Double Room,No,Breakfast included,,https://www.booking.com/hotel/eg/badr-assiut.html?aid=304142&label=gen173nr-10CAQoggI46wdIMVgEaEOIAQGYATO4ARfIAQzYAQPoAQH4AQGIAgGoAgG4AsvM_c8GwAIB0gIkZmZiODRkNWQtOGU4Zi00NjYxLTkxODQtZjAzMGFiODE4Y2Zm2AIB4AIB&ucfs=1&arphpl=1&checkin=2026-06-01&checkout=2026-06-02&group_adults=2&req_adults=2&no_rooms=1&group_children=0&req_children=0&hpos=3&hapos=3&sr_order=popularity&srpvid=6f6c76a5d70e0245&srepoch=1778345553&all_sr_blocks=1182256002_390649816_2_1_0&highlighted_blocks=1182256002_390649816_2_1_0&matching_block_id=1182256002_390649816_2_1_0&sr_pri_blocks=1182256002_390649816_2_1_0__7115&from=searchresults,5/9/2026
Assyut,Jewel Assiut Hotel,2320,EGP,2,0,1,6.4,137,Asyut,2.7 km from downtown,4,Hotel,Double Room with Pool View (Egyptians Only),No,Breakfast included,,https://www.booking.com/hotel/eg/assiut-hotels-armed-forces.html?aid=304142&label=gen173nr-10CAQoggI46wdIMVgEaEOIAQGYATO4ARfIAQzYAQPoAQH4AQGIAgGoAgG4AsvM_c8GwAIB0gIkZmZiODRkNWQtOGU4Zi00NjYxLTkxODQtZjAzMGFiODE4Y2Zm2AIB4AIB&ucfs=1&arphpl=1&checkin=2026-06-01&checkout=2026-06-02&group_adults=2&req_adults=2&no_rooms=1&group_children=0&req_children=0&hpos=4&hapos=4&sr_order=popularity&srpvid=6f6c76a5d70e0245&srepoch=1778345562&all_sr_blocks=168883513_335452981_2_1_0&highlighted_blocks=168883513_335452981_2_1_0&matching_block_id=168883513_335452981_2_1_0&sr_pri_blocks=168883513_335452981_2_1_0__4400&from=searchresults,5/9/2026
Assyut,Assiut Cement Hotel,6405,EGP,2,0,1,7.9,92,Asyut,14.8 km from downtown,3,Hotel,One-Bedroom Chalet,No,Breakfast included,,https://www.booking.com/hotel/eg/assiut-cement.html?aid=304142&label=gen173nr-10CAQoggI46wdIMVgEaEOIAQGYATO4ARfIAQzYAQPoAQH4AQGIAgGoAgG4AsvM_c8GwAIB0gIkZmZiODRkNWQtOGU4Zi00NjYxLTkxODQtZjAzMGFiODE4Y2Zm2AIB4AIB&ucfs=1&arphpl=1&checkin=2026-06-01&checkout=2026-06-02&group_adults=2&req_adults=2&no_rooms=1&group_children=0&req_children=0&hpos=5&hapos=5&sr_order=popularity&srpvid=6f6c76a5d70e0245&srepoch=1778345562&all_sr_blocks=479318912_355247183_0_1_0_366498&highlighted_blocks=479318912_355247183_0_1_0_366498&matching_block_id=479318912_355247183_0_1_0_366498&sr_pri_blocks=479318912_355247183_0_1_0_366498_12150&from=searchresults,5/9/2026
Assyut,Assiutel,3427,EGP,2,0,1,7.4,46,Asyut,1.2 km from downtown,3,Hotel,Deluxe Double Room,Yes,Breakfast included,,https://www.booking.com/hotel/eg/assiutel-asyut-2.html?aid=304142&label=gen173nr-10CAQoggI46wdIMVgEaEOIAQGYATO4ARfIAQzYAQPoAQH4AQGIAgGoAgG4AsvM_c8GwAIB0gIkZmZiODRkNWQtOGU4Zi00NjYxLTkxODQtZjAzMGFiODE4Y2Zm2AIB4AIB&ucfs=1&arphpl=1&checkin=2026-06-01&checkout=2026-06-02&group_adults=2&req_adults=2&no_rooms=1&group_children=0&req_children=0&hpos=6&hapos=6&sr_order=popularity&srpvid=6f6c76a5d70e0245&srepoch=1778345562&all_sr_blocks=1128035904_385443902_2_1_0&highlighted_blocks=1128035904_385443902_2_1_0&matching_block_id=1128035904_385443902_2_1_0&sr_pri_blocks=1128035904_385443902_2_1_0__6500&from=searchresults,5/9/2026
Assyut,فندق نيو الحسين - New Alhussien Hotel,1318,EGP,2,0,1,7.4,13,Asyut,0.5 km from downtown,3,Hotel,Double Room,Yes,Breakfast included,,https://www.booking.com/hotel/eg/new-alhussien.html?aid=304142&label=gen173nr-10CAQoggI46wdIMVgEaEOIAQGYATO4ARfIAQzYAQPoAQH4AQGIAgGoAgG4AsvM_c8GwAIB0gIkZmZiODRkNWQtOGU4Zi00NjYxLTkxODQtZjAzMGFiODE4Y2Zm2AIB4AIB&ucfs=1&arphpl=1&checkin=2026-06-01&checkout=2026-06-02&group_adults=2&req_adults=2&no_rooms=1&group_children=0&req_children=0&hpos=7&hapos=7&sr_order=popularity&srpvid=6f6c76a5d70e0245&srepoch=1778345562&all_sr_blocks=1491454901_420798607_2_1_0&highlighted_blocks=1491454901_420798607_2_1_0&matching_block_id=1491454901_420798607_2_1_0&sr_pri_blocks=1491454901_420798607_2_1_0__2500&from=searchresults,5/9/2026
Assyut,فندق الحسين السياحي,1160,EGP,2,0,1,6.7,22,Asyut,250 m from downtown,3,Hotel,Double Room,Yes,Breakfast included,,https://www.booking.com/hotel/eg/fndq-lhsyn-lsyhy.html?aid=304142&label=gen173nr-10CAQoggI46wdIMVgEaEOIAQGYATO4ARfIAQzYAQPoAQH4AQGIAgGoAgG4AsvM_c8GwAIB0gIkZmZiODRkNWQtOGU4Zi00NjYxLTkxODQtZjAzMGFiODE4Y2Zm2AIB4AIB&ucfs=1&arphpl=1&checkin=2026-06-01&checkout=2026-06-02&group_adults=2&req_adults=2&no_rooms=1&group_children=0&req_children=0&hpos=8&hapos=8&sr_order=popularity&srpvid=6f6c76a5d70e0245&srepoch=1778345562&all_sr_blocks=1428431401_414451296_2_1_0&highlighted_blocks=1428431401_414451296_2_1_0&matching_block_id=1428431401_414451296_2_1_0&sr_pri_blocks=1428431401_414451296_2_1_0__2200&from=searchresults,5/9/2026
Assyut,Asyut Cozy Nile view apartment,2372,EGP,2,0,1,10,1,Asyut,3.1 km from downtown,4,Apartment,Three-Bedroom Apartment with Sea View,No,,,https://www.booking.com/hotel/eg/cozy-nile-view-apartment.html?aid=304142&label=gen173nr-10CAQoggI46wdIMVgEaEOIAQGYATO4ARfIAQzYAQPoAQH4AQGIAgGoAgG4AsvM_c8GwAIB0gIkZmZiODRkNWQtOGU4Zi00NjYxLTkxODQtZjAzMGFiODE4Y2Zm2AIB4AIB&ucfs=1&arphpl=1&checkin=2026-06-01&checkout=2026-06-02&group_adults=2&req_adults=2&no_rooms=1&group_children=0&req_children=0&hpos=9&hapos=9&sr_order=popularity&srpvid=6f6c76a5d70e0245&srepoch=1778345570&all_sr_blocks=1205359501_392752670_4_0_0&highlighted_blocks=1205359501_392752670_4_0_0&matching_block_id=1205359501_392752670_4_0_0&sr_pri_blocks=1205359501_392752670_4_0_0__4500&from=searchresults,5/9/2026
Assyut,Assuit ultra modern apartment,2017,EGP,2,0,1,7.6,6,Asyut,2.7 km from downtown,,Apartment,Two-Bedroom Apartment,Yes,,,https://www.booking.com/hotel/eg/assuit-ultra-modern-apartment.html?aid=304142&label=gen173nr-10CAQoggI46wdIMVgEaEOIAQGYATO4ARfIAQzYAQPoAQH4AQGIAgGoAgG4AsvM_c8GwAIB0gIkZmZiODRkNWQtOGU4Zi00NjYxLTkxODQtZjAzMGFiODE4Y2Zm2AIB4AIB&ucfs=1&arphpl=1&checkin=2026-06-01&checkout=2026-06-02&group_adults=2&req_adults=2&no_rooms=1&group_children=0&req_children=0&hpos=10&hapos=10&sr_order=popularity&srpvid=6f6c76a5d70e0245&srepoch=1778345570&all_sr_blocks=1071735701_426230630_2_0_0&highlighted_blocks=1071735701_426230630_2_0_0&matching_block_id=1071735701_426230630_2_0_0&sr_pri_blocks=1071735701_426230630_2_0_0__3825&from=searchresults,5/9/2026
Assyut,Rayan Apartment,3005,EGP,2,0,1,,,Asyut,1.5 km from downtown,,Apartment,Three-Bedroom Apartment,Yes,,,https://www.booking.com/hotel/eg/rayan-apartment.html?aid=304142&label=gen173nr-10CAQoggI46wdIMVgEaEOIAQGYATO4ARfIAQzYAQPoAQH4AQGIAgGoAgG4AsvM_c8GwAIB0gIkZmZiODRkNWQtOGU4Zi00NjYxLTkxODQtZjAzMGFiODE4Y2Zm2AIB4AIB&ucfs=1&arphpl=1&checkin=2026-06-01&checkout=2026-06-02&group_adults=2&req_adults=2&no_rooms=1&group_children=0&req_children=0&hpos=11&hapos=11&sr_order=popularity&srpvid=6f6c76a5d70e0245&srepoch=1778345570&all_sr_blocks=1544816601_425784733_6_0_0&highlighted_blocks=1544816601_425784733_6_0_0&matching_block_id=1544816601_425784733_6_0_0&sr_pri_blocks=1544816601_425784733_6_0_0__5700&from=searchresults,5/9/2026
Assyut,Luxury Apartment in Zamalek,4745,EGP,2,0,1,5,2,Al Walīdīyah,2 km from Asyut,,Apartment,One-Bedroom Apartment,No,,,https://www.booking.com/hotel/eg/apartment-in-assiut-with-ac.html?aid=304142&label=gen173nr-10CAQoggI46wdIMVgEaEOIAQGYATO4ARfIAQzYAQPoAQH4AQGIAgGoAgG4AsvM_c8GwAIB0gIkZmZiODRkNWQtOGU4Zi00NjYxLTkxODQtZjAzMGFiODE4Y2Zm2AIB4AIB&ucfs=1&arphpl=1&checkin=2026-06-01&checkout=2026-06-02&group_adults=2&req_adults=2&no_rooms=1&group_children=0&req_children=0&hpos=12&hapos=12&sr_order=popularity&srpvid=6f6c76a5d70e0245&srepoch=1778345570&all_sr_blocks=1259399701_398543656_3_0_0&highlighted_blocks=1259399701_398543656_3_0_0&matching_block_id=1259399701_398543656_3_0_0&sr_pri_blocks=1259399701_398543656_3_0_0__9000&from=searchresults,5/9/2026
Assyut,فيلا بأسيوط,474480,EGP,2,0,1,,,‘Arab Muţayr,14.1 km from Asyut,,Villa,One-Bedroom Villa,No,,,https://www.booking.com/hotel/eg/fyl-b-sywt.html?aid=304142&label=gen173nr-10CAQoggI46wdIMVgEaEOIAQGYATO4ARfIAQzYAQPoAQH4AQGIAgGoAgG4AsvM_c8GwAIB0gIkZmZiODRkNWQtOGU4Zi00NjYxLTkxODQtZjAzMGFiODE4Y2Zm2AIB4AIB&ucfs=1&arphpl=1&checkin=2026-06-01&checkout=2026-06-02&group_adults=2&req_adults=2&no_rooms=1&group_children=0&req_children=0&hpos=13&hapos=13&sr_order=popularity&srpvid=6f6c76a5d70e0245&srepoch=1778345570&all_sr_blocks=1565527001_427676472_12_0_0&highlighted_blocks=1565527001_427676472_12_0_0&matching_block_id=1565527001_427676472_12_0_0&sr_pri_blocks=1565527001_427676472_12_0_0__900000&from=searchresults,5/9/2026
Al Minya,Savoy Hotel ELMinya,3070,EGP,2,0,1,9.3,296,Minya,300 m from downtown,3,Hotel,Deluxe Double or Twin Room with City View,Yes,Breakfast included,,https://www.booking.com/hotel/eg/savoy-el-minya.html?aid=304142&label=gen173nr-10CAQoggI46wdIMVgEaEOIAQGYATO4ARfIAQzYAQPoAQH4AQGIAgGoAgG4AvbM_c8GwAIB0gIkZjBiOWExODAtYmFhNi00NDFlLWI3MGYtNDIxNjlkYmQ2MjVk2AIB4AIB&ucfs=1&arphpl=1&checkin=2026-06-01&checkout=2026-06-02&group_adults=2&req_adults=2&no_rooms=1&group_children=0&req_children=0&hpos=1&hapos=1&sr_order=popularity&srpvid=67c476bb7e840098&srepoch=1778345595&all_sr_blocks=1012611301_379005641_2_1_0&highlighted_blocks=1012611301_379005641_2_1_0&matching_block_id=1012611301_379005641_2_1_0&sr_pri_blocks=1012611301_379005641_2_1_0__5823&from=searchresults,5/9/2026
Al Minya,Akhenaton Hotel,3585,EGP,2,0,1,7.9,39,Minya,350 m from downtown,,Hotel,Double Room,Yes,Breakfast included,,https://www.booking.com/hotel/eg/akhenaton.html?aid=304142&label=gen173nr-10CAQoggI46wdIMVgEaEOIAQGYATO4ARfIAQzYAQPoAQH4AQGIAgGoAgG4AvbM_c8GwAIB0gIkZjBiOWExODAtYmFhNi00NDFlLWI3MGYtNDIxNjlkYmQ2MjVk2AIB4AIB&ucfs=1&arphpl=1&checkin=2026-06-01&checkout=2026-06-02&group_adults=2&req_adults=2&no_rooms=1&group_children=0&req_children=0&hpos=2&hapos=2&sr_order=popularity&srpvid=67c476bb7e840098&srepoch=1778345595&all_sr_blocks=1329151702_405475254_2_1_0&highlighted_blocks=1329151702_405475254_2_1_0&matching_block_id=1329151702_405475254_2_1_0&sr_pri_blocks=1329151702_405475254_2_1_0__6800&from=searchresults,5/9/2026
Al Minya,Omar El Khayam Al Minya Hotel,3585,EGP,2,0,1,9.3,58,Minya,250 m from downtown,,Hotel,Deluxe Suite,No,Breakfast included,,https://www.booking.com/hotel/eg/omar-el-khayam.html?aid=304142&label=gen173nr-10CAQoggI46wdIMVgEaEOIAQGYATO4ARfIAQzYAQPoAQH4AQGIAgGoAgG4AvbM_c8GwAIB0gIkZjBiOWExODAtYmFhNi00NDFlLWI3MGYtNDIxNjlkYmQ2MjVk2AIB4AIB&ucfs=1&arphpl=1&checkin=2026-06-01&checkout=2026-06-02&group_adults=2&req_adults=2&no_rooms=1&group_children=0&req_children=0&hpos=3&hapos=3&sr_order=popularity&srpvid=67c476bb7e840098&srepoch=1778345595&all_sr_blocks=228932214_425690193_2_41_0&highlighted_blocks=228932214_425690193_2_41_0&matching_block_id=228932214_425690193_2_41_0&sr_pri_blocks=228932214_425690193_2_41_0__6800&from=searchresults,5/9/2026
Al Minya,Elminya Compound,2900,EGP,2,0,1,6.5,61,Minya,1.4 km from downtown,3,Hotel,Standard Single or Double Room,No,Breakfast included,,https://www.booking.com/hotel/eg/minya-compound-of-the-armed-forces.html?aid=304142&label=gen173nr-10CAQoggI46wdIMVgEaEOIAQGYATO4ARfIAQzYAQPoAQH4AQGIAgGoAgG4AvbM_c8GwAIB0gIkZjBiOWExODAtYmFhNi00NDFlLWI3MGYtNDIxNjlkYmQ2MjVk2AIB4AIB&ucfs=1&arphpl=1&checkin=2026-06-01&checkout=2026-06-02&group_adults=2&req_adults=2&no_rooms=1&group_children=0&req_children=0&hpos=4&hapos=4&sr_order=popularity&srpvid=67c476bb7e840098&srepoch=1778345604&all_sr_blocks=165934902_161259068_2_1_0&highlighted_blocks=165934902_161259068_2_1_0&matching_block_id=165934902_161259068_2_1_0&sr_pri_blocks=165934902_161259068_2_1_0__5500&from=searchresults,5/9/2026
Al Minya,The Red Palm,1687,EGP,2,0,1,7,3,Minya,150 m from downtown,,Hotel,Double Room,Yes,,,https://www.booking.com/hotel/eg/the-red-palm.html?aid=304142&label=gen173nr-10CAQoggI46wdIMVgEaEOIAQGYATO4ARfIAQzYAQPoAQH4AQGIAgGoAgG4AvbM_c8GwAIB0gIkZjBiOWExODAtYmFhNi00NDFlLWI3MGYtNDIxNjlkYmQ2MjVk2AIB4AIB&ucfs=1&arphpl=1&checkin=2026-06-01&checkout=2026-06-02&group_adults=2&req_adults=2&no_rooms=1&group_children=0&req_children=0&hpos=5&hapos=5&sr_order=popularity&srpvid=67c476bb7e840098&srepoch=1778345604&all_sr_blocks=1556643801_426795374_2_0_0&highlighted_blocks=1556643801_426795374_2_0_0&matching_block_id=1556643801_426795374_2_0_0&sr_pri_blocks=1556643801_426795374_2_0_0__3200&from=searchresults,5/9/2026
Al Minya,Istanbul HOTEL Minya,2900,EGP,2,0,1,7.4,37,Minya,1.7 km from downtown,3,Hotel,Double Room,No,Breakfast included,,https://www.booking.com/hotel/eg/istanbul-minya.html?aid=304142&label=gen173nr-10CAQoggI46wdIMVgEaEOIAQGYATO4ARfIAQzYAQPoAQH4AQGIAgGoAgG4AvbM_c8GwAIB0gIkZjBiOWExODAtYmFhNi00NDFlLWI3MGYtNDIxNjlkYmQ2MjVk2AIB4AIB&ucfs=1&arphpl=1&checkin=2026-06-01&checkout=2026-06-02&group_adults=2&req_adults=2&no_rooms=1&group_children=0&req_children=0&hpos=6&hapos=6&sr_order=popularity&srpvid=67c476bb7e840098&srepoch=1778345604&all_sr_blocks=1307714202_424773866_0_1_0&highlighted_blocks=1307714202_424773866_0_1_0&matching_block_id=1307714202_424773866_0_1_0&sr_pri_blocks=1307714202_424773866_0_1_0__5500&from=searchresults,5/9/2026
Al Minya,Village Room in the Countryside,1186,EGP,2,0,1,8.6,64,Minya,9.5 km from downtown,,Villa,Triple Room with Bathroom,Yes,All-inclusive,,https://www.booking.com/hotel/eg/village-room-in-the-countryside.html?aid=304142&label=gen173nr-10CAQoggI46wdIMVgEaEOIAQGYATO4ARfIAQzYAQPoAQH4AQGIAgGoAgG4AvbM_c8GwAIB0gIkZjBiOWExODAtYmFhNi00NDFlLWI3MGYtNDIxNjlkYmQ2MjVk2AIB4AIB&ucfs=1&arphpl=1&checkin=2026-06-01&checkout=2026-06-02&group_adults=2&req_adults=2&no_rooms=1&group_children=0&req_children=0&hpos=7&hapos=7&sr_order=popularity&srpvid=67c476bb7e840098&srepoch=1778345604&all_sr_blocks=884575601_362274331_2_85_0&highlighted_blocks=884575601_362274331_2_85_0&matching_block_id=884575601_362274331_2_85_0&sr_pri_blocks=884575601_362274331_2_85_0__2250&from=searchresults,5/9/2026
Al Minya,Apartment in Minya with archaeological tours,2119,EGP,2,0,1,7,4,Minya,3.2 km from downtown,3,Apartment,One-Bedroom Apartment,No,,,https://www.booking.com/hotel/eg/furnished-apartment-mrkz-lmny.html?aid=304142&label=gen173nr-10CAQoggI46wdIMVgEaEOIAQGYATO4ARfIAQzYAQPoAQH4AQGIAgGoAgG4AvbM_c8GwAIB0gIkZjBiOWExODAtYmFhNi00NDFlLWI3MGYtNDIxNjlkYmQ2MjVk2AIB4AIB&ucfs=1&arphpl=1&checkin=2026-06-01&checkout=2026-06-02&group_adults=2&req_adults=2&no_rooms=1&group_children=0&req_children=0&hpos=8&hapos=8&sr_order=popularity&srpvid=67c476bb7e840098&srepoch=1778345604&all_sr_blocks=1087974101_381712710_2_0_0&highlighted_blocks=1087974101_381712710_2_0_0&matching_block_id=1087974101_381712710_2_0_0&sr_pri_blocks=1087974101_381712710_2_0_0__4020&from=searchresults,5/9/2026
Al Minya,Furnished apartment in Minya with archaeological tours,2715,EGP,2,0,1,5.7,3,Minya,3.3 km from downtown,,Apartment,Two-Bedroom Apartment,No,,,https://www.booking.com/hotel/eg/furnished-apartment-in-a-quiet-location.html?aid=304142&label=gen173nr-10CAQoggI46wdIMVgEaEOIAQGYATO4ARfIAQzYAQPoAQH4AQGIAgGoAgG4AvbM_c8GwAIB0gIkZjBiOWExODAtYmFhNi00NDFlLWI3MGYtNDIxNjlkYmQ2MjVk2AIB4AIB&ucfs=1&arphpl=1&checkin=2026-06-01&checkout=2026-06-02&group_adults=2&req_adults=2&no_rooms=1&group_children=0&req_children=0&hpos=9&hapos=9&sr_order=popularity&srpvid=67c476bb7e840098&srepoch=1778345604&all_sr_blocks=1046636101_379410186_2_0_0_48715&highlighted_blocks=1046636101_379410186_2_0_0_48715&matching_block_id=1046636101_379410186_2_0_0_48715&sr_pri_blocks=1046636101_379410186_2_0_0_48715_5150&from=searchresults,5/9/2026
Al Minya,Countryside House,3585,EGP,2,0,1,,,Minya,30.7 km from downtown,,Hotel,Four-Bedroom Vacation Home,Yes,Breakfast included,,https://www.booking.com/hotel/eg/countryside-house.html?aid=304142&label=gen173nr-10CAQoggI46wdIMVgEaEOIAQGYATO4ARfIAQzYAQPoAQH4AQGIAgGoAgG4AvbM_c8GwAIB0gIkZjBiOWExODAtYmFhNi00NDFlLWI3MGYtNDIxNjlkYmQ2MjVk2AIB4AIB&ucfs=1&arphpl=1&checkin=2026-06-01&checkout=2026-06-02&group_adults=2&req_adults=2&no_rooms=1&group_children=0&req_children=0&hpos=10&hapos=10&sr_order=popularity&srpvid=67c476bb7e840098&srepoch=1778345604&all_sr_blocks=1432700501_414835090_2_1_0&highlighted_blocks=1432700501_414835090_2_1_0&matching_block_id=1432700501_414835090_2_1_0&sr_pri_blocks=1432700501_414835090_2_1_0__6800&from=searchresults,5/9/2026
Al Minya,Grand Aton,4745,EGP,2,0,1,6.1,21,Al Ikhşāş,2 km from Minya,3,Hotel,Double or Twin Room with Partial Sea View,Yes,Breakfast included,,https://www.booking.com/hotel/eg/grand-aton-wl-lmny.html?aid=304142&label=gen173nr-10CAQoggI46wdIMVgEaEOIAQGYATO4ARfIAQzYAQPoAQH4AQGIAgGoAgG4AvbM_c8GwAIB0gIkZjBiOWExODAtYmFhNi00NDFlLWI3MGYtNDIxNjlkYmQ2MjVk2AIB4AIB&ucfs=1&arphpl=1&checkin=2026-06-01&checkout=2026-06-02&group_adults=2&req_adults=2&no_rooms=1&group_children=0&req_children=0&hpos=11&hapos=11&sr_order=popularity&srpvid=67c476bb7e840098&srepoch=1778345604&all_sr_blocks=1347204202_409779197_0_1_0&highlighted_blocks=1347204202_409779197_0_1_0&matching_block_id=1347204202_409779197_0_1_0&sr_pri_blocks=1347204202_409779197_0_1_0__9000&from=searchresults,5/9/2026
Al Minya,Holy Family Hotel,5124,EGP,2,0,1,8.5,32,Jabal aţ Ţayr,20.4 km from Minya,,Hotel,Double Room with River View,No,,,https://www.booking.com/hotel/eg/holy-family.html?aid=304142&label=gen173nr-10CAQoggI46wdIMVgEaEOIAQGYATO4ARfIAQzYAQPoAQH4AQGIAgGoAgG4AvbM_c8GwAIB0gIkZjBiOWExODAtYmFhNi00NDFlLWI3MGYtNDIxNjlkYmQ2MjVk2AIB4AIB&ucfs=1&arphpl=1&checkin=2026-06-01&checkout=2026-06-02&group_adults=2&req_adults=2&no_rooms=1&group_children=0&req_children=0&hpos=12&hapos=12&sr_order=popularity&srpvid=67c476bb7e840098&srepoch=1778345604&all_sr_blocks=702943302_418732739_0_42_0&highlighted_blocks=702943302_418732739_0_42_0&matching_block_id=702943302_418732739_0_42_0&sr_pri_blocks=702943302_418732739_0_42_0__9720&from=searchresults,5/9/2026
Al Minya,Mori apartment,4745,EGP,2,0,1,,,An Nu‘mānīyah,20 km from Minya,,Apartment,One-Bedroom Apartment,No,,,https://www.booking.com/hotel/eg/mori-apartment.html?aid=304142&label=gen173nr-10CAQoggI46wdIMVgEaEOIAQGYATO4ARfIAQzYAQPoAQH4AQGIAgGoAgG4AvbM_c8GwAIB0gIkZjBiOWExODAtYmFhNi00NDFlLWI3MGYtNDIxNjlkYmQ2MjVk2AIB4AIB&ucfs=1&arphpl=1&checkin=2026-06-01&checkout=2026-06-02&group_adults=2&req_adults=2&no_rooms=1&group_children=0&req_children=0&hpos=13&hapos=13&sr_order=popularity&srpvid=67c476bb7e840098&srepoch=1778345604&all_sr_blocks=1499130201_421593398_2_0_0&highlighted_blocks=1499130201_421593398_2_0_0&matching_block_id=1499130201_421593398_2_0_0&sr_pri_blocks=1499130201_421593398_2_0_0__9000&from=searchresults,5/9/2026
